pair_id,task,language,pair_class,bounded_equivalent,nominal_test_pass,character_similarity,token_similarity,identifier_normalized_similarity,ast_type_similarity,control_profile_similarity,identifier_multiset_similarity,identifier_style_similarity
mutant::leap_year::python::1,leap_year,python,mutant,0,1,0.9820359281437125,0.9615384615384616,1.0,1.0,1.0,1.0,1.0
mutant::leap_year::python::2,leap_year,python,mutant,0,0,0.6666666666666666,0.631578947368421,0.631578947368421,0.3939393939393939,1.0,0.6,1.0
mutant::leap_year::python::3,leap_year,python,mutant,0,0,0.9518072289156626,0.92,0.92,0.9393939393939394,1.0,1.0,1.0
audit::leap_year::python::lexical::carrier_only,leap_year,python,no_op_transformation,1,1,0.1437125748502994,0.41935483870967744,0.41935483870967744,0.2558139534883721,1.0,0.1724137931034483,0.1724137931034483
audit::leap_year::python::lexical::format,leap_year,python,no_op_transformation,1,1,0.07984790874524715,0.41935483870967744,0.41935483870967744,0.2558139534883721,1.0,0.1724137931034483,0.1724137931034483
audit::leap_year::python::lexical::rename,leap_year,python,no_op_transformation,1,1,0.14011676396997497,0.41935483870967744,0.41935483870967744,0.2558139534883721,1.0,0.1724137931034483,0.1724137931034483
audit::leap_year::python::lexical::normalize,leap_year,python,no_op_transformation,1,1,0.1437125748502994,0.41935483870967744,0.41935483870967744,0.2558139534883721,1.0,0.1724137931034483,0.1724137931034483
audit::leap_year::python::lexical::random_flip,leap_year,python,no_op_transformation,1,1,0.14225232853513972,0.41935483870967744,0.41935483870967744,0.2558139534883721,1.0,0.1724137931034483,0.1724137931034483
audit::leap_year::python::lexical::strip,leap_year,python,no_op_transformation,1,1,1.0,1.0,1.0,1.0,1.0,1.0,1.0
audit::leap_year::python::lexical::mixed,leap_year,python,no_op_transformation,1,1,0.16519174041297935,0.4642857142857143,0.4642857142857143,0.2920353982300885,1.0,0.2,0.19999999999999996
audit::leap_year::python::structural::carrier_only,leap_year,python,no_op_transformation,1,1,0.104542626011201,0.2694300518134715,0.2694300518134715,0.22,0.04,0.25,0.25
audit::leap_year::python::structural::format,leap_year,python,no_op_transformation,1,1,0.06608969315499606,0.2694300518134715,0.2694300518134715,0.22,0.04,0.25,0.25
audit::leap_year::python::structural::rename,leap_year,python,no_op_transformation,1,1,0.104542626011201,0.2694300518134715,0.2694300518134715,0.22,0.04,0.25,0.25
audit::leap_year::python::structural::normalize,leap_year,python,no_op_transformation,1,1,0.11297915265635508,0.35135135135135137,0.35135135135135137,0.3142857142857143,0.04,1.0,1.0
audit::leap_year::python::structural::random_flip,leap_year,python,no_op_transformation,1,1,0.1077613855035279,0.29714285714285715,0.29714285714285715,0.25,0.04,0.35714285714285715,0.3571428571428572
audit::leap_year::python::structural::strip,leap_year,python,no_op_transformation,1,1,1.0,1.0,1.0,1.0,1.0,1.0,1.0
audit::leap_year::python::structural::mixed,leap_year,python,no_op_transformation,1,1,0.14814814814814814,0.3939393939393939,0.3939393939393939,0.34375,0.05555555555555555,0.5555555555555556,0.5555555555555556
audit::leap_year::python::hybrid::carrier_only,leap_year,python,no_op_transformation,1,1,0.12060301507537688,0.325,0.325,0.23404255319148937,0.07692307692307693,0.2,0.19999999999999996
audit::leap_year::python::hybrid::format,leap_year,python,no_op_transformation,1,1,0.07216494845360824,0.325,0.325,0.23404255319148937,0.07692307692307693,0.2,0.19999999999999996
audit::leap_year::python::hybrid::rename,leap_year,python,no_op_transformation,1,1,0.11940298507462686,0.325,0.325,0.23404255319148937,0.07692307692307693,0.2,0.19999999999999996
audit::leap_year::python::hybrid::normalize,leap_year,python,no_op_transformation,1,1,0.12641083521444696,0.38235294117647056,0.38235294117647056,0.28205128205128205,0.07692307692307693,0.29411764705882354,0.2941176470588236
audit::leap_year::python::hybrid::random_flip,leap_year,python,no_op_transformation,1,1,0.12307692307692308,0.35135135135135137,0.35135135135135137,0.2558139534883721,0.07692307692307693,0.23809523809523808,0.23809523809523814
audit::leap_year::python::hybrid::strip,leap_year,python,no_op_transformation,1,1,1.0,1.0,1.0,1.0,1.0,1.0,1.0
audit::leap_year::python::hybrid::mixed,leap_year,python,no_op_transformation,1,1,0.16699801192842942,0.4444444444444444,0.4444444444444444,0.3333333333333333,0.1111111111111111,0.3125,0.3125
mutant::leap_year::javascript::1,leap_year,javascript,mutant,0,1,0.9837837837837838,0.9642857142857143,1.0,1.0,1.0,1.0,1.0
mutant::leap_year::javascript::2,leap_year,javascript,mutant,0,0,0.6993006993006993,0.6666666666666666,0.6666666666666666,0.4782608695652174,1.0,0.6,1.0
mutant::leap_year::javascript::3,leap_year,javascript,mutant,0,0,0.9617486338797814,0.9259259259259259,0.9259259259259259,1.0,1.0,1.0,1.0
audit::leap_year::javascript::lexical::carrier_only,leap_year,javascript,no_op_transformation,1,1,0.1442979053529868,0.3181818181818182,0.3181818181818182,0.19327731092436976,1.0,0.1724137931034483,0.1724137931034483
audit::leap_year::javascript::lexical::format,leap_year,javascript,no_op_transformation,1,1,0.08454545454545455,0.3181818181818182,0.3181818181818182,0.19327731092436976,1.0,0.1724137931034483,0.1724137931034483
audit::leap_year::javascript::lexical::rename,leap_year,javascript,no_op_transformation,1,1,0.14166031987814165,0.3181818181818182,0.3181818181818182,0.19327731092436976,1.0,0.1724137931034483,0.1724137931034483
audit::leap_year::javascript::lexical::normalize,leap_year,javascript,no_op_transformation,1,1,0.1442979053529868,0.3181818181818182,0.3181818181818182,0.19327731092436976,1.0,0.1724137931034483,0.1724137931034483
audit::leap_year::javascript::lexical::random_flip,leap_year,javascript,no_op_transformation,1,1,0.1442979053529868,0.3181818181818182,0.3181818181818182,0.19327731092436976,1.0,0.1724137931034483,0.1724137931034483
audit::leap_year::javascript::lexical::strip,leap_year,javascript,no_op_transformation,1,1,1.0,1.0,1.0,1.0,1.0,1.0,1.0
audit::leap_year::javascript::lexical::mixed,leap_year,javascript,no_op_transformation,1,1,0.17481203007518797,0.3708609271523179,0.3708609271523179,0.23232323232323232,1.0,0.20833333333333334,0.20833333333333337
audit::leap_year::javascript::structural::carrier_only,leap_year,javascript,no_op_transformation,1,1,0.13429602888086642,0.22580645161290322,0.22580645161290322,0.17557251908396945,0.04,0.1724137931034483,0.5862068965517241
audit::leap_year::javascript::structural::format,leap_year,javascript,no_op_transformation,1,1,0.08101045296167247,0.22580645161290322,0.22580645161290322,0.17557251908396945,0.04,0.1724137931034483,0.5862068965517241
audit::leap_year::javascript::structural::rename,leap_year,javascript,no_op_transformation,1,1,0.13429602888086642,0.22580645161290322,0.22580645161290322,0.17557251908396945,0.04,0.1724137931034483,0.5862068965517241
audit::leap_year::javascript::structural::normalize,leap_year,javascript,no_op_transformation,1,1,0.15283483976992604,0.28,0.28,0.323943661971831,0.04,1.0,1.0
audit::leap_year::javascript::structural::random_flip,leap_year,javascript,no_op_transformation,1,1,0.13429602888086642,0.22580645161290322,0.22580645161290322,0.17557251908396945,0.04,0.1724137931034483,0.5862068965517241
audit::leap_year::javascript::structural::strip,leap_year,javascript,no_op_transformation,1,1,1.0,1.0,1.0,1.0,1.0,1.0,1.0
audit::leap_year::javascript::structural::mixed,leap_year,javascript,no_op_transformation,1,1,0.14963797264682221,0.2545454545454545,0.2545454545454545,0.21495327102803738,0.043478260869565216,0.23809523809523808,0.6190476190476191
audit::leap_year::javascript::hybrid::carrier_only,leap_year,javascript,no_op_transformation,1,1,0.14080242240726723,0.2692307692307692,0.2692307692307692,0.19166666666666668,0.07692307692307693,0.18518518518518517,0.37037037037037035
audit::leap_year::javascript::hybrid::format,leap_year,javascript,no_op_transformation,1,1,0.08333333333333333,0.2692307692307692,0.2692307692307692,0.19166666666666668,0.07692307692307693,0.18518518518518517,0.37037037037037035
audit::leap_year::javascript::hybrid::rename,leap_year,javascript,no_op_transformation,1,1,0.1393258426966292,0.2692307692307692,0.2692307692307692,0.19166666666666668,0.07692307692307693,0.18518518518518517,0.37037037037037035
audit::leap_year::javascript::hybrid::normalize,leap_year,javascript,no_op_transformation,1,1,0.1486810551558753,0.2978723404255319,0.2978723404255319,0.24210526315789474,0.07692307692307693,0.29411764705882354,0.2941176470588236
audit::leap_year::javascript::hybrid::random_flip,leap_year,javascript,no_op_transformation,1,1,0.13747228381374724,0.25925925925925924,0.25925925925925924,0.17692307692307693,0.07692307692307693,0.16129032258064516,0.3870967741935484
audit::leap_year::javascript::hybrid::strip,leap_year,javascript,no_op_transformation,1,1,1.0,1.0,1.0,1.0,1.0,1.0,1.0
audit::leap_year::javascript::hybrid::mixed,leap_year,javascript,no_op_transformation,1,1,0.1759697256385998,0.3181818181818182,0.3181818181818182,0.23,0.09090909090909091,0.21739130434782608,0.4347826086956521
mutant::collatz_steps::python::1,collatz_steps,python,mutant,0,0,0.9922879177377892,0.9791666666666666,0.9791666666666666,0.9655172413793104,1.0,1.0,1.0
mutant::collatz_steps::python::2,collatz_steps,python,mutant,0,0,0.9304556354916067,0.8888888888888888,0.8888888888888888,0.8028169014084507,0.75,0.8666666666666667,1.0
mutant::collatz_steps::python::3,collatz_steps,python,mutant,0,0,0.9922879177377892,0.9791666666666666,1.0,1.0,1.0,1.0,1.0
audit::collatz_steps::python::lexical::carrier_only,collatz_steps,python,no_op_transformation,1,1,0.2815884476534296,0.5714285714285714,0.5714285714285714,0.37254901960784315,1.0,0.35135135135135137,0.3513513513513513
audit::collatz_steps::python::lexical::format,collatz_steps,python,no_op_transformation,1,1,0.16810344827586207,0.5714285714285714,0.5714285714285714,0.37254901960784315,1.0,0.35135135135135137,0.3513513513513513
audit::collatz_steps::python::lexical::rename,collatz_steps,python,no_op_transformation,1,1,0.2744546094299789,0.5714285714285714,0.5714285714285714,0.37254901960784315,1.0,0.35135135135135137,0.3513513513513513
audit::collatz_steps::python::lexical::normalize,collatz_steps,python,no_op_transformation,1,1,0.2815884476534296,0.5714285714285714,0.5714285714285714,0.37254901960784315,1.0,0.35135135135135137,0.3513513513513513
audit::collatz_steps::python::lexical::random_flip,collatz_steps,python,no_op_transformation,1,1,0.276792051100071,0.5714285714285714,0.5714285714285714,0.37254901960784315,1.0,0.35135135135135137,0.3513513513513513
audit::collatz_steps::python::lexical::strip,collatz_steps,python,no_op_transformation,1,1,1.0,1.0,1.0,1.0,1.0,1.0,1.0
audit::collatz_steps::python::lexical::mixed,collatz_steps,python,no_op_transformation,1,1,0.3641456582633053,0.6666666666666666,0.6666666666666666,0.47107438016528924,1.0,0.4482758620689655,0.4482758620689655
audit::collatz_steps::python::structural::carrier_only,collatz_steps,python,no_op_transformation,1,1,0.2104695089044792,0.3902439024390244,0.3902439024390244,0.3114754098360656,0.2,0.41935483870967744,0.4193548387096775
audit::collatz_steps::python::structural::format,collatz_steps,python,no_op_transformation,1,1,0.1398852223816356,0.3902439024390244,0.3902439024390244,0.3114754098360656,0.2,0.41935483870967744,0.4193548387096775
audit::collatz_steps::python::structural::rename,collatz_steps,python,no_op_transformation,1,1,0.2104695089044792,0.3902439024390244,0.3902439024390244,0.3114754098360656,0.2,0.41935483870967744,0.4193548387096775
audit::collatz_steps::python::structural::normalize,collatz_steps,python,no_op_transformation,1,1,0.22820362785254536,0.5,0.5,0.4418604651162791,0.2,1.0,1.0
audit::collatz_steps::python::structural::random_flip,collatz_steps,python,no_op_transformation,1,1,0.221969265793967,0.45714285714285713,0.45714285714285713,0.3877551020408163,0.2,0.6842105263157895,0.6842105263157895
audit::collatz_steps::python::structural::strip,collatz_steps,python,no_op_transformation,1,1,1.0,1.0,1.0,1.0,1.0,1.0,1.0
audit::collatz_steps::python::structural::mixed,collatz_steps,python,no_op_transformation,1,1,0.34574468085106386,0.6114649681528662,0.6114649681528662,0.5428571428571428,0.3157894736842105,0.8125,0.8125
audit::collatz_steps::python::hybrid::carrier_only,collatz_steps,python,no_op_transformation,1,1,0.24088943792464484,0.463768115942029,0.463768115942029,0.3392857142857143,0.3333333333333333,0.38235294117647056,0.38235294117647056
audit::collatz_steps::python::hybrid::format,collatz_steps,python,no_op_transformation,1,1,0.15270164447924825,0.463768115942029,0.463768115942029,0.3392857142857143,0.3333333333333333,0.38235294117647056,0.38235294117647056
audit::collatz_steps::python::hybrid::rename,collatz_steps,python,no_op_transformation,1,1,0.23824068417837507,0.463768115942029,0.463768115942029,0.3392857142857143,0.3333333333333333,0.38235294117647056,0.38235294117647056
audit::collatz_steps::python::hybrid::normalize,collatz_steps,python,no_op_transformation,1,1,0.25210084033613445,0.5333333333333333,0.5333333333333333,0.40425531914893614,0.3333333333333333,0.52,0.52
audit::collatz_steps::python::hybrid::random_flip,collatz_steps,python,no_op_transformation,1,1,0.246367656348705,0.5079365079365079,0.5079365079365079,0.38,0.3333333333333333,0.4642857142857143,0.4642857142857143
audit::collatz_steps::python::hybrid::strip,collatz_steps,python,no_op_transformation,1,1,1.0,1.0,1.0,1.0,1.0,1.0,1.0
audit::collatz_steps::python::hybrid::mixed,collatz_steps,python,no_op_transformation,1,1,0.3135048231511254,0.5925925925925926,0.5925925925925926,0.4672131147540984,0.4,0.5652173913043478,0.5652173913043478
mutant::collatz_steps::javascript::1,collatz_steps,javascript,mutant,0,0,0.9923664122137404,0.984375,0.984375,1.0,1.0,1.0,1.0
mutant::collatz_steps::javascript::2,collatz_steps,javascript,mutant,0,0,0.9137529137529138,0.8827586206896552,0.8827586206896552,0.8070175438596491,1.0,0.7894736842105263,0.9614035087719298
mutant::collatz_steps::javascript::3,collatz_steps,javascript,mutant,0,0,0.9923664122137404,0.984375,1.0,1.0,1.0,1.0,1.0
audit::collatz_steps::javascript::lexical::carrier_only,collatz_steps,javascript,no_op_transformation,1,1,0.26354515050167227,0.5161290322580645,0.5161290322580645,0.323943661971831,1.0,0.38461538461538464,0.3846153846153847
audit::collatz_steps::javascript::lexical::format,collatz_steps,javascript,no_op_transformation,1,1,0.16375727348295926,0.5161290322580645,0.5161290322580645,0.323943661971831,1.0,0.38461538461538464,0.3846153846153847
audit::collatz_steps::javascript::lexical::rename,collatz_steps,javascript,no_op_transformation,1,1,0.2590401051939514,0.5161290322580645,0.5161290322580645,0.323943661971831,1.0,0.38461538461538464,0.3846153846153846
audit::collatz_steps::javascript::lexical::normalize,collatz_steps,javascript,no_op_transformation,1,1,0.26354515050167227,0.5161290322580645,0.5161290322580645,0.323943661971831,1.0,0.38461538461538464,0.3846153846153847
audit::collatz_steps::javascript::lexical::random_flip,collatz_steps,javascript,no_op_transformation,1,1,0.2628418945963976,0.5161290322580645,0.5161290322580645,0.323943661971831,1.0,0.38461538461538464,0.3846153846153847
audit::collatz_steps::javascript::lexical::strip,collatz_steps,javascript,no_op_transformation,1,1,1.0,1.0,1.0,1.0,1.0,1.0,1.0
audit::collatz_steps::javascript::lexical::mixed,collatz_steps,javascript,no_op_transformation,1,1,0.3211083944580277,0.5871559633027523,0.5871559633027523,0.3898305084745763,1.0,0.45454545454545453,0.4545454545454546
audit::collatz_steps::javascript::structural::carrier_only,collatz_steps,javascript,no_op_transformation,1,1,0.24517734909769756,0.3950617283950617,0.3950617283950617,0.2893081761006289,0.14285714285714285,0.36585365853658536,0.6829268292682926
audit::collatz_steps::javascript::structural::format,collatz_steps,javascript,no_op_transformation,1,1,0.15647339158061954,0.3950617283950617,0.3950617283950617,0.2893081761006289,0.14285714285714285,0.36585365853658536,0.6829268292682926
audit::collatz_steps::javascript::structural::rename,collatz_steps,javascript,no_op_transformation,1,1,0.24517734909769756,0.3950617283950617,0.3950617283950617,0.2893081761006289,0.14285714285714285,0.36585365853658536,0.6829268292682926
audit::collatz_steps::javascript::structural::normalize,collatz_steps,javascript,no_op_transformation,1,1,0.27649122807017545,0.47058823529411764,0.47058823529411764,0.48936170212765956,0.14285714285714285,1.0,1.0
audit::collatz_steps::javascript::structural::random_flip,collatz_steps,javascript,no_op_transformation,1,1,0.24952501583280556,0.4050632911392405,0.4050632911392405,0.3087248322147651,0.14285714285714285,0.40540540540540543,0.7027027027027026
audit::collatz_steps::javascript::structural::strip,collatz_steps,javascript,no_op_transformation,1,1,1.0,1.0,1.0,1.0,1.0,1.0,1.0
audit::collatz_steps::javascript::structural::mixed,collatz_steps,javascript,no_op_transformation,1,1,0.3149480415667466,0.49230769230769234,0.49230769230769234,0.4107142857142857,0.18181818181818182,0.5555555555555556,0.7777777777777778
audit::collatz_steps::javascript::hybrid::carrier_only,collatz_steps,javascript,no_op_transformation,1,1,0.25272610647851185,0.4444444444444444,0.4444444444444444,0.3006535947712418,0.25,0.36585365853658536,0.5365853658536586
audit::collatz_steps::javascript::hybrid::format,collatz_steps,javascript,no_op_transformation,1,1,0.15951417004048582,0.4444444444444444,0.4444444444444444,0.3006535947712418,0.25,0.36585365853658536,0.5365853658536586
audit::collatz_steps::javascript::hybrid::rename,collatz_steps,javascript,no_op_transformation,1,1,0.2507956715467855,0.4444444444444444,0.4444444444444444,0.3006535947712418,0.25,0.36585365853658536,0.5365853658536586
audit::collatz_steps::javascript::hybrid::normalize,collatz_steps,javascript,no_op_transformation,1,1,0.26967830253251196,0.49230769230769234,0.49230769230769234,0.3898305084745763,0.25,0.5555555555555556,0.5555555555555556
audit::collatz_steps::javascript::hybrid::random_flip,collatz_steps,javascript,no_op_transformation,1,1,0.2573481384715872,0.45714285714285713,0.45714285714285713,0.32167832167832167,0.25,0.40540540540540543,0.5405405405405406
audit::collatz_steps::javascript::hybrid::strip,collatz_steps,javascript,no_op_transformation,1,1,1.0,1.0,1.0,1.0,1.0,1.0,1.0
audit::collatz_steps::javascript::hybrid::mixed,collatz_steps,javascript,no_op_transformation,1,1,0.2669376693766938,0.47232472324723246,0.47232472324723246,0.34328358208955223,0.25,0.4411764705882353,0.5588235294117647
mutant::raindrops::python::1,raindrops,python,mutant,0,0,0.9918256130790191,0.9791666666666666,1.0,1.0,1.0,1.0,1.0
mutant::raindrops::python::2,raindrops,python,mutant,0,0,0.8265895953757225,0.7674418604651163,0.7674418604651163,0.6349206349206349,0.2222222222222222,0.6666666666666666,0.8999999999999999
mutant::raindrops::python::3,raindrops,python,mutant,0,0,0.8641975308641975,0.8705882352941177,0.8705882352941177,0.7666666666666667,0.75,0.8,0.9666666666666667
audit::raindrops::python::lexical::carrier_only,raindrops,python,no_op_transformation,1,1,0.2664735698769008,0.5714285714285714,0.5714285714285714,0.38461538461538464,1.0,0.38461538461538464,0.3846153846153846
audit::raindrops::python::lexical::format,raindrops,python,no_op_transformation,1,1,0.15889464594127806,0.5714285714285714,0.5714285714285714,0.38461538461538464,1.0,0.38461538461538464,0.3846153846153846
audit::raindrops::python::lexical::rename,raindrops,python,no_op_transformation,1,1,0.26304503216583275,0.5714285714285714,0.5714285714285714,0.38461538461538464,1.0,0.38461538461538464,0.3846153846153846
audit::raindrops::python::lexical::normalize,raindrops,python,no_op_transformation,1,1,0.2664735698769008,0.5714285714285714,0.5714285714285714,0.38461538461538464,1.0,0.38461538461538464,0.3846153846153846
audit::raindrops::python::lexical::random_flip,raindrops,python,no_op_transformation,1,1,0.268809349890431,0.5714285714285714,0.5714285714285714,0.38461538461538464,1.0,0.38461538461538464,0.3846153846153846
audit::raindrops::python::lexical::strip,raindrops,python,no_op_transformation,1,1,1.0,1.0,1.0,1.0,1.0,1.0,1.0
audit::raindrops::python::lexical::mixed,raindrops,python,no_op_transformation,1,1,0.32653061224489793,0.64,0.64,0.45454545454545453,1.0,0.45454545454545453,0.4545454545454546
audit::raindrops::python::structural::carrier_only,raindrops,python,no_op_transformation,1,1,0.2092097782831154,0.4383561643835616,0.4383561643835616,0.37735849056603776,0.14285714285714285,0.625,0.625
audit::raindrops::python::structural::format,raindrops,python,no_op_transformation,1,1,0.13659985152190052,0.4383561643835616,0.4383561643835616,0.37735849056603776,0.14285714285714285,0.625,0.625
audit::raindrops::python::structural::rename,raindrops,python,no_op_transformation,1,1,0.2092097782831154,0.4383561643835616,0.4383561643835616,0.37735849056603776,0.14285714285714285,0.625,0.625
audit::raindrops::python::structural::normalize,raindrops,python,no_op_transformation,1,1,0.21813870776526378,0.5,0.5,0.45454545454545453,0.14285714285714285,1.0,1.0
audit::raindrops::python::structural::random_flip,raindrops,python,no_op_transformation,1,1,0.2036524626452684,0.4050632911392405,0.4050632911392405,0.3389830508474576,0.14285714285714285,0.5,0.5
audit::raindrops::python::structural::strip,raindrops,python,no_op_transformation,1,1,1.0,1.0,1.0,1.0,1.0,1.0,1.0
audit::raindrops::python::structural::mixed,raindrops,python,no_op_transformation,1,1,0.3026315789473684,0.5818181818181818,0.5818181818181818,0.5263157894736842,0.21052631578947367,0.8333333333333334,0.8333333333333333
audit::raindrops::python::hybrid::carrier_only,raindrops,python,no_op_transformation,1,1,0.23365079365079366,0.49230769230769234,0.49230769230769234,0.37735849056603776,0.25,0.46875,0.46875
audit::raindrops::python::hybrid::format,raindrops,python,no_op_transformation,1,1,0.14661354581673305,0.49230769230769234,0.49230769230769234,0.37735849056603776,0.25,0.46875,0.46875
audit::raindrops::python::hybrid::rename,raindrops,python,no_op_transformation,1,1,0.2324699936828806,0.49230769230769234,0.49230769230769234,0.37735849056603776,0.25,0.46875,0.46875
audit::raindrops::python::hybrid::normalize,raindrops,python,no_op_transformation,1,1,0.23973941368078175,0.5333333333333333,0.5333333333333333,0.4166666666666667,0.25,0.5555555555555556,0.5555555555555556
audit::raindrops::python::hybrid::random_flip,raindrops,python,no_op_transformation,1,1,0.2324699936828806,0.47761194029850745,0.47761194029850745,0.36363636363636365,0.25,0.4411764705882353,0.4411764705882353
audit::raindrops::python::hybrid::strip,raindrops,python,no_op_transformation,1,1,1.0,1.0,1.0,1.0,1.0,1.0,1.0
audit::raindrops::python::hybrid::mixed,raindrops,python,no_op_transformation,1,1,0.2501699524133243,0.5106382978723404,0.5106382978723404,0.39473684210526316,0.26666666666666666,0.4838709677419355,0.4838709677419355
mutant::raindrops::javascript::1,raindrops,javascript,mutant,0,0,0.9914529914529915,0.9827586206896551,1.0,1.0,1.0,1.0,1.0
mutant::raindrops::javascript::2,raindrops,javascript,mutant,0,0,0.7927927927927928,0.8113207547169812,0.8113207547169812,0.6382978723404256,0.4444444444444444,0.6666666666666666,0.8666666666666667
mutant::raindrops::javascript::3,raindrops,javascript,mutant,0,0,0.8825396825396825,0.8737864077669902,0.8737864077669902,0.7727272727272727,0.75,0.8,0.9833333333333333
audit::raindrops::javascript::lexical::carrier_only,raindrops,javascript,no_op_transformation,1,1,0.24126113776559288,0.4915254237288136,0.4915254237288136,0.3142857142857143,1.0,0.38461538461538464,0.3846153846153847
audit::raindrops::javascript::lexical::format,raindrops,javascript,no_op_transformation,1,1,0.14852320675105485,0.4915254237288136,0.4915254237288136,0.3142857142857143,1.0,0.38461538461538464,0.3846153846153847
audit::raindrops::javascript::lexical::rename,raindrops,javascript,no_op_transformation,1,1,0.23799864773495605,0.4915254237288136,0.4915254237288136,0.3142857142857143,1.0,0.38461538461538464,0.3846153846153846
audit::raindrops::javascript::lexical::normalize,raindrops,javascript,no_op_transformation,1,1,0.24126113776559288,0.4915254237288136,0.4915254237288136,0.3142857142857143,1.0,0.38461538461538464,0.3846153846153847
audit::raindrops::javascript::lexical::random_flip,raindrops,javascript,no_op_transformation,1,1,0.24259131633356307,0.4915254237288136,0.4915254237288136,0.3142857142857143,1.0,0.38461538461538464,0.3846153846153847
audit::raindrops::javascript::lexical::strip,raindrops,javascript,no_op_transformation,1,1,1.0,1.0,1.0,1.0,1.0,1.0,1.0
audit::raindrops::javascript::lexical::mixed,raindrops,javascript,no_op_transformation,1,1,0.3093145869947276,0.5771144278606966,0.5771144278606966,0.39285714285714285,1.0,0.46875,0.46875
audit::raindrops::javascript::structural::carrier_only,raindrops,javascript,no_op_transformation,1,1,0.23112278397898883,0.38666666666666666,0.38666666666666666,0.30985915492957744,0.14285714285714285,0.42857142857142855,0.7142857142857143
audit::raindrops::javascript::structural::format,raindrops,javascript,no_op_transformation,1,1,0.14461791290057519,0.38666666666666666,0.38666666666666666,0.30985915492957744,0.14285714285714285,0.42857142857142855,0.7142857142857143
audit::raindrops::javascript::structural::rename,raindrops,javascript,no_op_transformation,1,1,0.23112278397898883,0.38666666666666666,0.38666666666666666,0.30985915492957744,0.14285714285714285,0.42857142857142855,0.7142857142857143
audit::raindrops::javascript::structural::normalize,raindrops,javascript,no_op_transformation,1,1,0.2545191612436732,0.4461538461538462,0.4461538461538462,0.4782608695652174,0.14285714285714285,1.0,1.0
audit::raindrops::javascript::structural::random_flip,raindrops,javascript,no_op_transformation,1,1,0.22292590246991767,0.3670886075949367,0.3670886075949367,0.2716049382716049,0.14285714285714285,0.3488372093023256,0.6744186046511629
audit::raindrops::javascript::structural::strip,raindrops,javascript,no_op_transformation,1,1,1.0,1.0,1.0,1.0,1.0,1.0,1.0
audit::raindrops::javascript::structural::mixed,raindrops,javascript,no_op_transformation,1,1,0.27202472952086554,0.43609022556390975,0.43609022556390975,0.3464566929133858,0.17391304347826086,0.45454545454545453,0.7272727272727273
audit::raindrops::javascript::hybrid::carrier_only,raindrops,javascript,no_op_transformation,1,1,0.23112278397898883,0.42028985507246375,0.42028985507246375,0.2913907284768212,0.25,0.36585365853658536,0.5365853658536586
audit::raindrops::javascript::hybrid::format,raindrops,javascript,no_op_transformation,1,1,0.14461791290057519,0.42028985507246375,0.42028985507246375,0.2913907284768212,0.25,0.36585365853658536,0.5365853658536586
audit::raindrops::javascript::hybrid::rename,raindrops,javascript,no_op_transformation,1,1,0.2302158273381295,0.42028985507246375,0.42028985507246375,0.2913907284768212,0.25,0.36585365853658536,0.5365853658536586
audit::raindrops::javascript::hybrid::normalize,raindrops,javascript,no_op_transformation,1,1,0.24701754385964914,0.46774193548387094,0.46774193548387094,0.3793103448275862,0.25,0.5555555555555556,0.5555555555555556
audit::raindrops::javascript::hybrid::random_flip,raindrops,javascript,no_op_transformation,1,1,0.23735670937289277,0.43283582089552236,0.43283582089552236,0.3120567375886525,0.25,0.40540540540540543,0.5405405405405406
audit::raindrops::javascript::hybrid::strip,raindrops,javascript,no_op_transformation,1,1,1.0,1.0,1.0,1.0,1.0,1.0,1.0
audit::raindrops::javascript::hybrid::mixed,raindrops,javascript,no_op_transformation,1,1,0.3378119001919386,0.5576923076923077,0.5576923076923077,0.4583333333333333,0.3076923076923077,0.6,0.68
mutant::grains::python::1,grains,python,mutant,0,0,0.9306930693069307,0.875,0.875,0.8125,1.0,1.0,1.0
mutant::grains::python::2,grains,python,mutant,0,0,0.9345794392523364,0.8571428571428571,0.9142857142857143,0.8823529411764706,1.0,1.0,1.0
mutant::grains::python::3,grains,python,mutant,0,0,0.9532710280373832,0.8888888888888888,0.8888888888888888,1.0,1.0,1.0,1.0
audit::grains::python::lexical::carrier_only,grains,python,no_op_transformation,1,1,0.0975609756097561,0.3333333333333333,0.3333333333333333,0.14285714285714285,1.0,0.14285714285714285,0.1428571428571428
audit::grains::python::lexical::format,grains,python,no_op_transformation,1,1,0.05288932419196866,0.3333333333333333,0.3333333333333333,0.14285714285714285,1.0,0.14285714285714285,0.1428571428571428
audit::grains::python::lexical::rename,grains,python,no_op_transformation,1,1,0.09482001755926252,0.3333333333333333,0.3333333333333333,0.14285714285714285,1.0,0.14285714285714285,0.1428571428571428
audit::grains::python::lexical::normalize,grains,python,no_op_transformation,1,1,0.0975609756097561,0.3333333333333333,0.3333333333333333,0.14285714285714285,1.0,0.14285714285714285,0.1428571428571428
audit::grains::python::lexical::random_flip,grains,python,no_op_transformation,1,1,0.09617097061442564,0.3333333333333333,0.3333333333333333,0.14285714285714285,1.0,0.14285714285714285,0.1428571428571428
audit::grains::python::lexical::strip,grains,python,no_op_transformation,1,1,1.0,1.0,1.0,1.0,1.0,1.0,1.0
audit::grains::python::lexical::mixed,grains,python,no_op_transformation,1,1,0.12314709236031927,0.4,0.4,0.18181818181818182,1.0,0.18181818181818182,0.18181818181818188
audit::grains::python::structural::carrier_only,grains,python,no_op_transformation,1,1,0.06945337620578779,0.2,0.2,0.11764705882352941,0.04,0.2,0.19999999999999996
audit::grains::python::structural::format,grains,python,no_op_transformation,1,1,0.043373493975903614,0.2,0.2,0.11764705882352941,0.04,0.2,0.19999999999999996
audit::grains::python::structural::rename,grains,python,no_op_transformation,1,1,0.06945337620578779,0.2,0.2,0.11764705882352941,0.04,0.2,0.19999999999999996
audit::grains::python::structural::normalize,grains,python,no_op_transformation,1,1,0.0756832515767344,0.2727272727272727,0.2727272727272727,0.18181818181818182,0.04,1.0,1.0
audit::grains::python::structural::random_flip,grains,python,no_op_transformation,1,1,0.07243460764587525,0.23076923076923078,0.23076923076923078,0.14285714285714285,0.04,0.3333333333333333,0.33333333333333326
audit::grains::python::structural::strip,grains,python,no_op_transformation,1,1,1.0,1.0,1.0,1.0,1.0,1.0,1.0
audit::grains::python::structural::mixed,grains,python,no_op_transformation,1,1,0.09246575342465753,0.3050847457627119,0.3050847457627119,0.20253164556962025,0.05,0.6666666666666666,0.6666666666666666
audit::grains::python::hybrid::carrier_only,grains,python,no_op_transformation,1,1,0.08237986270022883,0.2608695652173913,0.2608695652173913,0.13559322033898305,0.07692307692307693,0.18181818181818182,0.18181818181818188
audit::grains::python::hybrid::format,grains,python,no_op_transformation,1,1,0.04808548530721282,0.2608695652173913,0.2608695652173913,0.13559322033898305,0.07692307692307693,0.18181818181818182,0.18181818181818188
audit::grains::python::hybrid::rename,grains,python,no_op_transformation,1,1,0.0811419984973704,0.2608695652173913,0.2608695652173913,0.13559322033898305,0.07692307692307693,0.18181818181818182,0.18181818181818188
audit::grains::python::hybrid::normalize,grains,python,no_op_transformation,1,1,0.0855106888361045,0.3,0.3,0.16,0.07692307692307693,0.25,0.25
audit::grains::python::hybrid::random_flip,grains,python,no_op_transformation,1,1,0.08138658628485305,0.2608695652173913,0.2608695652173913,0.13559322033898305,0.07692307692307693,0.18181818181818182,0.18181818181818188
audit::grains::python::hybrid::strip,grains,python,no_op_transformation,1,1,1.0,1.0,1.0,1.0,1.0,1.0,1.0
audit::grains::python::hybrid::mixed,grains,python,no_op_transformation,1,1,0.12175873731679819,0.3829787234042553,0.3829787234042553,0.21052631578947367,0.125,0.2857142857142857,0.2857142857142857
mutant::grains::javascript::1,grains,javascript,mutant,0,0,0.9659863945578231,0.9583333333333334,0.9583333333333334,0.8823529411764706,1.0,1.0,1.0
mutant::grains::javascript::2,grains,javascript,mutant,0,0,0.9536423841059603,0.8979591836734694,0.9387755102040817,0.8333333333333334,1.0,1.0,1.0
mutant::grains::javascript::3,grains,javascript,mutant,0,0,0.961038961038961,0.9056603773584906,0.9056603773584906,0.9444444444444444,1.0,0.8571428571428571,0.9523809523809523
audit::grains::javascript::lexical::carrier_only,grains,javascript,no_op_transformation,1,1,0.12130885873902633,0.29411764705882354,0.29411764705882354,0.1504424778761062,1.0,0.2,0.33333333333333337
audit::grains::javascript::lexical::format,grains,javascript,no_op_transformation,1,1,0.07024029574861368,0.29411764705882354,0.29411764705882354,0.1504424778761062,1.0,0.2,0.33333333333333337
audit::grains::javascript::lexical::rename,grains,javascript,no_op_transformation,1,1,0.11884284597341674,0.29411764705882354,0.29411764705882354,0.1504424778761062,1.0,0.2,0.19999999999999996
audit::grains::javascript::lexical::normalize,grains,javascript,no_op_transformation,1,1,0.12130885873902633,0.29411764705882354,0.29411764705882354,0.1504424778761062,1.0,0.2,0.33333333333333337
audit::grains::javascript::lexical::random_flip,grains,javascript,no_op_transformation,1,1,0.12092283214001591,0.29411764705882354,0.29411764705882354,0.1504424778761062,1.0,0.2,0.33333333333333326
audit::grains::javascript::lexical::strip,grains,javascript,no_op_transformation,1,1,1.0,1.0,1.0,1.0,1.0,1.0,1.0
audit::grains::javascript::lexical::mixed,grains,javascript,no_op_transformation,1,1,0.14165890027958994,0.3333333333333333,0.3333333333333333,0.17525773195876287,1.0,0.23076923076923078,0.35897435897435903
audit::grains::javascript::structural::carrier_only,grains,javascript,no_op_transformation,1,1,0.11135531135531136,0.2032520325203252,0.2032520325203252,0.13076923076923078,0.04,0.1875,0.59375
audit::grains::javascript::structural::format,grains,javascript,no_op_transformation,1,1,0.06678383128295255,0.2032520325203252,0.2032520325203252,0.13076923076923078,0.04,0.1875,0.59375
audit::grains::javascript::structural::rename,grains,javascript,no_op_transformation,1,1,0.11135531135531136,0.2032520325203252,0.2032520325203252,0.13076923076923078,0.04,0.1875,0.59375
audit::grains::javascript::structural::normalize,grains,javascript,no_op_transformation,1,1,0.12848689771766694,0.25773195876288657,0.25773195876288657,0.26153846153846155,0.04,1.0,1.0
audit::grains::javascript::structural::random_flip,grains,javascript,no_op_transformation,1,1,0.11368735976065819,0.21008403361344538,0.21008403361344538,0.14166666666666666,0.04,0.21428571428571427,0.6071428571428572
audit::grains::javascript::structural::strip,grains,javascript,no_op_transformation,1,1,1.0,1.0,1.0,1.0,1.0,1.0,1.0
audit::grains::javascript::structural::mixed,grains,javascript,no_op_transformation,1,1,0.1506442021803766,0.27472527472527475,0.27472527472527475,0.20481927710843373,0.05263157894736842,0.3333333333333333,0.6666666666666667
audit::grains::javascript::hybrid::carrier_only,grains,javascript,no_op_transformation,1,1,0.11683320522674866,0.24271844660194175,0.24271844660194175,0.14285714285714285,0.07692307692307693,0.2,0.5333333333333333
audit::grains::javascript::hybrid::format,grains,javascript,no_op_transformation,1,1,0.06871609403254973,0.24271844660194175,0.24271844660194175,0.14285714285714285,0.07692307692307693,0.2,0.5333333333333333
audit::grains::javascript::hybrid::rename,grains,javascript,no_op_transformation,1,1,0.1155893536121673,0.24271844660194175,0.24271844660194175,0.14285714285714285,0.07692307692307693,0.2,0.4
audit::grains::javascript::hybrid::normalize,grains,javascript,no_op_transformation,1,1,0.12489728841413311,0.27472527472527475,0.27472527472527475,0.19101123595505617,0.07692307692307693,0.3333333333333333,0.4444444444444444
audit::grains::javascript::hybrid::random_flip,grains,javascript,no_op_transformation,1,1,0.11647509578544062,0.24271844660194175,0.24271844660194175,0.14285714285714285,0.07692307692307693,0.2,0.5333333333333333
audit::grains::javascript::hybrid::strip,grains,javascript,no_op_transformation,1,1,1.0,1.0,1.0,1.0,1.0,1.0,1.0
audit::grains::javascript::hybrid::mixed,grains,javascript,no_op_transformation,1,1,0.14353163361661944,0.3048780487804878,0.3048780487804878,0.2073170731707317,0.09090909090909091,0.3333333333333333,0.5
mutant::hamming::python::1,hamming,python,mutant,0,0,0.9895470383275261,0.9767441860465116,0.9767441860465116,0.9583333333333334,1.0,1.0,1.0
mutant::hamming::python::2,hamming,python,mutant,0,0,0.6909090909090909,0.7536231884057971,0.7536231884057971,0.6382978723404256,0.5,0.6470588235294118,1.0
mutant::hamming::python::3,hamming,python,mutant,0,0,0.9828178694158075,0.9772727272727273,0.9772727272727273,0.94,1.0,1.0,1.0
audit::hamming::python::lexical::carrier_only,hamming,python,no_op_transformation,1,1,0.22308288148721922,0.5443037974683544,0.5443037974683544,0.32867132867132864,1.0,0.4146341463414634,0.41463414634146334
audit::hamming::python::lexical::format,hamming,python,no_op_transformation,1,1,0.1293800539083558,0.5443037974683544,0.5443037974683544,0.32867132867132864,1.0,0.4146341463414634,0.41463414634146334
audit::hamming::python::lexical::rename,hamming,python,no_op_transformation,1,1,0.21834723275208492,0.5443037974683544,0.5443037974683544,0.32867132867132864,1.0,0.4146341463414634,0.41463414634146334
audit::hamming::python::lexical::normalize,hamming,python,no_op_transformation,1,1,0.22308288148721922,0.5443037974683544,0.5443037974683544,0.32867132867132864,1.0,0.4146341463414634,0.41463414634146334
audit::hamming::python::lexical::random_flip,hamming,python,no_op_transformation,1,1,0.22170900692840648,0.5443037974683544,0.5443037974683544,0.32867132867132864,1.0,0.4146341463414634,0.41463414634146334
audit::hamming::python::lexical::strip,hamming,python,no_op_transformation,1,1,1.0,1.0,1.0,1.0,1.0,1.0,1.0
audit::hamming::python::lexical::mixed,hamming,python,no_op_transformation,1,1,0.3123644251626898,0.6564885496183206,0.6564885496183206,0.4392523364485981,1.0,0.53125,0.53125
audit::hamming::python::structural::carrier_only,hamming,python,no_op_transformation,1,1,0.16753926701570682,0.38392857142857145,0.38392857142857145,0.2919254658385093,0.14285714285714285,0.5483870967741935,0.5483870967741935
audit::hamming::python::structural::format,hamming,python,no_op_transformation,1,1,0.10851544837980406,0.38392857142857145,0.38392857142857145,0.2919254658385093,0.14285714285714285,0.5483870967741935,0.5483870967741935
audit::hamming::python::structural::rename,hamming,python,no_op_transformation,1,1,0.16753926701570682,0.38392857142857145,0.38392857142857145,0.2919254658385093,0.14285714285714285,0.5483870967741935,0.5483870967741935
audit::hamming::python::structural::normalize,hamming,python,no_op_transformation,1,1,0.179215930304916,0.4725274725274725,0.4725274725274725,0.3949579831932773,0.14285714285714285,1.0,1.0
audit::hamming::python::structural::random_flip,hamming,python,no_op_transformation,1,1,0.17071724955542383,0.4056603773584906,0.4056603773584906,0.31543624161073824,0.14285714285714285,0.6296296296296297,0.6296296296296297
audit::hamming::python::structural::strip,hamming,python,no_op_transformation,1,1,1.0,1.0,1.0,1.0,1.0,1.0,1.0
audit::hamming::python::structural::mixed,hamming,python,no_op_transformation,1,1,0.21735849056603773,0.48863636363636365,0.48863636363636365,0.3949579831932773,0.18181818181818182,0.7391304347826086,0.7391304347826086
audit::hamming::python::hybrid::carrier_only,hamming,python,no_op_transformation,1,1,0.19136212624584717,0.450261780104712,0.450261780104712,0.3092105263157895,0.25,0.4722222222222222,0.4722222222222222
audit::hamming::python::hybrid::format,hamming,python,no_op_transformation,1,1,0.1180327868852459,0.450261780104712,0.450261780104712,0.3092105263157895,0.25,0.4722222222222222,0.4722222222222222
audit::hamming::python::hybrid::rename,hamming,python,no_op_transformation,1,1,0.18959842001316657,0.450261780104712,0.450261780104712,0.3092105263157895,0.25,0.4722222222222222,0.4722222222222222
audit::hamming::python::hybrid::normalize,hamming,python,no_op_transformation,1,1,0.19875776397515527,0.5058823529411764,0.5058823529411764,0.35877862595419846,0.25,0.5862068965517241,0.5862068965517241
audit::hamming::python::hybrid::random_flip,hamming,python,no_op_transformation,1,1,0.19290020093770932,0.4648648648648649,0.4648648648648649,0.3219178082191781,0.25,0.5,0.5
audit::hamming::python::hybrid::strip,hamming,python,no_op_transformation,1,1,1.0,1.0,1.0,1.0,1.0,1.0,1.0
audit::hamming::python::hybrid::mixed,hamming,python,no_op_transformation,1,1,0.2244738893219018,0.5212121212121212,0.5212121212121212,0.373015873015873,0.2857142857142857,0.5666666666666667,0.5666666666666667
mutant::hamming::javascript::1,hamming,javascript,mutant,0,0,0.993103448275862,0.9855072463768116,0.9855072463768116,1.0,1.0,1.0,1.0
mutant::hamming::javascript::2,hamming,javascript,mutant,0,0,0.7038834951456311,0.7851851851851852,0.8,0.8653846153846154,0.6,0.68,0.9523809523809523
mutant::hamming::javascript::3,hamming,javascript,mutant,0,0,0.993103448275862,0.9855072463768116,1.0,1.0,1.0,1.0,1.0
audit::hamming::javascript::lexical::carrier_only,hamming,javascript,no_op_transformation,1,1,0.28440965427266796,0.5348837209302325,0.5348837209302325,0.33793103448275863,1.0,0.4666666666666667,0.4666666666666667
audit::hamming::javascript::lexical::format,hamming,javascript,no_op_transformation,1,1,0.1783960720130933,0.5348837209302325,0.5348837209302325,0.33793103448275863,1.0,0.4666666666666667,0.4666666666666667
audit::hamming::javascript::lexical::rename,hamming,javascript,no_op_transformation,1,1,0.27895073576455537,0.5348837209302325,0.5348837209302325,0.33793103448275863,1.0,0.4666666666666667,0.4666666666666667
audit::hamming::javascript::lexical::normalize,hamming,javascript,no_op_transformation,1,1,0.28440965427266796,0.5348837209302325,0.5348837209302325,0.33793103448275863,1.0,0.4666666666666667,0.4666666666666667
audit::hamming::javascript::lexical::random_flip,hamming,javascript,no_op_transformation,1,1,0.2822006472491909,0.5348837209302325,0.5348837209302325,0.33793103448275863,1.0,0.4666666666666667,0.4666666666666667
audit::hamming::javascript::lexical::strip,hamming,javascript,no_op_transformation,1,1,1.0,1.0,1.0,1.0,1.0,1.0,1.0
audit::hamming::javascript::lexical::mixed,hamming,javascript,no_op_transformation,1,1,0.3550488599348534,0.6188340807174888,0.6188340807174888,0.4188034188034188,1.0,0.5526315789473685,0.5526315789473685
audit::hamming::javascript::structural::carrier_only,hamming,javascript,no_op_transformation,1,1,0.2599880739415623,0.40350877192982454,0.40350877192982454,0.28488372093023256,0.1724137931034483,0.4117647058823529,0.7058823529411765
audit::hamming::javascript::structural::format,hamming,javascript,no_op_transformation,1,1,0.16846986089644514,0.40350877192982454,0.40350877192982454,0.28488372093023256,0.1724137931034483,0.4117647058823529,0.7058823529411765
audit::hamming::javascript::structural::rename,hamming,javascript,no_op_transformation,1,1,0.2599880739415623,0.40350877192982454,0.40350877192982454,0.28488372093023256,0.1724137931034483,0.4117647058823529,0.7058823529411765
audit::hamming::javascript::structural::normalize,hamming,javascript,no_op_transformation,1,1,0.29720518064076346,0.48936170212765956,0.48936170212765956,0.5051546391752577,0.1724137931034483,1.0,1.0
audit::hamming::javascript::structural::random_flip,hamming,javascript,no_op_transformation,1,1,0.27369742623979915,0.4339622641509434,0.4339622641509434,0.34507042253521125,0.1724137931034483,0.5384615384615384,0.7692307692307693
audit::hamming::javascript::structural::strip,hamming,javascript,no_op_transformation,1,1,1.0,1.0,1.0,1.0,1.0,1.0,1.0
audit::hamming::javascript::structural::mixed,hamming,javascript,no_op_transformation,1,1,0.3194139194139194,0.49640287769784175,0.49640287769784175,0.4298245614035088,0.2,0.6774193548387096,0.8387096774193549
audit::hamming::javascript::hybrid::carrier_only,hamming,javascript,no_op_transformation,1,1,0.2703037817730936,0.45695364238410596,0.45695364238410596,0.30434782608695654,0.29411764705882354,0.42857142857142855,0.5918367346938775
audit::hamming::javascript::hybrid::format,hamming,javascript,no_op_transformation,1,1,0.17274167987321712,0.45695364238410596,0.45695364238410596,0.30434782608695654,0.29411764705882354,0.42857142857142855,0.5918367346938775
audit::hamming::javascript::hybrid::rename,hamming,javascript,no_op_transformation,1,1,0.2679778733866011,0.45695364238410596,0.45695364238410596,0.30434782608695654,0.29411764705882354,0.42857142857142855,0.5918367346938775
audit::hamming::javascript::hybrid::normalize,hamming,javascript,no_op_transformation,1,1,0.290473017988008,0.5111111111111111,0.5111111111111111,0.4049586776859504,0.29411764705882354,0.6363636363636364,0.6363636363636364
audit::hamming::javascript::hybrid::random_flip,hamming,javascript,no_op_transformation,1,1,0.27930813581037794,0.4825174825174825,0.4825174825174825,0.3475177304964539,0.29411764705882354,0.5121951219512195,0.6097560975609756
audit::hamming::javascript::hybrid::strip,hamming,javascript,no_op_transformation,1,1,1.0,1.0,1.0,1.0,1.0,1.0,1.0
audit::hamming::javascript::hybrid::mixed,hamming,javascript,no_op_transformation,1,1,0.38859180035650626,0.6133333333333333,0.6133333333333333,0.5,0.38461538461538464,0.7,0.7333333333333333
mutant::isogram::python::1,isogram,python,mutant,0,0,0.7340823970037453,0.7111111111111111,0.8,0.6551724137931034,0.75,0.6,1.0
mutant::isogram::python::2,isogram,python,mutant,0,0,0.8451882845188284,0.8461538461538461,0.8717948717948718,0.8837209302325582,1.0,1.0,1.0
mutant::isogram::python::3,isogram,python,mutant,0,0,0.9551020408163265,0.8837209302325582,0.8837209302325582,0.7647058823529411,1.0,1.0,1.0
audit::isogram::python::lexical::carrier_only,isogram,python,no_op_transformation,1,1,0.188951160928743,0.5135135135135135,0.5135135135135135,0.28888888888888886,1.0,0.3684210526315789,0.368421052631579
audit::isogram::python::lexical::format,isogram,python,no_op_transformation,1,1,0.10805860805860806,0.5135135135135135,0.5135135135135135,0.28888888888888886,1.0,0.3684210526315789,0.368421052631579
audit::isogram::python::lexical::rename,isogram,python,no_op_transformation,1,1,0.186266771902131,0.5135135135135135,0.5135135135135135,0.28888888888888886,1.0,0.3684210526315789,0.368421052631579
audit::isogram::python::lexical::normalize,isogram,python,no_op_transformation,1,1,0.188951160928743,0.5135135135135135,0.5135135135135135,0.28888888888888886,1.0,0.3684210526315789,0.368421052631579
audit::isogram::python::lexical::random_flip,isogram,python,no_op_transformation,1,1,0.19078415521422798,0.5135135135135135,0.5135135135135135,0.28888888888888886,1.0,0.3684210526315789,0.368421052631579
audit::isogram::python::lexical::strip,isogram,python,no_op_transformation,1,1,1.0,1.0,1.0,1.0,1.0,1.0,1.0
audit::isogram::python::lexical::mixed,isogram,python,no_op_transformation,1,1,0.2277992277992278,0.5714285714285714,0.5714285714285714,0.3391304347826087,1.0,0.42424242424242425,0.4242424242424243
audit::isogram::python::structural::carrier_only,isogram,python,no_op_transformation,1,1,0.1450522433927474,0.38190954773869346,0.38190954773869346,0.2826086956521739,0.1111111111111111,0.6086956521739131,0.6086956521739131
audit::isogram::python::structural::format,isogram,python,no_op_transformation,1,1,0.09211553473848556,0.38190954773869346,0.38190954773869346,0.2826086956521739,0.1111111111111111,0.6086956521739131,0.6086956521739131
audit::isogram::python::structural::rename,isogram,python,no_op_transformation,1,1,0.1450522433927474,0.38190954773869346,0.38190954773869346,0.2826086956521739,0.1111111111111111,0.6086956521739131,0.6086956521739131
audit::isogram::python::structural::normalize,isogram,python,no_op_transformation,1,1,0.1517684887459807,0.4418604651162791,0.4418604651162791,0.35135135135135137,0.1111111111111111,1.0,1.0
audit::isogram::python::structural::random_flip,isogram,python,no_op_transformation,1,1,0.1408955223880597,0.35023041474654376,0.35023041474654376,0.25,0.1111111111111111,0.4827586206896552,0.48275862068965525
audit::isogram::python::structural::strip,isogram,python,no_op_transformation,1,1,1.0,1.0,1.0,1.0,1.0,1.0,1.0
audit::isogram::python::structural::mixed,isogram,python,no_op_transformation,1,1,0.19376026272577998,0.4691358024691358,0.4691358024691358,0.3611111111111111,0.15,0.7,0.7
audit::isogram::python::hybrid::carrier_only,isogram,python,no_op_transformation,1,1,0.16468946266573622,0.4418604651162791,0.4418604651162791,0.28888888888888886,0.2,0.4666666666666667,0.4666666666666667
audit::isogram::python::hybrid::format,isogram,python,no_op_transformation,1,1,0.09966216216216216,0.4418604651162791,0.4418604651162791,0.28888888888888886,0.2,0.4666666666666667,0.4666666666666667
audit::isogram::python::hybrid::rename,isogram,python,no_op_transformation,1,1,0.16354816354816354,0.4418604651162791,0.4418604651162791,0.28888888888888886,0.2,0.4666666666666667,0.4666666666666667
audit::isogram::python::hybrid::normalize,isogram,python,no_op_transformation,1,1,0.1684511063526053,0.475,0.475,0.3170731707317073,0.2,0.5384615384615384,0.5384615384615384
audit::isogram::python::hybrid::random_flip,isogram,python,no_op_transformation,1,1,0.16153319644079397,0.41304347826086957,0.41304347826086957,0.2653061224489796,0.2,0.4117647058823529,0.4117647058823529
audit::isogram::python::hybrid::strip,isogram,python,no_op_transformation,1,1,1.0,1.0,1.0,1.0,1.0,1.0,1.0
audit::isogram::python::hybrid::mixed,isogram,python,no_op_transformation,1,1,0.2383838383838384,0.5428571428571428,0.5428571428571428,0.375,0.3,0.5384615384615384,0.5384615384615384
mutant::isogram::javascript::1,isogram,javascript,mutant,0,0,0.702247191011236,0.6821705426356589,0.6976744186046512,0.5961538461538461,0.25,0.6363636363636364,0.925
mutant::isogram::javascript::2,isogram,javascript,mutant,0,0,0.9733333333333334,0.9622641509433962,0.9622641509433962,0.9411764705882353,1.0,1.0,1.0
mutant::isogram::javascript::3,isogram,javascript,mutant,0,0,0.9548387096774194,0.9285714285714286,0.9285714285714286,0.8648648648648649,1.0,0.9411764705882353,0.9926470588235294
audit::isogram::javascript::lexical::carrier_only,isogram,javascript,no_op_transformation,1,1,0.21270521056388295,0.4642857142857143,0.4642857142857143,0.25,1.0,0.4,0.4375
audit::isogram::javascript::lexical::format,isogram,javascript,no_op_transformation,1,1,0.12889273356401384,0.4642857142857143,0.4642857142857143,0.25,1.0,0.4,0.4375
audit::isogram::javascript::lexical::rename,isogram,javascript,no_op_transformation,1,1,0.20912280701754385,0.4642857142857143,0.4642857142857143,0.25,1.0,0.4,0.4
audit::isogram::javascript::lexical::normalize,isogram,javascript,no_op_transformation,1,1,0.21270521056388295,0.4642857142857143,0.4642857142857143,0.25,1.0,0.4,0.4375
audit::isogram::javascript::lexical::random_flip,isogram,javascript,no_op_transformation,1,1,0.21270521056388295,0.4642857142857143,0.4642857142857143,0.25,1.0,0.4,0.4375
audit::isogram::javascript::lexical::strip,isogram,javascript,no_op_transformation,1,1,1.0,1.0,1.0,1.0,1.0,1.0,1.0
audit::isogram::javascript::lexical::mixed,isogram,javascript,no_op_transformation,1,1,0.2991967871485944,0.5810055865921788,0.5810055865921788,0.34782608695652173,1.0,0.5161290322580645,0.5463709677419355
audit::isogram::javascript::structural::carrier_only,isogram,javascript,no_op_transformation,1,1,0.19906479625918505,0.35135135135135137,0.35135135135135137,0.22857142857142856,0.04,0.4,0.7
audit::isogram::javascript::structural::format,isogram,javascript,no_op_transformation,1,1,0.12375415282392027,0.35135135135135137,0.35135135135135137,0.22857142857142856,0.04,0.4,0.7
audit::isogram::javascript::structural::rename,isogram,javascript,no_op_transformation,1,1,0.19906479625918505,0.35135135135135137,0.35135135135135137,0.22857142857142856,0.04,0.4,0.7
audit::isogram::javascript::structural::normalize,isogram,javascript,no_op_transformation,1,1,0.22422874341610233,0.41935483870967744,0.41935483870967744,0.4,0.04,1.0,1.0
audit::isogram::javascript::structural::random_flip,isogram,javascript,no_op_transformation,1,1,0.19906479625918505,0.35135135135135137,0.35135135135135137,0.22857142857142856,0.04,0.4,0.7
audit::isogram::javascript::structural::strip,isogram,javascript,no_op_transformation,1,1,1.0,1.0,1.0,1.0,1.0,1.0,1.0
audit::isogram::javascript::structural::mixed,isogram,javascript,no_op_transformation,1,1,0.26441881100266196,0.45614035087719296,0.45614035087719296,0.36363636363636365,0.05263157894736842,0.6666666666666666,0.8333333333333334
audit::isogram::javascript::hybrid::carrier_only,isogram,javascript,no_op_transformation,1,1,0.20341296928327646,0.3939393939393939,0.3939393939393939,0.2302158273381295,0.07692307692307693,0.38095238095238093,0.5863095238095238
audit::isogram::javascript::hybrid::format,isogram,javascript,no_op_transformation,1,1,0.12542087542087543,0.3939393939393939,0.3939393939393939,0.2302158273381295,0.07692307692307693,0.38095238095238093,0.5863095238095238
audit::isogram::javascript::hybrid::rename,isogram,javascript,no_op_transformation,1,1,0.20203389830508475,0.3939393939393939,0.3939393939393939,0.2302158273381295,0.07692307692307693,0.38095238095238093,0.5476190476190477
audit::isogram::javascript::hybrid::normalize,isogram,javascript,no_op_transformation,1,1,0.21799561082662766,0.4406779661016949,0.4406779661016949,0.3076923076923077,0.07692307692307693,0.5714285714285714,0.5982142857142857
audit::isogram::javascript::hybrid::random_flip,isogram,javascript,no_op_transformation,1,1,0.20795533845080252,0.40625,0.40625,0.24806201550387597,0.07692307692307693,0.42105263157894735,0.5888157894736843
audit::isogram::javascript::hybrid::strip,isogram,javascript,no_op_transformation,1,1,1.0,1.0,1.0,1.0,1.0,1.0,1.0
audit::isogram::javascript::hybrid::mixed,isogram,javascript,no_op_transformation,1,1,0.26395039858281666,0.4928909952606635,0.4928909952606635,0.3333333333333333,0.1,0.5517241379310345,0.6487068965517242
mutant::triangle::python::1,triangle,python,mutant,0,0,0.9918032786885246,0.9558823529411765,0.9558823529411765,0.9354838709677419,1.0,1.0,1.0
mutant::triangle::python::2,triangle,python,mutant,0,0,0.9554140127388535,0.9375,0.9375,0.8444444444444444,1.0,0.8666666666666667,1.0
mutant::triangle::python::3,triangle,python,mutant,0,0,0.9876543209876543,0.9850746268656716,0.9850746268656716,0.9666666666666667,1.0,0.9666666666666667,1.0
audit::triangle::python::lexical::carrier_only,triangle,python,no_op_transformation,1,1,0.3277814790139907,0.6538461538461539,0.6538461538461539,0.4838709677419355,1.0,0.5555555555555556,0.5555555555555556
audit::triangle::python::lexical::format,triangle,python,no_op_transformation,1,1,0.2019704433497537,0.6538461538461539,0.6538461538461539,0.4838709677419355,1.0,0.5555555555555556,0.5555555555555556
audit::triangle::python::lexical::rename,triangle,python,no_op_transformation,1,1,0.3230466185160867,0.6538461538461539,0.6538461538461539,0.4838709677419355,1.0,0.5555555555555556,0.5555555555555556
audit::triangle::python::lexical::normalize,triangle,python,no_op_transformation,1,1,0.3277814790139907,0.6538461538461539,0.6538461538461539,0.4838709677419355,1.0,0.5555555555555556,0.5555555555555556
audit::triangle::python::lexical::random_flip,triangle,python,no_op_transformation,1,1,0.3286573146292585,0.6538461538461539,0.6538461538461539,0.4838709677419355,1.0,0.5555555555555556,0.5555555555555556
audit::triangle::python::lexical::strip,triangle,python,no_op_transformation,1,1,1.0,1.0,1.0,1.0,1.0,1.0,1.0
audit::triangle::python::lexical::mixed,triangle,python,no_op_transformation,1,1,0.4066115702479339,0.7272727272727273,0.7272727272727273,0.569620253164557,1.0,0.6382978723404256,0.6382978723404256
audit::triangle::python::structural::carrier_only,triangle,python,no_op_transformation,1,1,0.25908372827804105,0.5132075471698113,0.5132075471698113,0.46153846153846156,0.22580645161290322,0.7317073170731707,0.7317073170731707
audit::triangle::python::structural::format,triangle,python,no_op_transformation,1,1,0.17360621030345802,0.5132075471698113,0.5132075471698113,0.46153846153846156,0.22580645161290322,0.7317073170731707,0.7317073170731707
audit::triangle::python::structural::rename,triangle,python,no_op_transformation,1,1,0.25908372827804105,0.5132075471698113,0.5132075471698113,0.46153846153846156,0.22580645161290322,0.7317073170731707,0.7317073170731707
audit::triangle::python::structural::normalize,triangle,python,no_op_transformation,1,1,0.27167310877967976,0.5862068965517241,0.5862068965517241,0.5555555555555556,0.22580645161290322,1.0,1.0
audit::triangle::python::structural::random_flip,triangle,python,no_op_transformation,1,1,0.2569190600522193,0.5018450184501845,0.5018450184501845,0.44776119402985076,0.22580645161290322,0.6976744186046512,0.6976744186046512
audit::triangle::python::structural::strip,triangle,python,no_op_transformation,1,1,1.0,1.0,1.0,1.0,1.0,1.0,1.0
audit::triangle::python::structural::mixed,triangle,python,no_op_transformation,1,1,0.346723044397463,0.6238532110091743,0.6238532110091743,0.5769230769230769,0.30434782608695654,0.8333333333333334,0.8333333333333334
audit::triangle::python::hybrid::carrier_only,triangle,python,no_op_transformation,1,1,0.2852173913043478,0.5573770491803278,0.5573770491803278,0.45454545454545453,0.3684210526315789,0.6,0.6
audit::triangle::python::hybrid::format,triangle,python,no_op_transformation,1,1,0.1849624060150376,0.5573770491803278,0.5573770491803278,0.45454545454545453,0.3684210526315789,0.6,0.6
audit::triangle::python::hybrid::rename,triangle,python,no_op_transformation,1,1,0.28422876949740034,0.5573770491803278,0.5573770491803278,0.45454545454545453,0.3684210526315789,0.6,0.6
audit::triangle::python::hybrid::normalize,triangle,python,no_op_transformation,1,1,0.29620710415412405,0.6181818181818182,0.6181818181818182,0.5172413793103449,0.3684210526315789,0.7142857142857143,0.7142857142857143
audit::triangle::python::hybrid::random_flip,triangle,python,no_op_transformation,1,1,0.2926829268292683,0.5862068965517241,0.5862068965517241,0.4838709677419355,0.3684210526315789,0.6521739130434783,0.6521739130434783
audit::triangle::python::hybrid::strip,triangle,python,no_op_transformation,1,1,1.0,1.0,1.0,1.0,1.0,1.0,1.0
audit::triangle::python::hybrid::mixed,triangle,python,no_op_transformation,1,1,0.388318863456985,0.6903553299492385,0.6903553299492385,0.5882352941176471,0.5,0.7317073170731707,0.7317073170731707
mutant::triangle::javascript::1,triangle,javascript,mutant,0,0,0.9917355371900827,0.9625,0.9625,1.0,1.0,1.0,1.0
mutant::triangle::javascript::2,triangle,javascript,mutant,0,0,0.9505376344086022,0.9473684210526315,0.9473684210526315,0.8709677419354839,1.0,0.875,0.9955357142857143
mutant::triangle::javascript::3,triangle,javascript,mutant,0,0,0.9747899159663865,0.9743589743589743,0.9743589743589743,0.9354838709677419,1.0,0.9375,0.9979166666666667
audit::triangle::javascript::lexical::carrier_only,triangle,javascript,no_op_transformation,1,1,0.3048094940662086,0.5714285714285714,0.5714285714285714,0.3924050632911392,1.0,0.5714285714285714,0.5714285714285714
audit::triangle::javascript::lexical::format,triangle,javascript,no_op_transformation,1,1,0.1942675159235669,0.5714285714285714,0.5714285714285714,0.3924050632911392,1.0,0.5714285714285714,0.5714285714285714
audit::triangle::javascript::lexical::rename,triangle,javascript,no_op_transformation,1,1,0.3021671826625387,0.5714285714285714,0.5714285714285714,0.3924050632911392,1.0,0.5714285714285714,0.5714285714285714
audit::triangle::javascript::lexical::normalize,triangle,javascript,no_op_transformation,1,1,0.3048094940662086,0.5714285714285714,0.5714285714285714,0.3924050632911392,1.0,0.5714285714285714,0.5714285714285714
audit::triangle::javascript::lexical::random_flip,triangle,javascript,no_op_transformation,1,1,0.30866540164452877,0.5714285714285714,0.5714285714285714,0.3924050632911392,1.0,0.5714285714285714,0.5714285714285714
audit::triangle::javascript::lexical::strip,triangle,javascript,no_op_transformation,1,1,1.0,1.0,1.0,1.0,1.0,1.0,1.0
audit::triangle::javascript::lexical::mixed,triangle,javascript,no_op_transformation,1,1,0.34634492547906315,0.6153846153846154,0.6153846153846154,0.43661971830985913,1.0,0.6153846153846154,0.6153846153846154
audit::triangle::javascript::structural::carrier_only,triangle,javascript,no_op_transformation,1,1,0.3017934446505875,0.4819277108433735,0.4819277108433735,0.42758620689655175,0.22580645161290322,0.6956521739130435,0.8478260869565217
audit::triangle::javascript::structural::format,triangle,javascript,no_op_transformation,1,1,0.1930379746835443,0.4819277108433735,0.4819277108433735,0.42758620689655175,0.22580645161290322,0.6956521739130435,0.8478260869565217
audit::triangle::javascript::structural::rename,triangle,javascript,no_op_transformation,1,1,0.3017934446505875,0.4819277108433735,0.4819277108433735,0.42758620689655175,0.22580645161290322,0.6956521739130435,0.8478260869565217
audit::triangle::javascript::structural::normalize,triangle,javascript,no_op_transformation,1,1,0.32126398946675444,0.5263157894736842,0.5263157894736842,0.5636363636363636,0.22580645161290322,1.0,1.0
audit::triangle::javascript::structural::random_flip,triangle,javascript,no_op_transformation,1,1,0.27774615822424586,0.43010752688172044,0.43010752688172044,0.31794871794871793,0.22580645161290322,0.48484848484848486,0.7424242424242424
audit::triangle::javascript::structural::strip,triangle,javascript,no_op_transformation,1,1,1.0,1.0,1.0,1.0,1.0,1.0,1.0
audit::triangle::javascript::structural::mixed,triangle,javascript,no_op_transformation,1,1,0.31895424836601305,0.49079754601226994,0.49079754601226994,0.4025974025974026,0.25,0.6153846153846154,0.8076923076923077
audit::triangle::javascript::hybrid::carrier_only,triangle,javascript,no_op_transformation,1,1,0.3078864353312303,0.5333333333333333,0.5333333333333333,0.4305555555555556,0.3684210526315789,0.6666666666666666,0.7083333333333333
audit::triangle::javascript::hybrid::format,triangle,javascript,no_op_transformation,1,1,0.1955128205128205,0.5333333333333333,0.5333333333333333,0.4305555555555556,0.3684210526315789,0.6666666666666666,0.7083333333333333
audit::triangle::javascript::hybrid::rename,triangle,javascript,no_op_transformation,1,1,0.30595611285266455,0.5333333333333333,0.5333333333333333,0.4305555555555556,0.3684210526315789,0.6666666666666666,0.7083333333333333
audit::triangle::javascript::hybrid::normalize,triangle,javascript,no_op_transformation,1,1,0.3134232498394348,0.547945205479452,0.547945205479452,0.4626865671641791,0.3684210526315789,0.7272727272727273,0.7272727272727273
audit::triangle::javascript::hybrid::random_flip,triangle,javascript,no_op_transformation,1,1,0.28824571766095686,0.4819277108433735,0.4819277108433735,0.33695652173913043,0.3684210526315789,0.5,0.65625
audit::triangle::javascript::hybrid::strip,triangle,javascript,no_op_transformation,1,1,1.0,1.0,1.0,1.0,1.0,1.0,1.0
audit::triangle::javascript::hybrid::mixed,triangle,javascript,no_op_transformation,1,1,0.3253333333333333,0.53156146179402,0.53156146179402,0.40789473684210525,0.3684210526315789,0.6037735849056604,0.7169811320754716
mutant::luhn::python::1,luhn,python,mutant,0,0,0.9906790945406125,0.9777777777777777,0.9777777777777777,0.9727272727272728,1.0,1.0,1.0
mutant::luhn::python::2,luhn,python,mutant,0,0,0.7642526964560863,0.7852760736196319,0.7975460122699386,0.8198198198198198,0.5555555555555556,0.8666666666666667,1.0
mutant::luhn::python::3,luhn,python,mutant,0,0,0.9959731543624161,0.9886363636363636,1.0,1.0,1.0,1.0,1.0
audit::luhn::python::lexical::carrier_only,luhn,python,no_op_transformation,1,1,0.4255561893896178,0.7096774193548387,0.7096774193548387,0.5270935960591133,1.0,0.5471698113207547,0.5471698113207547
audit::luhn::python::lexical::format,luhn,python,no_op_transformation,1,1,0.2775297619047619,0.7096774193548387,0.7096774193548387,0.5270935960591133,1.0,0.5471698113207547,0.5471698113207547
audit::luhn::python::lexical::rename,luhn,python,no_op_transformation,1,1,0.41980866629150254,0.7096774193548387,0.7096774193548387,0.5270935960591133,1.0,0.5471698113207547,0.5471698113207547
audit::luhn::python::lexical::normalize,luhn,python,no_op_transformation,1,1,0.4255561893896178,0.7096774193548387,0.7096774193548387,0.5270935960591133,1.0,0.5471698113207547,0.5471698113207547
audit::luhn::python::lexical::random_flip,luhn,python,no_op_transformation,1,1,0.4255561893896178,0.7096774193548387,0.7096774193548387,0.5270935960591133,1.0,0.5471698113207547,0.5471698113207547
audit::luhn::python::lexical::strip,luhn,python,no_op_transformation,1,1,1.0,1.0,1.0,1.0,1.0,1.0,1.0
audit::luhn::python::lexical::mixed,luhn,python,no_op_transformation,1,1,0.4800514800514801,0.7553648068669528,0.7553648068669528,0.5846994535519126,1.0,0.6041666666666666,0.6041666666666666
audit::luhn::python::structural::carrier_only,luhn,python,no_op_transformation,1,1,0.34521055067098566,0.5714285714285714,0.5714285714285714,0.49767441860465117,0.25,0.7073170731707317,0.7073170731707317
audit::luhn::python::structural::format,luhn,python,no_op_transformation,1,1,0.2409560723514212,0.5714285714285714,0.5714285714285714,0.49767441860465117,0.25,0.7073170731707317,0.7073170731707317
audit::luhn::python::structural::rename,luhn,python,no_op_transformation,1,1,0.34521055067098566,0.5714285714285714,0.5714285714285714,0.49767441860465117,0.25,0.7073170731707317,0.7073170731707317
audit::luhn::python::structural::normalize,luhn,python,no_op_transformation,1,1,0.3612590799031477,0.6470588235294118,0.6470588235294118,0.5977653631284916,0.25,1.0,1.0
audit::luhn::python::structural::random_flip,luhn,python,no_op_transformation,1,1,0.34521055067098566,0.5714285714285714,0.5714285714285714,0.49767441860465117,0.25,0.7073170731707317,0.7073170731707317
audit::luhn::python::structural::strip,luhn,python,no_op_transformation,1,1,1.0,1.0,1.0,1.0,1.0,1.0,1.0
audit::luhn::python::structural::mixed,luhn,python,no_op_transformation,1,1,0.43372093023255814,0.6795366795366795,0.6795366795366795,0.6184971098265896,0.32,0.8529411764705882,0.8529411764705882
audit::luhn::python::hybrid::carrier_only,luhn,python,no_op_transformation,1,1,0.38513164687661333,0.6470588235294118,0.6470588235294118,0.5270935960591133,0.4,0.6444444444444445,0.6444444444444445
audit::luhn::python::hybrid::format,luhn,python,no_op_transformation,1,1,0.25974930362116994,0.6470588235294118,0.6470588235294118,0.5270935960591133,0.4,0.6444444444444445,0.6444444444444445
audit::luhn::python::hybrid::rename,luhn,python,no_op_transformation,1,1,0.3819764464925755,0.6470588235294118,0.6470588235294118,0.5270935960591133,0.4,0.6444444444444445,0.6444444444444445
audit::luhn::python::hybrid::normalize,luhn,python,no_op_transformation,1,1,0.3916010498687664,0.676923076923077,0.676923076923077,0.5602094240837696,0.4,0.7073170731707317,0.7073170731707317
audit::luhn::python::hybrid::random_flip,luhn,python,no_op_transformation,1,1,0.37733940313606473,0.6197183098591549,0.6197183098591549,0.49767441860465117,0.4,0.5918367346938775,0.5918367346938775
audit::luhn::python::hybrid::strip,luhn,python,no_op_transformation,1,1,1.0,1.0,1.0,1.0,1.0,1.0,1.0
audit::luhn::python::hybrid::mixed,luhn,python,no_op_transformation,1,1,0.44037780401416765,0.6929133858267716,0.6929133858267716,0.5752688172043011,0.47058823529411764,0.6744186046511628,0.6744186046511628
mutant::luhn::javascript::1,luhn,javascript,mutant,0,0,0.9912609238451935,0.9849624060150376,0.9849624060150376,0.9787234042553191,1.0,1.0,1.0
mutant::luhn::javascript::2,luhn,javascript,mutant,0,0,0.7186147186147186,0.7172995780590717,0.7510548523206751,0.7894736842105263,0.3333333333333333,0.7941176470588235,0.9967672413793104
mutant::luhn::javascript::3,luhn,javascript,mutant,0,0,0.9962264150943396,0.9923664122137404,1.0,1.0,1.0,1.0,1.0
audit::luhn::javascript::lexical::carrier_only,luhn,javascript,no_op_transformation,1,1,0.41610036591740723,0.6858638743455497,0.6858638743455497,0.48936170212765956,1.0,0.5714285714285714,0.5714285714285714
audit::luhn::javascript::lexical::format,luhn,javascript,no_op_transformation,1,1,0.2818696883852691,0.6858638743455497,0.6858638743455497,0.48936170212765956,1.0,0.5714285714285714,0.5714285714285714
audit::luhn::javascript::lexical::rename,luhn,javascript,no_op_transformation,1,1,0.4139365574622985,0.6858638743455497,0.6858638743455497,0.48936170212765956,1.0,0.5714285714285714,0.5714285714285714
audit::luhn::javascript::lexical::normalize,luhn,javascript,no_op_transformation,1,1,0.41610036591740723,0.6858638743455497,0.6858638743455497,0.48936170212765956,1.0,0.5714285714285714,0.5714285714285714
audit::luhn::javascript::lexical::random_flip,luhn,javascript,no_op_transformation,1,1,0.4222811671087533,0.6858638743455497,0.6858638743455497,0.48936170212765956,1.0,0.5714285714285714,0.5714285714285714
audit::luhn::javascript::lexical::strip,luhn,javascript,no_op_transformation,1,1,1.0,1.0,1.0,1.0,1.0,1.0,1.0
audit::luhn::javascript::lexical::mixed,luhn,javascript,no_op_transformation,1,1,0.5516285516285516,0.7891566265060241,0.7891566265060241,0.6216216216216216,1.0,0.6956521739130435,0.6956521739130435
audit::luhn::javascript::structural::carrier_only,luhn,javascript,no_op_transformation,1,1,0.41960991038481815,0.6150234741784038,0.6150234741784038,0.5575757575757576,0.2,0.7619047619047619,0.8809523809523809
audit::luhn::javascript::structural::format,luhn,javascript,no_op_transformation,1,1,0.28347578347578345,0.6150234741784038,0.6150234741784038,0.5575757575757576,0.2,0.7619047619047619,0.8809523809523809
audit::luhn::javascript::structural::rename,luhn,javascript,no_op_transformation,1,1,0.41960991038481815,0.6150234741784038,0.6150234741784038,0.5575757575757576,0.2,0.7619047619047619,0.8809523809523809
audit::luhn::javascript::structural::normalize,luhn,javascript,no_op_transformation,1,1,0.43568691844553914,0.645320197044335,0.645320197044335,0.6571428571428571,0.2,1.0,1.0
audit::luhn::javascript::structural::random_flip,luhn,javascript,no_op_transformation,1,1,0.38031533683707597,0.5435684647302904,0.5435684647302904,0.39148936170212767,0.2,0.45714285714285713,0.7285714285714286
audit::luhn::javascript::structural::strip,luhn,javascript,no_op_transformation,1,1,1.0,1.0,1.0,1.0,1.0,1.0,1.0
audit::luhn::javascript::structural::mixed,luhn,javascript,no_op_transformation,1,1,0.4990595611285266,0.6717948717948717,0.6717948717948717,0.5609756097560976,0.2727272727272727,0.6666666666666666,0.8333333333333334
audit::luhn::javascript::hybrid::carrier_only,luhn,javascript,no_op_transformation,1,1,0.41610036591740723,0.645320197044335,0.645320197044335,0.5139664804469274,0.3333333333333333,0.64,0.7
audit::luhn::javascript::hybrid::format,luhn,javascript,no_op_transformation,1,1,0.2818696883852691,0.645320197044335,0.645320197044335,0.5139664804469274,0.3333333333333333,0.64,0.7
audit::luhn::javascript::hybrid::rename,luhn,javascript,no_op_transformation,1,1,0.4152321335419927,0.645320197044335,0.645320197044335,0.5139664804469274,0.3333333333333333,0.64,0.7
audit::luhn::javascript::hybrid::normalize,luhn,javascript,no_op_transformation,1,1,0.4254409406734367,0.6649746192893401,0.6649746192893401,0.5609756097560976,0.3333333333333333,0.7272727272727273,0.7272727272727273
audit::luhn::javascript::hybrid::random_flip,luhn,javascript,no_op_transformation,1,1,0.4018172640080767,0.6093023255813953,0.6093023255813953,0.44019138755980863,0.3333333333333333,0.5161290322580645,0.6612903225806451
audit::luhn::javascript::hybrid::strip,luhn,javascript,no_op_transformation,1,1,1.0,1.0,1.0,1.0,1.0,1.0,1.0
audit::luhn::javascript::hybrid::mixed,luhn,javascript,no_op_transformation,1,1,0.4649532710280374,0.6805194805194805,0.6805194805194805,0.519774011299435,0.42857142857142855,0.6037735849056604,0.6981132075471698
mutant::darts::python::1,darts,python,mutant,0,1,0.9886363636363636,0.975,1.0,1.0,1.0,1.0,1.0
mutant::darts::python::2,darts,python,mutant,0,0,0.9915014164305949,0.975,1.0,1.0,1.0,1.0,1.0
mutant::darts::python::3,darts,python,mutant,0,0,0.9943181818181818,0.975,0.975,0.9591836734693877,1.0,1.0,1.0
audit::darts::python::lexical::carrier_only,darts,python,no_op_transformation,1,1,0.26241660489251295,0.5263157894736842,0.5263157894736842,0.3333333333333333,1.0,0.3142857142857143,0.3142857142857143
audit::darts::python::lexical::format,darts,python,no_op_transformation,1,1,0.15499124343257442,0.5263157894736842,0.5263157894736842,0.3333333333333333,1.0,0.3142857142857143,0.3142857142857143
audit::darts::python::lexical::rename,darts,python,no_op_transformation,1,1,0.2555956678700361,0.5263157894736842,0.5263157894736842,0.3333333333333333,1.0,0.3142857142857143,0.3142857142857143
audit::darts::python::lexical::normalize,darts,python,no_op_transformation,1,1,0.26241660489251295,0.5263157894736842,0.5263157894736842,0.3333333333333333,1.0,0.3142857142857143,0.3142857142857143
audit::darts::python::lexical::random_flip,darts,python,no_op_transformation,1,1,0.2578295702840495,0.5263157894736842,0.5263157894736842,0.3333333333333333,1.0,0.3142857142857143,0.3142857142857143
audit::darts::python::lexical::strip,darts,python,no_op_transformation,1,1,1.0,1.0,1.0,1.0,1.0,1.0,1.0
audit::darts::python::lexical::mixed,darts,python,no_op_transformation,1,1,0.2942643391521197,0.5714285714285714,0.5714285714285714,0.375,1.0,0.3548387096774194,0.3548387096774194
audit::darts::python::structural::carrier_only,darts,python,no_op_transformation,1,1,0.19482663731425426,0.34782608695652173,0.34782608695652173,0.27586206896551724,0.22580645161290322,0.3793103448275862,0.3793103448275862
audit::darts::python::structural::format,darts,python,no_op_transformation,1,1,0.12863372093023256,0.34782608695652173,0.34782608695652173,0.27586206896551724,0.22580645161290322,0.3793103448275862,0.3793103448275862
audit::darts::python::structural::rename,darts,python,no_op_transformation,1,1,0.19482663731425426,0.34782608695652173,0.34782608695652173,0.27586206896551724,0.22580645161290322,0.3793103448275862,0.3793103448275862
audit::darts::python::structural::normalize,darts,python,no_op_transformation,1,1,0.21159593544530783,0.45454545454545453,0.45454545454545453,0.4,0.22580645161290322,1.0,1.0
audit::darts::python::structural::random_flip,darts,python,no_op_transformation,1,1,0.20569436374201047,0.41237113402061853,0.41237113402061853,0.34782608695652173,0.22580645161290322,0.6470588235294118,0.6470588235294118
audit::darts::python::structural::strip,darts,python,no_op_transformation,1,1,1.0,1.0,1.0,1.0,1.0,1.0,1.0
audit::darts::python::structural::mixed,darts,python,no_op_transformation,1,1,0.2964824120603015,0.547945205479452,0.547945205479452,0.48484848484848486,0.3181818181818182,0.8461538461538461,0.8461538461538461
audit::darts::python::hybrid::carrier_only,darts,python,no_op_transformation,1,1,0.22648752399232247,0.43243243243243246,0.43243243243243246,0.3137254901960784,0.3684210526315789,0.36666666666666664,0.3666666666666667
audit::darts::python::hybrid::format,darts,python,no_op_transformation,1,1,0.14171337069655723,0.43243243243243246,0.43243243243243246,0.3137254901960784,0.3684210526315789,0.36666666666666664,0.3666666666666667
audit::darts::python::hybrid::rename,darts,python,no_op_transformation,1,1,0.22334384858044165,0.43243243243243246,0.43243243243243246,0.3137254901960784,0.3684210526315789,0.36666666666666664,0.3666666666666667
audit::darts::python::hybrid::normalize,darts,python,no_op_transformation,1,1,0.23490378234903783,0.4878048780487805,0.4878048780487805,0.36363636363636365,0.3684210526315789,0.4782608695652174,0.4782608695652174
audit::darts::python::hybrid::random_flip,darts,python,no_op_transformation,1,1,0.22590938098276964,0.44692737430167595,0.44692737430167595,0.32653061224489793,0.3684210526315789,0.39285714285714285,0.3928571428571428
audit::darts::python::hybrid::strip,darts,python,no_op_transformation,1,1,1.0,1.0,1.0,1.0,1.0,1.0,1.0
audit::darts::python::hybrid::mixed,darts,python,no_op_transformation,1,1,0.3355450236966825,0.5925925925925926,0.5925925925925926,0.46601941747572817,0.5,0.55,0.55
mutant::darts::javascript::1,darts,javascript,mutant,0,1,0.9878048780487805,0.98,1.0,1.0,1.0,1.0,1.0
mutant::darts::javascript::2,darts,javascript,mutant,0,0,0.9908814589665653,0.98,1.0,1.0,1.0,1.0,1.0
mutant::darts::javascript::3,darts,javascript,mutant,0,0,0.9939024390243902,0.98,0.98,1.0,1.0,1.0,1.0
audit::darts::javascript::lexical::carrier_only,darts,javascript,no_op_transformation,1,1,0.2312543798177996,0.45454545454545453,0.45454545454545453,0.2727272727272727,1.0,0.3142857142857143,0.3142857142857143
audit::darts::javascript::lexical::format,darts,javascript,no_op_transformation,1,1,0.14114627887082976,0.45454545454545453,0.45454545454545453,0.2727272727272727,1.0,0.3142857142857143,0.3142857142857143
audit::darts::javascript::lexical::rename,darts,javascript,no_op_transformation,1,1,0.22649279341111875,0.45454545454545453,0.45454545454545453,0.2727272727272727,1.0,0.3142857142857143,0.3142857142857143
audit::darts::javascript::lexical::normalize,darts,javascript,no_op_transformation,1,1,0.2312543798177996,0.45454545454545453,0.45454545454545453,0.2727272727272727,1.0,0.3142857142857143,0.3142857142857143
audit::darts::javascript::lexical::random_flip,darts,javascript,no_op_transformation,1,1,0.2293259207783183,0.45454545454545453,0.45454545454545453,0.2727272727272727,1.0,0.3142857142857143,0.3142857142857143
audit::darts::javascript::lexical::strip,darts,javascript,no_op_transformation,1,1,1.0,1.0,1.0,1.0,1.0,1.0,1.0
audit::darts::javascript::lexical::mixed,darts,javascript,no_op_transformation,1,1,0.2727272727272727,0.5128205128205128,0.5128205128205128,0.32142857142857145,1.0,0.36666666666666664,0.3666666666666667
audit::darts::javascript::structural::carrier_only,darts,javascript,no_op_transformation,1,1,0.21005728835136855,0.32894736842105265,0.32894736842105265,0.22641509433962265,0.22580645161290322,0.2682926829268293,0.6341463414634146
audit::darts::javascript::structural::format,darts,javascript,no_op_transformation,1,1,0.13295729250604352,0.32894736842105265,0.32894736842105265,0.22641509433962265,0.22580645161290322,0.2682926829268293,0.6341463414634146
audit::darts::javascript::structural::rename,darts,javascript,no_op_transformation,1,1,0.21005728835136855,0.32894736842105265,0.32894736842105265,0.22641509433962265,0.22580645161290322,0.2682926829268293,0.6341463414634146
audit::darts::javascript::structural::normalize,darts,javascript,no_op_transformation,1,1,0.24246877296105804,0.4098360655737705,0.4098360655737705,0.42857142857142855,0.22580645161290322,1.0,1.0
audit::darts::javascript::structural::random_flip,darts,javascript,no_op_transformation,1,1,0.2219233355749832,0.35714285714285715,0.35714285714285715,0.27906976744186046,0.22580645161290322,0.3793103448275862,0.6896551724137931
audit::darts::javascript::structural::strip,darts,javascript,no_op_transformation,1,1,1.0,1.0,1.0,1.0,1.0,1.0,1.0
audit::darts::javascript::structural::mixed,darts,javascript,no_op_transformation,1,1,0.2920353982300885,0.45045045045045046,0.45045045045045046,0.37894736842105264,0.2916666666666667,0.5238095238095238,0.7619047619047619
audit::darts::javascript::hybrid::carrier_only,darts,javascript,no_op_transformation,1,1,0.22132796780684105,0.38461538461538464,0.38461538461538464,0.2517482517482518,0.3684210526315789,0.2972972972972973,0.4864864864864865
audit::darts::javascript::hybrid::format,darts,javascript,no_op_transformation,1,1,0.13738551207327226,0.38461538461538464,0.38461538461538464,0.2517482517482518,0.3684210526315789,0.2972972972972973,0.4864864864864865
audit::darts::javascript::hybrid::rename,darts,javascript,no_op_transformation,1,1,0.21897810218978103,0.38461538461538464,0.38461538461538464,0.2517482517482518,0.3684210526315789,0.2972972972972973,0.4864864864864865
audit::darts::javascript::hybrid::normalize,darts,javascript,no_op_transformation,1,1,0.23689877961234745,0.43103448275862066,0.43103448275862066,0.3333333333333333,0.3684210526315789,0.4782608695652174,0.4782608695652174
audit::darts::javascript::hybrid::random_flip,darts,javascript,no_op_transformation,1,1,0.22433718558803534,0.3968253968253968,0.3968253968253968,0.2706766917293233,0.3684210526315789,0.3333333333333333,0.48484848484848486
audit::darts::javascript::hybrid::strip,darts,javascript,no_op_transformation,1,1,1.0,1.0,1.0,1.0,1.0,1.0,1.0
audit::darts::javascript::hybrid::mixed,darts,javascript,no_op_transformation,1,1,0.28846153846153844,0.47619047619047616,0.47619047619047616,0.33962264150943394,0.4375,0.4074074074074074,0.5555555555555556
mutant::armstrong::python::1,armstrong,python,mutant,0,0,0.8597285067873304,0.8918918918918919,0.8918918918918919,0.78,1.0,0.7647058823529411,1.0
mutant::armstrong::python::2,armstrong,python,mutant,0,0,0.9538461538461539,0.9523809523809523,0.9523809523809523,0.875,1.0,0.9444444444444444,1.0
mutant::armstrong::python::3,armstrong,python,mutant,0,0,0.9802371541501976,0.975609756097561,0.975609756097561,0.9423076923076923,1.0,1.0,1.0
audit::armstrong::python::lexical::carrier_only,armstrong,python,no_op_transformation,1,1,0.19952114924181963,0.5263157894736842,0.5263157894736842,0.33793103448275863,1.0,0.4146341463414634,0.41463414634146334
audit::armstrong::python::lexical::format,armstrong,python,no_op_transformation,1,1,0.11425959780621572,0.5263157894736842,0.5263157894736842,0.33793103448275863,1.0,0.4146341463414634,0.41463414634146334
audit::armstrong::python::lexical::rename,armstrong,python,no_op_transformation,1,1,0.195160031225605,0.5263157894736842,0.5263157894736842,0.33793103448275863,1.0,0.4146341463414634,0.41463414634146334
audit::armstrong::python::lexical::normalize,armstrong,python,no_op_transformation,1,1,0.19952114924181963,0.5263157894736842,0.5263157894736842,0.33793103448275863,1.0,0.4146341463414634,0.41463414634146334
audit::armstrong::python::lexical::random_flip,armstrong,python,no_op_transformation,1,1,0.19825535289452814,0.5263157894736842,0.5263157894736842,0.33793103448275863,1.0,0.4146341463414634,0.41463414634146334
audit::armstrong::python::lexical::strip,armstrong,python,no_op_transformation,1,1,1.0,1.0,1.0,1.0,1.0,1.0,1.0
audit::armstrong::python::lexical::mixed,armstrong,python,no_op_transformation,1,1,0.22789425706472197,0.5714285714285714,0.5714285714285714,0.3798449612403101,1.0,0.4594594594594595,0.45945945945945943
audit::armstrong::python::structural::carrier_only,armstrong,python,no_op_transformation,1,1,0.148720999405116,0.3669724770642202,0.3669724770642202,0.3006134969325153,0.1111111111111111,0.5483870967741935,0.5483870967741935
audit::armstrong::python::structural::format,armstrong,python,no_op_transformation,1,1,0.095565749235474,0.3669724770642202,0.3669724770642202,0.3006134969325153,0.1111111111111111,0.5483870967741935,0.5483870967741935
audit::armstrong::python::structural::rename,armstrong,python,no_op_transformation,1,1,0.148720999405116,0.3669724770642202,0.3669724770642202,0.3006134969325153,0.1111111111111111,0.5483870967741935,0.5483870967741935
audit::armstrong::python::structural::normalize,armstrong,python,no_op_transformation,1,1,0.15933715742511154,0.45454545454545453,0.45454545454545453,0.4049586776859504,0.1111111111111111,1.0,1.0
audit::armstrong::python::structural::random_flip,armstrong,python,no_op_transformation,1,1,0.15160703456640387,0.3883495145631068,0.3883495145631068,0.32450331125827814,0.1111111111111111,0.6296296296296297,0.6296296296296297
audit::armstrong::python::structural::strip,armstrong,python,no_op_transformation,1,1,1.0,1.0,1.0,1.0,1.0,1.0,1.0
audit::armstrong::python::structural::mixed,armstrong,python,no_op_transformation,1,1,0.2168256721595837,0.5228758169934641,0.5228758169934641,0.46226415094339623,0.15789473684210525,0.85,0.85
audit::armstrong::python::hybrid::carrier_only,armstrong,python,no_op_transformation,1,1,0.17041581458759372,0.43243243243243246,0.43243243243243246,0.3181818181818182,0.2,0.4722222222222222,0.4722222222222222
audit::armstrong::python::hybrid::format,armstrong,python,no_op_transformation,1,1,0.10407993338884262,0.43243243243243246,0.43243243243243246,0.3181818181818182,0.2,0.4722222222222222,0.4722222222222222
audit::armstrong::python::hybrid::rename,armstrong,python,no_op_transformation,1,1,0.1688048615800135,0.43243243243243246,0.43243243243243246,0.3181818181818182,0.2,0.4722222222222222,0.4722222222222222
audit::armstrong::python::hybrid::normalize,armstrong,python,no_op_transformation,1,1,0.1771793054571226,0.4878048780487805,0.4878048780487805,0.3684210526315789,0.2,0.5862068965517241,0.5862068965517241
audit::armstrong::python::hybrid::random_flip,armstrong,python,no_op_transformation,1,1,0.1718213058419244,0.44692737430167595,0.44692737430167595,0.3310810810810811,0.2,0.5,0.5
audit::armstrong::python::hybrid::strip,armstrong,python,no_op_transformation,1,1,1.0,1.0,1.0,1.0,1.0,1.0,1.0
audit::armstrong::python::hybrid::mixed,armstrong,python,no_op_transformation,1,1,0.20868113522537562,0.5161290322580645,0.5161290322580645,0.392,0.25,0.5666666666666667,0.5666666666666667
mutant::armstrong::javascript::1,armstrong,javascript,mutant,0,0,0.8680555555555556,0.9108910891089109,0.9108910891089109,0.8,1.0,0.7777777777777778,0.9682539682539683
mutant::armstrong::javascript::2,armstrong,javascript,mutant,0,0,0.9611940298507463,0.9642857142857143,0.9642857142857143,0.8947368421052632,1.0,0.9473684210526315,0.9941520467836257
mutant::armstrong::javascript::3,armstrong,javascript,mutant,0,0,0.9847094801223242,0.9818181818181818,0.9818181818181818,0.9444444444444444,1.0,1.0,1.0
audit::armstrong::javascript::lexical::carrier_only,armstrong,javascript,no_op_transformation,1,1,0.22704975473020322,0.47368421052631576,0.47368421052631576,0.26153846153846155,1.0,0.42857142857142855,0.4285714285714286
audit::armstrong::javascript::lexical::format,armstrong,javascript,no_op_transformation,1,1,0.13857998289136014,0.47368421052631576,0.47368421052631576,0.26153846153846155,1.0,0.42857142857142855,0.4285714285714286
audit::armstrong::javascript::lexical::rename,armstrong,javascript,no_op_transformation,1,1,0.22329427980702962,0.47368421052631576,0.47368421052631576,0.26153846153846155,1.0,0.42857142857142855,0.4285714285714286
audit::armstrong::javascript::lexical::normalize,armstrong,javascript,no_op_transformation,1,1,0.22704975473020322,0.47368421052631576,0.47368421052631576,0.26153846153846155,1.0,0.42857142857142855,0.4285714285714286
audit::armstrong::javascript::lexical::random_flip,armstrong,javascript,no_op_transformation,1,1,0.22704975473020322,0.47368421052631576,0.47368421052631576,0.26153846153846155,1.0,0.42857142857142855,0.4285714285714286
audit::armstrong::javascript::lexical::strip,armstrong,javascript,no_op_transformation,1,1,1.0,1.0,1.0,1.0,1.0,1.0,1.0
audit::armstrong::javascript::lexical::mixed,armstrong,javascript,no_op_transformation,1,1,0.26865671641791045,0.5320197044334976,0.5320197044334976,0.3090909090909091,1.0,0.4864864864864865,0.4864864864864865
audit::armstrong::javascript::structural::carrier_only,armstrong,javascript,no_op_transformation,1,1,0.21273801707156928,0.36,0.36,0.23943661971830985,0.04,0.42857142857142855,0.7142857142857143
audit::armstrong::javascript::structural::format,armstrong,javascript,no_op_transformation,1,1,0.13311421528348397,0.36,0.36,0.23943661971830985,0.04,0.42857142857142855,0.7142857142857143
audit::armstrong::javascript::structural::rename,armstrong,javascript,no_op_transformation,1,1,0.21273801707156928,0.36,0.36,0.23943661971830985,0.04,0.42857142857142855,0.7142857142857143
audit::armstrong::javascript::structural::normalize,armstrong,javascript,no_op_transformation,1,1,0.23911439114391145,0.42857142857142855,0.42857142857142855,0.4146341463414634,0.04,1.0,1.0
audit::armstrong::javascript::structural::random_flip,armstrong,javascript,no_op_transformation,1,1,0.21273801707156928,0.36,0.36,0.23943661971830985,0.04,0.42857142857142855,0.7142857142857143
audit::armstrong::javascript::structural::strip,armstrong,javascript,no_op_transformation,1,1,1.0,1.0,1.0,1.0,1.0,1.0,1.0
audit::armstrong::javascript::structural::mixed,armstrong,javascript,no_op_transformation,1,1,0.28825622775800713,0.46956521739130436,0.46956521739130436,0.3655913978494624,0.05555555555555555,0.6428571428571429,0.8214285714285714
audit::armstrong::javascript::hybrid::carrier_only,armstrong,javascript,no_op_transformation,1,1,0.21966101694915255,0.4090909090909091,0.4090909090909091,0.25,0.07692307692307693,0.42857142857142855,0.5714285714285715
audit::armstrong::javascript::hybrid::format,armstrong,javascript,no_op_transformation,1,1,0.1357921207041073,0.4090909090909091,0.4090909090909091,0.25,0.07692307692307693,0.42857142857142855,0.5714285714285715
audit::armstrong::javascript::hybrid::rename,armstrong,javascript,no_op_transformation,1,1,0.2178883658372562,0.4090909090909091,0.4090909090909091,0.25,0.07692307692307693,0.42857142857142855,0.5714285714285715
audit::armstrong::javascript::hybrid::normalize,armstrong,javascript,no_op_transformation,1,1,0.23292595255212079,0.45,0.45,0.32075471698113206,0.07692307692307693,0.6,0.6000000000000001
audit::armstrong::javascript::hybrid::random_flip,armstrong,javascript,no_op_transformation,1,1,0.21966101694915255,0.4090909090909091,0.4090909090909091,0.25,0.07692307692307693,0.42857142857142855,0.5714285714285715
audit::armstrong::javascript::hybrid::strip,armstrong,javascript,no_op_transformation,1,1,1.0,1.0,1.0,1.0,1.0,1.0,1.0
audit::armstrong::javascript::hybrid::mixed,armstrong,javascript,no_op_transformation,1,1,0.2660098522167488,0.48214285714285715,0.48214285714285715,0.3177570093457944,0.1,0.5294117647058824,0.6176470588235294
mutant::nucleotide_count::python::1,nucleotide_count,python,mutant,0,1,0.5368421052631579,0.46153846153846156,0.5846153846153846,0.43243243243243246,0.5,0.18181818181818182,0.6805555555555556
mutant::nucleotide_count::python::2,nucleotide_count,python,mutant,0,0,0.5795454545454546,0.5,0.6333333333333333,0.45454545454545453,0.5,0.21052631578947367,0.6583333333333333
mutant::nucleotide_count::python::3,nucleotide_count,python,mutant,0,0,0.5463917525773195,0.44776119402985076,0.5671641791044776,0.4,0.5,0.18181818181818182,0.6805555555555556
audit::nucleotide_count::python::lexical::carrier_only,nucleotide_count,python,no_op_transformation,1,1,0.12706701479547433,0.3684210526315789,0.3684210526315789,0.16521739130434782,1.0,0.25,0.25
audit::nucleotide_count::python::lexical::format,nucleotide_count,python,no_op_transformation,1,1,0.07005758157389635,0.3684210526315789,0.3684210526315789,0.16521739130434782,1.0,0.25,0.25
audit::nucleotide_count::python::lexical::rename,nucleotide_count,python,no_op_transformation,1,1,0.12404418011894647,0.3684210526315789,0.3684210526315789,0.16521739130434782,1.0,0.25,0.25
audit::nucleotide_count::python::lexical::normalize,nucleotide_count,python,no_op_transformation,1,1,0.12706701479547433,0.3684210526315789,0.3684210526315789,0.16521739130434782,1.0,0.25,0.25
audit::nucleotide_count::python::lexical::random_flip,nucleotide_count,python,no_op_transformation,1,1,0.12618841832324978,0.3684210526315789,0.3684210526315789,0.16521739130434782,1.0,0.25,0.25
audit::nucleotide_count::python::lexical::strip,nucleotide_count,python,no_op_transformation,1,1,1.0,1.0,1.0,1.0,1.0,1.0,1.0
audit::nucleotide_count::python::lexical::mixed,nucleotide_count,python,no_op_transformation,1,1,0.17739975698663427,0.4666666666666667,0.4666666666666667,0.2289156626506024,1.0,0.3333333333333333,0.33333333333333337
audit::nucleotide_count::python::structural::carrier_only,nucleotide_count,python,no_op_transformation,1,1,0.09258084971464807,0.23333333333333334,0.23333333333333334,0.14285714285714285,0.07692307692307693,0.36363636363636365,0.36363636363636365
audit::nucleotide_count::python::structural::format,nucleotide_count,python,no_op_transformation,1,1,0.058121019108280256,0.23333333333333334,0.23333333333333334,0.14285714285714285,0.07692307692307693,0.36363636363636365,0.36363636363636365
audit::nucleotide_count::python::structural::rename,nucleotide_count,python,no_op_transformation,1,1,0.09258084971464807,0.23333333333333334,0.23333333333333334,0.14285714285714285,0.07692307692307693,0.36363636363636365,0.36363636363636365
audit::nucleotide_count::python::structural::normalize,nucleotide_count,python,no_op_transformation,1,1,0.09965870307167235,0.30434782608695654,0.30434782608695654,0.2087912087912088,0.07692307692307693,1.0,1.0
audit::nucleotide_count::python::structural::random_flip,nucleotide_count,python,no_op_transformation,1,1,0.09449838187702266,0.25,0.25,0.15702479338842976,0.07692307692307693,0.4444444444444444,0.4444444444444444
audit::nucleotide_count::python::structural::strip,nucleotide_count,python,no_op_transformation,1,1,1.0,1.0,1.0,1.0,1.0,1.0,1.0
audit::nucleotide_count::python::structural::mixed,nucleotide_count,python,no_op_transformation,1,1,0.10895522388059702,0.2978723404255319,0.2978723404255319,0.1958762886597938,0.08695652173913043,0.6153846153846154,0.6153846153846154
audit::nucleotide_count::python::hybrid::carrier_only,nucleotide_count,python,no_op_transformation,1,1,0.10633648943918426,0.28,0.28,0.14960629921259844,0.14285714285714285,0.2857142857142857,0.2857142857142857
audit::nucleotide_count::python::hybrid::format,nucleotide_count,python,no_op_transformation,1,1,0.0632582322357019,0.28,0.28,0.14960629921259844,0.14285714285714285,0.2857142857142857,0.2857142857142857
audit::nucleotide_count::python::hybrid::rename,nucleotide_count,python,no_op_transformation,1,1,0.10541516245487365,0.28,0.28,0.14960629921259844,0.14285714285714285,0.2857142857142857,0.2857142857142857
audit::nucleotide_count::python::hybrid::normalize,nucleotide_count,python,no_op_transformation,1,1,0.11153552330022919,0.3333333333333333,0.3333333333333333,0.18446601941747573,0.14285714285714285,0.4,0.4
audit::nucleotide_count::python::hybrid::random_flip,nucleotide_count,python,no_op_transformation,1,1,0.10887397464578673,0.30434782608695654,0.30434782608695654,0.16521739130434782,0.14285714285714285,0.3333333333333333,0.33333333333333337
audit::nucleotide_count::python::hybrid::strip,nucleotide_count,python,no_op_transformation,1,1,1.0,1.0,1.0,1.0,1.0,1.0,1.0
audit::nucleotide_count::python::hybrid::mixed,nucleotide_count,python,no_op_transformation,1,1,0.12207357859531773,0.33070866141732286,0.33070866141732286,0.18095238095238095,0.16666666666666666,0.34782608695652173,0.34782608695652173
mutant::nucleotide_count::javascript::1,nucleotide_count,javascript,mutant,0,1,0.8592592592592593,0.7931034482758621,0.7931034482758621,0.7209302325581395,1.0,0.5416666666666666,0.8076923076923077
mutant::nucleotide_count::javascript::2,nucleotide_count,javascript,mutant,0,0,0.9354838709677419,0.9387755102040817,0.9387755102040817,0.8857142857142857,0.6666666666666666,0.8666666666666667,0.9743589743589743
mutant::nucleotide_count::javascript::3,nucleotide_count,javascript,mutant,0,0,0.8315412186379928,0.8518518518518519,0.8518518518518519,0.7560975609756098,0.5,0.7647058823529411,0.9547511312217195
audit::nucleotide_count::javascript::lexical::carrier_only,nucleotide_count,javascript,no_op_transformation,1,1,0.17475728155339806,0.4339622641509434,0.4339622641509434,0.2440944881889764,1.0,0.35135135135135137,0.3513513513513513
audit::nucleotide_count::javascript::lexical::format,nucleotide_count,javascript,no_op_transformation,1,1,0.104,0.4339622641509434,0.4339622641509434,0.2440944881889764,1.0,0.35135135135135137,0.3513513513513513
audit::nucleotide_count::javascript::lexical::rename,nucleotide_count,javascript,no_op_transformation,1,1,0.1719324026451139,0.4339622641509434,0.4339622641509434,0.2440944881889764,1.0,0.35135135135135137,0.3513513513513513
audit::nucleotide_count::javascript::lexical::normalize,nucleotide_count,javascript,no_op_transformation,1,1,0.17475728155339806,0.4339622641509434,0.4339622641509434,0.2440944881889764,1.0,0.35135135135135137,0.3513513513513513
audit::nucleotide_count::javascript::lexical::random_flip,nucleotide_count,javascript,no_op_transformation,1,1,0.1752808988764045,0.4339622641509434,0.4339622641509434,0.2440944881889764,1.0,0.35135135135135137,0.3513513513513513
audit::nucleotide_count::javascript::lexical::strip,nucleotide_count,javascript,no_op_transformation,1,1,1.0,1.0,1.0,1.0,1.0,1.0,1.0
audit::nucleotide_count::javascript::lexical::mixed,nucleotide_count,javascript,no_op_transformation,1,1,0.20967741935483872,0.4919786096256685,0.4919786096256685,0.2897196261682243,1.0,0.40625,0.40625
audit::nucleotide_count::javascript::structural::carrier_only,nucleotide_count,javascript,no_op_transformation,1,1,0.1649048625792812,0.32857142857142857,0.32857142857142857,0.23134328358208955,0.07692307692307693,0.37142857142857144,0.6857142857142857
audit::nucleotide_count::javascript::structural::format,nucleotide_count,javascript,no_op_transformation,1,1,0.10042918454935622,0.32857142857142857,0.32857142857142857,0.23134328358208955,0.07692307692307693,0.37142857142857144,0.6857142857142857
audit::nucleotide_count::javascript::structural::rename,nucleotide_count,javascript,no_op_transformation,1,1,0.1649048625792812,0.32857142857142857,0.32857142857142857,0.23134328358208955,0.07692307692307693,0.37142857142857144,0.6857142857142857
audit::nucleotide_count::javascript::structural::normalize,nucleotide_count,javascript,no_op_transformation,1,1,0.18498023715415018,0.3898305084745763,0.3898305084745763,0.3924050632911392,0.07692307692307693,1.0,1.0
audit::nucleotide_count::javascript::structural::random_flip,nucleotide_count,javascript,no_op_transformation,1,1,0.16171389080856946,0.3194444444444444,0.3194444444444444,0.2152777777777778,0.07692307692307693,0.3333333333333333,0.6666666666666667
audit::nucleotide_count::javascript::structural::strip,nucleotide_count,javascript,no_op_transformation,1,1,1.0,1.0,1.0,1.0,1.0,1.0,1.0
audit::nucleotide_count::javascript::structural::mixed,nucleotide_count,javascript,no_op_transformation,1,1,0.23283582089552238,0.4339622641509434,0.4339622641509434,0.3333333333333333,0.1111111111111111,0.52,0.76
audit::nucleotide_count::javascript::hybrid::carrier_only,nucleotide_count,javascript,no_op_transformation,1,1,0.17067833698030635,0.3770491803278688,0.3770491803278688,0.2421875,0.14285714285714285,0.37142857142857144,0.5142857142857142
audit::nucleotide_count::javascript::hybrid::format,nucleotide_count,javascript,no_op_transformation,1,1,0.10254163014899212,0.3770491803278688,0.3770491803278688,0.2421875,0.14285714285714285,0.37142857142857144,0.5142857142857142
audit::nucleotide_count::javascript::hybrid::rename,nucleotide_count,javascript,no_op_transformation,1,1,0.16919739696312364,0.3770491803278688,0.3770491803278688,0.2421875,0.14285714285714285,0.37142857142857144,0.5142857142857142
audit::nucleotide_count::javascript::hybrid::normalize,nucleotide_count,javascript,no_op_transformation,1,1,0.17986164488854728,0.4107142857142857,0.4107142857142857,0.30097087378640774,0.14285714285714285,0.52,0.52
audit::nucleotide_count::javascript::hybrid::random_flip,nucleotide_count,javascript,no_op_transformation,1,1,0.16726233023588277,0.36507936507936506,0.36507936507936506,0.2246376811594203,0.14285714285714285,0.3333333333333333,0.5128205128205128
audit::nucleotide_count::javascript::hybrid::strip,nucleotide_count,javascript,no_op_transformation,1,1,1.0,1.0,1.0,1.0,1.0,1.0,1.0
audit::nucleotide_count::javascript::hybrid::mixed,nucleotide_count,javascript,no_op_transformation,1,1,0.18266978922716628,0.39316239316239315,0.39316239316239315,0.25833333333333336,0.14285714285714285,0.3939393939393939,0.5454545454545454
mutant::reverse_text::python::1,reverse_text,python,mutant,0,0,0.9041095890410958,0.7272727272727273,0.7272727272727273,0.5384615384615384,1.0,1.0,1.0
mutant::reverse_text::python::2,reverse_text,python,mutant,0,0,0.7878787878787878,0.8235294117647058,0.8235294117647058,0.6190476190476191,0.3333333333333333,0.6,1.0
mutant::reverse_text::python::3,reverse_text,python,mutant,0,0,0.6346153846153846,0.48484848484848486,0.48484848484848486,0.45,1.0,0.5,1.0
audit::reverse_text::python::lexical::carrier_only,reverse_text,python,no_op_transformation,1,1,0.07386888273314866,0.28,0.28,0.11926605504587157,1.0,0.1111111111111111,0.11111111111111116
audit::reverse_text::python::lexical::format,reverse_text,python,no_op_transformation,1,1,0.03964321110009911,0.28,0.28,0.11926605504587157,1.0,0.1111111111111111,0.11111111111111116
audit::reverse_text::python::lexical::rename,reverse_text,python,no_op_transformation,1,1,0.07200720072007201,0.28,0.28,0.11926605504587157,1.0,0.1111111111111111,0.11111111111111116
audit::reverse_text::python::lexical::normalize,reverse_text,python,no_op_transformation,1,1,0.07386888273314866,0.28,0.28,0.11926605504587157,1.0,0.1111111111111111,0.11111111111111116
audit::reverse_text::python::lexical::random_flip,reverse_text,python,no_op_transformation,1,1,0.07332722273143905,0.28,0.28,0.11926605504587157,1.0,0.1111111111111111,0.11111111111111116
audit::reverse_text::python::lexical::strip,reverse_text,python,no_op_transformation,1,1,1.0,1.0,1.0,1.0,1.0,1.0,1.0
audit::reverse_text::python::lexical::mixed,reverse_text,python,no_op_transformation,1,1,0.09489916963226572,0.34146341463414637,0.34146341463414637,0.15294117647058825,1.0,0.14285714285714285,0.1428571428571428
audit::reverse_text::python::structural::carrier_only,reverse_text,python,no_op_transformation,1,1,0.05294506949040371,0.1686746987951807,0.1686746987951807,0.10236220472440945,0.04,0.17647058823529413,0.17647058823529416
audit::reverse_text::python::structural::format,reverse_text,python,no_op_transformation,1,1,0.032706459525756335,0.1686746987951807,0.1686746987951807,0.10236220472440945,0.04,0.17647058823529413,0.17647058823529416
audit::reverse_text::python::structural::rename,reverse_text,python,no_op_transformation,1,1,0.05294506949040371,0.1686746987951807,0.1686746987951807,0.10236220472440945,0.04,0.17647058823529413,0.17647058823529416
audit::reverse_text::python::structural::normalize,reverse_text,python,no_op_transformation,1,1,0.057183702644746245,0.22580645161290322,0.22580645161290322,0.15294117647058825,0.04,1.0,1.0
audit::reverse_text::python::structural::random_flip,reverse_text,python,no_op_transformation,1,1,0.054090601757944556,0.18181818181818182,0.18181818181818182,0.11304347826086956,0.04,0.23076923076923078,0.23076923076923084
audit::reverse_text::python::structural::strip,reverse_text,python,no_op_transformation,1,1,1.0,1.0,1.0,1.0,1.0,1.0,1.0
audit::reverse_text::python::structural::mixed,reverse_text,python,no_op_transformation,1,1,0.08072653884964683,0.2692307692307692,0.2692307692307692,0.1780821917808219,0.058823529411764705,0.42857142857142855,0.4285714285714286
audit::reverse_text::python::hybrid::carrier_only,reverse_text,python,no_op_transformation,1,1,0.06264682850430697,0.2204724409448819,0.2204724409448819,0.11607142857142858,0.07692307692307693,0.15,0.15000000000000002
audit::reverse_text::python::hybrid::format,reverse_text,python,no_op_transformation,1,1,0.03616636528028933,0.2204724409448819,0.2204724409448819,0.11607142857142858,0.07692307692307693,0.15,0.15000000000000002
audit::reverse_text::python::hybrid::rename,reverse_text,python,no_op_transformation,1,1,0.06177606177606178,0.2204724409448819,0.2204724409448819,0.11607142857142858,0.07692307692307693,0.15,0.15000000000000002
audit::reverse_text::python::hybrid::normalize,reverse_text,python,no_op_transformation,1,1,0.0646725949878739,0.25,0.25,0.13402061855670103,0.07692307692307693,0.2,0.19999999999999996
audit::reverse_text::python::hybrid::random_flip,reverse_text,python,no_op_transformation,1,1,0.06130268199233716,0.21052631578947367,0.21052631578947367,0.11016949152542373,0.07692307692307693,0.13636363636363635,0.13636363636363635
audit::reverse_text::python::hybrid::strip,reverse_text,python,no_op_transformation,1,1,1.0,1.0,1.0,1.0,1.0,1.0,1.0
audit::reverse_text::python::hybrid::mixed,reverse_text,python,no_op_transformation,1,1,0.09060022650056625,0.3010752688172043,0.3010752688172043,0.16666666666666666,0.1111111111111111,0.21428571428571427,0.2142857142857143
mutant::reverse_text::javascript::1,reverse_text,javascript,mutant,0,0,0.7619047619047619,0.6060606060606061,0.6060606060606061,0.5384615384615384,1.0,0.6,1.0
mutant::reverse_text::javascript::2,reverse_text,javascript,mutant,0,0,0.9014084507042254,0.8518518518518519,0.8518518518518519,0.7222222222222222,1.0,0.8333333333333334,1.0
mutant::reverse_text::javascript::3,reverse_text,javascript,mutant,0,0,0.9411764705882353,0.92,0.92,0.8666666666666667,1.0,0.8333333333333334,1.0
audit::reverse_text::javascript::lexical::carrier_only,reverse_text,javascript,no_op_transformation,1,1,0.10594947025264874,0.27710843373493976,0.27710843373493976,0.11926605504587157,1.0,0.1724137931034483,0.1724137931034483
audit::reverse_text::javascript::lexical::format,reverse_text,javascript,no_op_transformation,1,1,0.0608044901777362,0.27710843373493976,0.27710843373493976,0.11926605504587157,1.0,0.1724137931034483,0.1724137931034483
audit::reverse_text::javascript::lexical::rename,reverse_text,javascript,no_op_transformation,1,1,0.10342084327764518,0.27710843373493976,0.27710843373493976,0.11926605504587157,1.0,0.1724137931034483,0.1724137931034483
audit::reverse_text::javascript::lexical::normalize,reverse_text,javascript,no_op_transformation,1,1,0.10594947025264874,0.27710843373493976,0.27710843373493976,0.11926605504587157,1.0,0.1724137931034483,0.1724137931034483
audit::reverse_text::javascript::lexical::random_flip,reverse_text,javascript,no_op_transformation,1,1,0.10492332526230831,0.27710843373493976,0.27710843373493976,0.11926605504587157,1.0,0.1724137931034483,0.1724137931034483
audit::reverse_text::javascript::lexical::strip,reverse_text,javascript,no_op_transformation,1,1,1.0,1.0,1.0,1.0,1.0,1.0,1.0
audit::reverse_text::javascript::lexical::mixed,reverse_text,javascript,no_op_transformation,1,1,0.12845849802371542,0.3262411347517731,0.3262411347517731,0.14606741573033707,1.0,0.20833333333333334,0.20833333333333337
audit::reverse_text::javascript::structural::carrier_only,reverse_text,javascript,no_op_transformation,1,1,0.09482129832239242,0.184,0.184,0.09558823529411764,0.04,0.14285714285714285,0.5714285714285714
audit::reverse_text::javascript::structural::format,reverse_text,javascript,no_op_transformation,1,1,0.05696757230499562,0.184,0.184,0.09558823529411764,0.04,0.14285714285714285,0.5714285714285714
audit::reverse_text::javascript::structural::rename,reverse_text,javascript,no_op_transformation,1,1,0.09482129832239242,0.184,0.184,0.09558823529411764,0.04,0.14285714285714285,0.5714285714285714
audit::reverse_text::javascript::structural::normalize,reverse_text,javascript,no_op_transformation,1,1,0.1119724375538329,0.24210526315789474,0.24210526315789474,0.21311475409836064,0.04,1.0,1.0
audit::reverse_text::javascript::structural::random_flip,reverse_text,javascript,no_op_transformation,1,1,0.10101010101010101,0.20353982300884957,0.20353982300884957,0.12264150943396226,0.04,0.21739130434782608,0.6086956521739131
audit::reverse_text::javascript::structural::strip,reverse_text,javascript,no_op_transformation,1,1,1.0,1.0,1.0,1.0,1.0,1.0,1.0
audit::reverse_text::javascript::structural::mixed,reverse_text,javascript,no_op_transformation,1,1,0.13756613756613756,0.27710843373493976,0.27710843373493976,0.203125,0.05263157894736842,0.45454545454545453,0.7272727272727273
audit::reverse_text::javascript::hybrid::carrier_only,reverse_text,javascript,no_op_transformation,1,1,0.10196078431372549,0.22772277227722773,0.22772277227722773,0.11304347826086956,0.07692307692307693,0.1724137931034483,0.3793103448275862
audit::reverse_text::javascript::hybrid::format,reverse_text,javascript,no_op_transformation,1,1,0.059469350411710885,0.22772277227722773,0.22772277227722773,0.11304347826086956,0.07692307692307693,0.1724137931034483,0.3793103448275862
audit::reverse_text::javascript::hybrid::rename,reverse_text,javascript,no_op_transformation,1,1,0.10054137664346481,0.22772277227722773,0.22772277227722773,0.11304347826086956,0.07692307692307693,0.1724137931034483,0.3793103448275862
audit::reverse_text::javascript::hybrid::normalize,reverse_text,javascript,no_op_transformation,1,1,0.109151973131822,0.25842696629213485,0.25842696629213485,0.15294117647058825,0.07692307692307693,0.29411764705882354,0.2941176470588236
audit::reverse_text::javascript::hybrid::random_flip,reverse_text,javascript,no_op_transformation,1,1,0.10101010101010101,0.22772277227722773,0.22772277227722773,0.11304347826086956,0.07692307692307693,0.1724137931034483,0.3793103448275862
audit::reverse_text::javascript::hybrid::strip,reverse_text,javascript,no_op_transformation,1,1,1.0,1.0,1.0,1.0,1.0,1.0,1.0
audit::reverse_text::javascript::hybrid::mixed,reverse_text,javascript,no_op_transformation,1,1,0.1309164149043303,0.2857142857142857,0.2857142857142857,0.14942528735632185,0.1,0.22727272727272727,0.40909090909090917
