scheme,task,language,profile_id,format_fraction,lexical_fraction,structural_fraction,deletion_fraction,character_similarity,token_similarity,identifier_normalized_similarity,ast_type_similarity,control_profile_similarity,identifier_multiset_similarity,identifier_style_similarity,carrier_retention,payload_match_rate,character_distortion,token_distortion,identifier_normalized_distortion,ast_type_distortion,control_profile_distortion,identifier_multiset_distortion,identifier_style_distortion
lexical,leap_year,python,baseline,0.0,0.0,0.0,0.0,0.1437125748502994,0.41935483870967744,0.41935483870967744,0.2558139534883721,1.0,0.1724137931034483,0.1724137931034483,1.0,1.0,0.8562874251497006,0.5806451612903225,0.5806451612903225,0.7441860465116279,0.0,0.8275862068965517,0.8275862068965517
lexical,leap_year,python,format_025,0.25,0.0,0.0,0.0,0.12235979606700656,0.41935483870967744,0.41935483870967744,0.2558139534883721,1.0,0.1724137931034483,0.1724137931034483,1.0,1.0,0.8776402039329935,0.5806451612903225,0.5806451612903225,0.7441860465116279,0.0,0.8275862068965517,0.8275862068965517
lexical,leap_year,python,format_050,0.5,0.0,0.0,0.0,0.10653138871274571,0.41935483870967744,0.41935483870967744,0.2558139534883721,1.0,0.1724137931034483,0.1724137931034483,1.0,1.0,0.8934686112872543,0.5806451612903225,0.5806451612903225,0.7441860465116279,0.0,0.8275862068965517,0.8275862068965517
lexical,leap_year,python,format_100,1.0,0.0,0.0,0.0,0.08463476070528968,0.41935483870967744,0.41935483870967744,0.2558139534883721,1.0,0.1724137931034483,0.1724137931034483,1.0,1.0,0.9153652392947104,0.5806451612903225,0.5806451612903225,0.7441860465116279,0.0,0.8275862068965517,0.8275862068965517
lexical,leap_year,python,lexical_025,0.0,0.25,0.0,0.0,0.14249363867684478,0.41935483870967744,0.41935483870967744,0.2558139534883721,1.0,0.1724137931034483,0.1724137931034483,1.0,0.7916666666666666,0.8575063613231553,0.5806451612903225,0.5806451612903225,0.7441860465116279,0.0,0.8275862068965517,0.8275862068965517
lexical,leap_year,python,lexical_050,0.0,0.5,0.0,0.0,0.14201183431952663,0.41935483870967744,0.41935483870967744,0.2558139534883721,1.0,0.1724137931034483,0.1724137931034483,1.0,0.7083333333333334,0.8579881656804733,0.5806451612903225,0.5806451612903225,0.7441860465116279,0.0,0.8275862068965517,0.8275862068965517
lexical,leap_year,python,lexical_075,0.0,0.75,0.0,0.0,0.14105793450881612,0.41935483870967744,0.41935483870967744,0.2558139534883721,1.0,0.1724137931034483,0.1724137931034483,1.0,0.5416666666666666,0.8589420654911839,0.5806451612903225,0.5806451612903225,0.7441860465116279,0.0,0.8275862068965517,0.8275862068965517
lexical,leap_year,python,lexical_100,0.0,1.0,0.0,0.0,0.14011676396997497,0.41935483870967744,0.41935483870967744,0.2558139534883721,1.0,0.1724137931034483,0.1724137931034483,1.0,0.375,0.859883236030025,0.5806451612903225,0.5806451612903225,0.7441860465116279,0.0,0.8275862068965517,0.8275862068965517
lexical,leap_year,python,structural_025,0.0,0.0,0.25,0.0,0.1437125748502994,0.41935483870967744,0.41935483870967744,0.2558139534883721,1.0,0.1724137931034483,0.1724137931034483,1.0,1.0,0.8562874251497006,0.5806451612903225,0.5806451612903225,0.7441860465116279,0.0,0.8275862068965517,0.8275862068965517
lexical,leap_year,python,structural_050,0.0,0.0,0.5,0.0,0.1437125748502994,0.41935483870967744,0.41935483870967744,0.2558139534883721,1.0,0.1724137931034483,0.1724137931034483,1.0,1.0,0.8562874251497006,0.5806451612903225,0.5806451612903225,0.7441860465116279,0.0,0.8275862068965517,0.8275862068965517
lexical,leap_year,python,structural_075,0.0,0.0,0.75,0.0,0.1437125748502994,0.41935483870967744,0.41935483870967744,0.2558139534883721,1.0,0.1724137931034483,0.1724137931034483,1.0,1.0,0.8562874251497006,0.5806451612903225,0.5806451612903225,0.7441860465116279,0.0,0.8275862068965517,0.8275862068965517
lexical,leap_year,python,structural_100,0.0,0.0,1.0,0.0,0.1437125748502994,0.41935483870967744,0.41935483870967744,0.2558139534883721,1.0,0.1724137931034483,0.1724137931034483,1.0,1.0,0.8562874251497006,0.5806451612903225,0.5806451612903225,0.7441860465116279,0.0,0.8275862068965517,0.8275862068965517
lexical,leap_year,python,deletion_025,0.0,0.0,0.0,0.25,0.18241042345276873,0.49056603773584906,0.49056603773584906,0.3142857142857143,1.0,0.21739130434782608,0.21739130434782605,0.75,1.0,0.8175895765472313,0.5094339622641509,0.5094339622641509,0.6857142857142857,0.0,0.782608695652174,0.782608695652174
lexical,leap_year,python,deletion_050,0.0,0.0,0.0,0.5,0.25112107623318386,0.5909090909090909,0.5909090909090909,0.4074074074074074,1.0,0.29411764705882354,0.2941176470588236,0.5,1.0,0.7488789237668161,0.40909090909090906,0.40909090909090906,0.5925925925925926,0.0,0.7058823529411764,0.7058823529411764
lexical,leap_year,python,deletion_075,0.0,0.0,0.0,0.75,0.4009546539379475,0.7428571428571429,0.7428571428571429,0.5789473684210527,1.0,0.45454545454545453,0.4545454545454546,0.25,1.0,0.5990453460620525,0.2571428571428571,0.2571428571428571,0.42105263157894735,0.0,0.5454545454545454,0.5454545454545454
lexical,leap_year,python,deletion_100,0.0,0.0,0.0,1.0,1.0,1.0,1.0,1.0,1.0,1.0,1.0,0.0,0.0,0.0,0.0,0.0,0.0,0.0,0.0,0.0
lexical,leap_year,python,mixed_low,0.25,0.25,0.25,0.25,0.15804327375352775,0.49056603773584906,0.49056603773584906,0.3142857142857143,1.0,0.21739130434782608,0.21739130434782605,0.75,0.8333333333333334,0.8419567262464722,0.5094339622641509,0.5094339622641509,0.6857142857142857,0.0,0.782608695652174,0.782608695652174
lexical,leap_year,python,mixed_high,0.5,0.5,0.5,0.5,0.19156214367160776,0.5909090909090909,0.5909090909090909,0.4074074074074074,1.0,0.29411764705882354,0.2941176470588236,0.5,0.75,0.8084378563283923,0.40909090909090906,0.40909090909090906,0.5925925925925926,0.0,0.7058823529411764,0.7058823529411764
lexical,leap_year,javascript,baseline,0.0,0.0,0.0,0.0,0.1442979053529868,0.3181818181818182,0.3181818181818182,0.19327731092436976,1.0,0.1724137931034483,0.1724137931034483,1.0,1.0,0.8557020946470132,0.6818181818181819,0.6818181818181819,0.8067226890756303,0.0,0.8275862068965517,0.8275862068965517
lexical,leap_year,javascript,format_025,0.25,0.0,0.0,0.0,0.12508406186953597,0.3181818181818182,0.3181818181818182,0.19327731092436976,1.0,0.1724137931034483,0.1724137931034483,1.0,1.0,0.8749159381304641,0.6818181818181819,0.6818181818181819,0.8067226890756303,0.0,0.8275862068965517,0.8275862068965517
lexical,leap_year,javascript,format_050,0.5,0.0,0.0,0.0,0.11038575667655787,0.3181818181818182,0.3181818181818182,0.19327731092436976,1.0,0.1724137931034483,0.1724137931034483,1.0,1.0,0.8896142433234422,0.6818181818181819,0.6818181818181819,0.8067226890756303,0.0,0.8275862068965517,0.8275862068965517
lexical,leap_year,javascript,format_100,1.0,0.0,0.0,0.0,0.08938010571840461,0.3181818181818182,0.3181818181818182,0.19327731092436976,1.0,0.1724137931034483,0.1724137931034483,1.0,1.0,0.9106198942815954,0.6818181818181819,0.6818181818181819,0.8067226890756303,0.0,0.8275862068965517,0.8275862068965517
lexical,leap_year,javascript,lexical_025,0.0,0.25,0.0,0.0,0.14385150812064965,0.3181818181818182,0.3181818181818182,0.19327731092436976,1.0,0.1724137931034483,0.1724137931034483,1.0,0.9166666666666666,0.8561484918793504,0.6818181818181819,0.6818181818181819,0.8067226890756303,0.0,0.8275862068965517,0.8275862068965517
lexical,leap_year,javascript,lexical_050,0.0,0.5,0.0,0.0,0.14296694850115296,0.3181818181818182,0.3181818181818182,0.19327731092436976,1.0,0.1724137931034483,0.1724137931034483,1.0,0.75,0.857033051498847,0.6818181818181819,0.6818181818181819,0.8067226890756303,0.0,0.8275862068965517,0.8275862068965517
lexical,leap_year,javascript,lexical_075,0.0,0.75,0.0,0.0,0.14209320091673033,0.3181818181818182,0.3181818181818182,0.19327731092436976,1.0,0.1724137931034483,0.1724137931034483,1.0,0.5833333333333334,0.8579067990832696,0.6818181818181819,0.6818181818181819,0.8067226890756303,0.0,0.8275862068965517,0.8275862068965517
lexical,leap_year,javascript,lexical_100,0.0,1.0,0.0,0.0,0.14166031987814165,0.3181818181818182,0.3181818181818182,0.19327731092436976,1.0,0.1724137931034483,0.1724137931034483,1.0,0.5,0.8583396801218584,0.6818181818181819,0.6818181818181819,0.8067226890756303,0.0,0.8275862068965517,0.8275862068965517
lexical,leap_year,javascript,structural_025,0.0,0.0,0.25,0.0,0.1442979053529868,0.3181818181818182,0.3181818181818182,0.19327731092436976,1.0,0.1724137931034483,0.1724137931034483,1.0,1.0,0.8557020946470132,0.6818181818181819,0.6818181818181819,0.8067226890756303,0.0,0.8275862068965517,0.8275862068965517
lexical,leap_year,javascript,structural_050,0.0,0.0,0.5,0.0,0.1442979053529868,0.3181818181818182,0.3181818181818182,0.19327731092436976,1.0,0.1724137931034483,0.1724137931034483,1.0,1.0,0.8557020946470132,0.6818181818181819,0.6818181818181819,0.8067226890756303,0.0,0.8275862068965517,0.8275862068965517
lexical,leap_year,javascript,structural_075,0.0,0.0,0.75,0.0,0.1442979053529868,0.3181818181818182,0.3181818181818182,0.19327731092436976,1.0,0.1724137931034483,0.1724137931034483,1.0,1.0,0.8557020946470132,0.6818181818181819,0.6818181818181819,0.8067226890756303,0.0,0.8275862068965517,0.8275862068965517
lexical,leap_year,javascript,structural_100,0.0,0.0,1.0,0.0,0.1442979053529868,0.3181818181818182,0.3181818181818182,0.19327731092436976,1.0,0.1724137931034483,0.1724137931034483,1.0,1.0,0.8557020946470132,0.6818181818181819,0.6818181818181819,0.8067226890756303,0.0,0.8275862068965517,0.8275862068965517
lexical,leap_year,javascript,deletion_025,0.0,0.0,0.0,0.25,0.1832512315270936,0.3835616438356164,0.3835616438356164,0.24210526315789474,1.0,0.21739130434782608,0.21739130434782605,0.75,1.0,0.8167487684729065,0.6164383561643836,0.6164383561643836,0.7578947368421053,0.0,0.782608695652174,0.782608695652174
lexical,leap_year,javascript,deletion_050,0.0,0.0,0.0,0.5,0.25375170532060026,0.4827586206896552,0.4827586206896552,0.323943661971831,1.0,0.29411764705882354,0.2941176470588236,0.5,1.0,0.7462482946793998,0.5172413793103448,0.5172413793103448,0.676056338028169,0.0,0.7058823529411764,0.7058823529411764
lexical,leap_year,javascript,deletion_075,0.0,0.0,0.0,0.75,0.40522875816993464,0.6511627906976745,0.6511627906976745,0.48936170212765956,1.0,0.45454545454545453,0.4545454545454546,0.25,1.0,0.5947712418300654,0.34883720930232553,0.34883720930232553,0.5106382978723405,0.0,0.5454545454545454,0.5454545454545454
lexical,leap_year,javascript,deletion_100,0.0,0.0,0.0,1.0,1.0,1.0,1.0,1.0,1.0,1.0,1.0,0.0,0.0,0.0,0.0,0.0,0.0,0.0,0.0,0.0
lexical,leap_year,javascript,mixed_low,0.25,0.25,0.25,0.25,0.16216216216216217,0.3835616438356164,0.3835616438356164,0.24210526315789474,1.0,0.21739130434782608,0.21739130434782605,0.75,0.8888888888888888,0.8378378378378378,0.6164383561643836,0.6164383561643836,0.7578947368421053,0.0,0.782608695652174,0.782608695652174
lexical,leap_year,javascript,mixed_high,0.5,0.5,0.5,0.5,0.19724284199363734,0.4827586206896552,0.4827586206896552,0.323943661971831,1.0,0.29411764705882354,0.2941176470588236,0.5,0.6666666666666666,0.8027571580063626,0.5172413793103448,0.5172413793103448,0.676056338028169,0.0,0.7058823529411764,0.7058823529411764
lexical,collatz_steps,python,baseline,0.0,0.0,0.0,0.0,0.2815884476534296,0.5714285714285714,0.5714285714285714,0.37254901960784315,1.0,0.35135135135135137,0.3513513513513513,1.0,1.0,0.7184115523465704,0.4285714285714286,0.4285714285714286,0.6274509803921569,0.0,0.6486486486486487,0.6486486486486487
lexical,collatz_steps,python,format_025,0.25,0.0,0.0,0.0,0.24543738200125864,0.5714285714285714,0.5714285714285714,0.37254901960784315,1.0,0.35135135135135137,0.3513513513513513,1.0,1.0,0.7545626179987414,0.4285714285714286,0.4285714285714286,0.6274509803921569,0.0,0.6486486486486487,0.6486486486486487
lexical,collatz_steps,python,format_050,0.5,0.0,0.0,0.0,0.21751254880089235,0.5714285714285714,0.5714285714285714,0.37254901960784315,1.0,0.35135135135135137,0.3513513513513513,1.0,1.0,0.7824874511991077,0.4285714285714286,0.4285714285714286,0.6274509803921569,0.0,0.6486486486486487,0.6486486486486487
lexical,collatz_steps,python,format_100,1.0,0.0,0.0,0.0,0.17719218537028622,0.5714285714285714,0.5714285714285714,0.37254901960784315,1.0,0.35135135135135137,0.3513513513513513,1.0,1.0,0.8228078146297138,0.4285714285714286,0.4285714285714286,0.6274509803921569,0.0,0.6486486486486487,0.6486486486486487
lexical,collatz_steps,python,lexical_025,0.0,0.25,0.0,0.0,0.27956989247311825,0.5714285714285714,0.5714285714285714,0.37254901960784315,1.0,0.35135135135135137,0.3513513513513513,1.0,0.7916666666666666,0.7204301075268817,0.4285714285714286,0.4285714285714286,0.6274509803921569,0.0,0.6486486486486487,0.6486486486486487
lexical,collatz_steps,python,lexical_050,0.0,0.5,0.0,0.0,0.278372591006424,0.5714285714285714,0.5714285714285714,0.37254901960784315,1.0,0.35135135135135137,0.3513513513513513,1.0,0.6666666666666666,0.721627408993576,0.4285714285714286,0.4285714285714286,0.6274509803921569,0.0,0.6486486486486487,0.6486486486486487
lexical,collatz_steps,python,lexical_075,0.0,0.75,0.0,0.0,0.2760084925690021,0.5714285714285714,0.5714285714285714,0.37254901960784315,1.0,0.35135135135135137,0.3513513513513513,1.0,0.4166666666666667,0.7239915074309979,0.4285714285714286,0.4285714285714286,0.6274509803921569,0.0,0.6486486486486487,0.6486486486486487
lexical,collatz_steps,python,lexical_100,0.0,1.0,0.0,0.0,0.2744546094299789,0.5714285714285714,0.5714285714285714,0.37254901960784315,1.0,0.35135135135135137,0.3513513513513513,1.0,0.25,0.7255453905700211,0.4285714285714286,0.4285714285714286,0.6274509803921569,0.0,0.6486486486486487,0.6486486486486487
lexical,collatz_steps,python,structural_025,0.0,0.0,0.25,0.0,0.2815884476534296,0.5714285714285714,0.5714285714285714,0.37254901960784315,1.0,0.35135135135135137,0.3513513513513513,1.0,1.0,0.7184115523465704,0.4285714285714286,0.4285714285714286,0.6274509803921569,0.0,0.6486486486486487,0.6486486486486487
lexical,collatz_steps,python,structural_050,0.0,0.0,0.5,0.0,0.2815884476534296,0.5714285714285714,0.5714285714285714,0.37254901960784315,1.0,0.35135135135135137,0.3513513513513513,1.0,1.0,0.7184115523465704,0.4285714285714286,0.4285714285714286,0.6274509803921569,0.0,0.6486486486486487,0.6486486486486487
lexical,collatz_steps,python,structural_075,0.0,0.0,0.75,0.0,0.2815884476534296,0.5714285714285714,0.5714285714285714,0.37254901960784315,1.0,0.35135135135135137,0.3513513513513513,1.0,1.0,0.7184115523465704,0.4285714285714286,0.4285714285714286,0.6274509803921569,0.0,0.6486486486486487,0.6486486486486487
lexical,collatz_steps,python,structural_100,0.0,0.0,1.0,0.0,0.2815884476534296,0.5714285714285714,0.5714285714285714,0.37254901960784315,1.0,0.35135135135135137,0.3513513513513513,1.0,1.0,0.7184115523465704,0.4285714285714286,0.4285714285714286,0.6274509803921569,0.0,0.6486486486486487,0.6486486486486487
lexical,collatz_steps,python,deletion_025,0.0,0.0,0.0,0.25,0.34300791556728233,0.64,0.64,0.4418604651162791,1.0,0.41935483870967744,0.4193548387096775,0.75,1.0,0.6569920844327177,0.36,0.36,0.5581395348837209,0.0,0.5806451612903225,0.5806451612903225
lexical,collatz_steps,python,deletion_050,0.0,0.0,0.0,0.5,0.43869516310461193,0.7272727272727273,0.7272727272727273,0.5428571428571428,1.0,0.52,0.52,0.5,1.0,0.5613048368953881,0.2727272727272727,0.2727272727272727,0.4571428571428572,0.0,0.48,0.48
lexical,collatz_steps,python,deletion_075,0.0,0.0,0.0,0.75,0.6103286384976526,0.8421052631578947,0.8421052631578947,0.7037037037037037,1.0,0.6842105263157895,0.6842105263157895,0.25,1.0,0.3896713615023474,0.1578947368421053,0.1578947368421053,0.2962962962962963,0.0,0.3157894736842105,0.3157894736842105
lexical,collatz_steps,python,deletion_100,0.0,0.0,0.0,1.0,1.0,1.0,1.0,1.0,1.0,1.0,1.0,0.0,0.0,0.0,0.0,0.0,0.0,0.0,0.0,0.0
lexical,collatz_steps,python,mixed_low,0.25,0.25,0.25,0.25,0.3049257232212666,0.64,0.64,0.4418604651162791,1.0,0.41935483870967744,0.4193548387096775,0.75,0.8333333333333334,0.6950742767787335,0.36,0.36,0.5581395348837209,0.0,0.5806451612903225,0.5806451612903225
lexical,collatz_steps,python,mixed_high,0.5,0.5,0.5,0.5,0.3542234332425068,0.7272727272727273,0.7272727272727273,0.5428571428571428,1.0,0.52,0.52,0.5,0.5833333333333334,0.6457765667574932,0.2727272727272727,0.2727272727272727,0.4571428571428572,0.0,0.48,0.48
lexical,collatz_steps,javascript,baseline,0.0,0.0,0.0,0.0,0.26354515050167227,0.5161290322580645,0.5161290322580645,0.323943661971831,1.0,0.38461538461538464,0.3846153846153847,1.0,1.0,0.7364548494983277,0.4838709677419355,0.4838709677419355,0.676056338028169,0.0,0.6153846153846154,0.6153846153846153
lexical,collatz_steps,javascript,format_025,0.25,0.0,0.0,0.0,0.2327229769639693,0.5161290322580645,0.5161290322580645,0.323943661971831,1.0,0.38461538461538464,0.3846153846153847,1.0,1.0,0.7672770230360307,0.4838709677419355,0.4838709677419355,0.676056338028169,0.0,0.6153846153846154,0.6153846153846153
lexical,collatz_steps,javascript,format_050,0.5,0.0,0.0,0.0,0.2083553675304072,0.5161290322580645,0.5161290322580645,0.323943661971831,1.0,0.38461538461538464,0.3846153846153847,1.0,1.0,0.7916446324695928,0.4838709677419355,0.4838709677419355,0.676056338028169,0.0,0.6153846153846154,0.6153846153846153
lexical,collatz_steps,javascript,format_100,1.0,0.0,0.0,0.0,0.17227809357236554,0.5161290322580645,0.5161290322580645,0.323943661971831,1.0,0.38461538461538464,0.3846153846153847,1.0,1.0,0.8277219064276344,0.4838709677419355,0.4838709677419355,0.676056338028169,0.0,0.6153846153846154,0.6153846153846153
lexical,collatz_steps,javascript,lexical_025,0.0,0.25,0.0,0.0,0.262491672218521,0.5161290322580645,0.5161290322580645,0.323943661971831,1.0,0.38461538461538464,0.3846153846153847,1.0,0.875,0.737508327781479,0.4838709677419355,0.4838709677419355,0.676056338028169,0.0,0.6153846153846154,0.6153846153846153
lexical,collatz_steps,javascript,lexical_050,0.0,0.5,0.0,0.0,0.26110006626905236,0.5161290322580645,0.5161290322580645,0.323943661971831,1.0,0.38461538461538464,0.3846153846153846,1.0,0.7083333333333334,0.7388999337309476,0.4838709677419355,0.4838709677419355,0.676056338028169,0.0,0.6153846153846154,0.6153846153846154
lexical,collatz_steps,javascript,lexical_075,0.0,0.75,0.0,0.0,0.26075446724023826,0.5161290322580645,0.5161290322580645,0.323943661971831,1.0,0.38461538461538464,0.3846153846153847,1.0,0.6666666666666666,0.7392455327597618,0.4838709677419355,0.4838709677419355,0.676056338028169,0.0,0.6153846153846154,0.6153846153846153
lexical,collatz_steps,javascript,lexical_100,0.0,1.0,0.0,0.0,0.2590401051939514,0.5161290322580645,0.5161290322580645,0.323943661971831,1.0,0.38461538461538464,0.3846153846153846,1.0,0.4583333333333333,0.7409598948060486,0.4838709677419355,0.4838709677419355,0.676056338028169,0.0,0.6153846153846154,0.6153846153846154
lexical,collatz_steps,javascript,structural_025,0.0,0.0,0.25,0.0,0.26354515050167227,0.5161290322580645,0.5161290322580645,0.323943661971831,1.0,0.38461538461538464,0.3846153846153847,1.0,1.0,0.7364548494983277,0.4838709677419355,0.4838709677419355,0.676056338028169,0.0,0.6153846153846154,0.6153846153846153
lexical,collatz_steps,javascript,structural_050,0.0,0.0,0.5,0.0,0.26354515050167227,0.5161290322580645,0.5161290322580645,0.323943661971831,1.0,0.38461538461538464,0.3846153846153847,1.0,1.0,0.7364548494983277,0.4838709677419355,0.4838709677419355,0.676056338028169,0.0,0.6153846153846154,0.6153846153846153
lexical,collatz_steps,javascript,structural_075,0.0,0.0,0.75,0.0,0.26354515050167227,0.5161290322580645,0.5161290322580645,0.323943661971831,1.0,0.38461538461538464,0.3846153846153847,1.0,1.0,0.7364548494983277,0.4838709677419355,0.4838709677419355,0.676056338028169,0.0,0.6153846153846154,0.6153846153846153
lexical,collatz_steps,javascript,structural_100,0.0,0.0,1.0,0.0,0.26354515050167227,0.5161290322580645,0.5161290322580645,0.323943661971831,1.0,0.38461538461538464,0.3846153846153847,1.0,1.0,0.7364548494983277,0.4838709677419355,0.4838709677419355,0.676056338028169,0.0,0.6153846153846154,0.6153846153846153
lexical,collatz_steps,javascript,deletion_025,0.0,0.0,0.0,0.25,0.323746918652424,0.5871559633027523,0.5871559633027523,0.3898305084745763,1.0,0.45454545454545453,0.4545454545454546,0.75,1.0,0.676253081347576,0.4128440366972477,0.4128440366972477,0.6101694915254237,0.0,0.5454545454545454,0.5454545454545454
lexical,collatz_steps,javascript,deletion_050,0.0,0.0,0.0,0.5,0.41959531416400425,0.6808510638297872,0.6808510638297872,0.48936170212765956,1.0,0.5555555555555556,0.5555555555555556,0.5,1.0,0.5804046858359957,0.3191489361702128,0.3191489361702128,0.5106382978723405,0.0,0.4444444444444444,0.4444444444444444
lexical,collatz_steps,javascript,deletion_075,0.0,0.0,0.0,0.75,0.5889387144992526,0.810126582278481,0.810126582278481,0.6571428571428571,1.0,0.7142857142857143,0.7142857142857142,0.25,1.0,0.4110612855007474,0.189873417721519,0.189873417721519,0.34285714285714286,0.0,0.2857142857142857,0.2857142857142858
lexical,collatz_steps,javascript,deletion_100,0.0,0.0,0.0,1.0,1.0,1.0,1.0,1.0,1.0,1.0,1.0,0.0,0.0,0.0,0.0,0.0,0.0,0.0,0.0,0.0
lexical,collatz_steps,javascript,mixed_low,0.25,0.25,0.25,0.25,0.29120473022912047,0.5871559633027523,0.5871559633027523,0.3898305084745763,1.0,0.45454545454545453,0.4545454545454546,0.75,0.9444444444444444,0.7087952697708795,0.4128440366972477,0.4128440366972477,0.6101694915254237,0.0,0.5454545454545454,0.5454545454545454
lexical,collatz_steps,javascript,mixed_high,0.5,0.5,0.5,0.5,0.3429068755439513,0.6808510638297872,0.6808510638297872,0.48936170212765956,1.0,0.5555555555555556,0.5555555555555556,0.5,0.75,0.6570931244560487,0.3191489361702128,0.3191489361702128,0.5106382978723405,0.0,0.4444444444444444,0.4444444444444444
lexical,raindrops,python,baseline,0.0,0.0,0.0,0.0,0.2664735698769008,0.5714285714285714,0.5714285714285714,0.38461538461538464,1.0,0.38461538461538464,0.3846153846153846,1.0,1.0,0.7335264301230993,0.4285714285714286,0.4285714285714286,0.6153846153846154,0.0,0.6153846153846154,0.6153846153846154
lexical,raindrops,python,format_025,0.25,0.0,0.0,0.0,0.23217665615141955,0.5714285714285714,0.5714285714285714,0.38461538461538464,1.0,0.38461538461538464,0.3846153846153846,1.0,1.0,0.7678233438485804,0.4285714285714286,0.4285714285714286,0.6153846153846154,0.0,0.6153846153846154,0.6153846153846154
lexical,raindrops,python,format_050,0.5,0.0,0.0,0.0,0.20570150922302963,0.5714285714285714,0.5714285714285714,0.38461538461538464,1.0,0.38461538461538464,0.3846153846153846,1.0,1.0,0.7942984907769703,0.4285714285714286,0.4285714285714286,0.6153846153846154,0.0,0.6153846153846154,0.6153846153846154
lexical,raindrops,python,format_100,1.0,0.0,0.0,0.0,0.1675011379153391,0.5714285714285714,0.5714285714285714,0.38461538461538464,1.0,0.38461538461538464,0.3846153846153846,1.0,1.0,0.832498862084661,0.4285714285714286,0.4285714285714286,0.6153846153846154,0.0,0.6153846153846154,0.6153846153846154
lexical,raindrops,python,lexical_025,0.0,0.25,0.0,0.0,0.2660882140274765,0.5714285714285714,0.5714285714285714,0.38461538461538464,1.0,0.38461538461538464,0.3846153846153846,1.0,0.9583333333333334,0.7339117859725235,0.4285714285714286,0.4285714285714286,0.6153846153846154,0.0,0.6153846153846154,0.6153846153846154
lexical,raindrops,python,lexical_050,0.0,0.5,0.0,0.0,0.26455787203450754,0.5714285714285714,0.5714285714285714,0.38461538461538464,1.0,0.38461538461538464,0.3846153846153846,1.0,0.7916666666666666,0.7354421279654925,0.4285714285714286,0.4285714285714286,0.6153846153846154,0.0,0.6153846153846154,0.6153846153846154
lexical,raindrops,python,lexical_075,0.0,0.75,0.0,0.0,0.2637992831541219,0.5714285714285714,0.5714285714285714,0.38461538461538464,1.0,0.38461538461538464,0.3846153846153846,1.0,0.7083333333333334,0.7362007168458782,0.4285714285714286,0.4285714285714286,0.6153846153846154,0.0,0.6153846153846154,0.6153846153846154
lexical,raindrops,python,lexical_100,0.0,1.0,0.0,0.0,0.26304503216583275,0.5714285714285714,0.5714285714285714,0.38461538461538464,1.0,0.38461538461538464,0.3846153846153846,1.0,0.625,0.7369549678341673,0.4285714285714286,0.4285714285714286,0.6153846153846154,0.0,0.6153846153846154,0.6153846153846154
lexical,raindrops,python,structural_025,0.0,0.0,0.25,0.0,0.2664735698769008,0.5714285714285714,0.5714285714285714,0.38461538461538464,1.0,0.38461538461538464,0.3846153846153846,1.0,1.0,0.7335264301230993,0.4285714285714286,0.4285714285714286,0.6153846153846154,0.0,0.6153846153846154,0.6153846153846154
lexical,raindrops,python,structural_050,0.0,0.0,0.5,0.0,0.2664735698769008,0.5714285714285714,0.5714285714285714,0.38461538461538464,1.0,0.38461538461538464,0.3846153846153846,1.0,1.0,0.7335264301230993,0.4285714285714286,0.4285714285714286,0.6153846153846154,0.0,0.6153846153846154,0.6153846153846154
lexical,raindrops,python,structural_075,0.0,0.0,0.75,0.0,0.2664735698769008,0.5714285714285714,0.5714285714285714,0.38461538461538464,1.0,0.38461538461538464,0.3846153846153846,1.0,1.0,0.7335264301230993,0.4285714285714286,0.4285714285714286,0.6153846153846154,0.0,0.6153846153846154,0.6153846153846154
lexical,raindrops,python,structural_100,0.0,0.0,1.0,0.0,0.2664735698769008,0.5714285714285714,0.5714285714285714,0.38461538461538464,1.0,0.38461538461538464,0.3846153846153846,1.0,1.0,0.7335264301230993,0.4285714285714286,0.4285714285714286,0.6153846153846154,0.0,0.6153846153846154,0.6153846153846154
lexical,raindrops,python,deletion_025,0.0,0.0,0.0,0.25,0.32711111111111113,0.64,0.64,0.45454545454545453,1.0,0.45454545454545453,0.4545454545454545,0.75,1.0,0.6728888888888889,0.36,0.36,0.5454545454545454,0.0,0.5454545454545454,0.5454545454545455
lexical,raindrops,python,deletion_050,0.0,0.0,0.0,0.5,0.41961231470923605,0.7272727272727273,0.7272727272727273,0.5555555555555556,1.0,0.5555555555555556,0.5555555555555556,0.5,1.0,0.5803876852907639,0.2727272727272727,0.2727272727272727,0.4444444444444444,0.0,0.4444444444444444,0.4444444444444444
lexical,raindrops,python,deletion_075,0.0,0.0,0.0,0.75,0.5925925925925926,0.8421052631578947,0.8421052631578947,0.7142857142857143,1.0,0.7142857142857143,0.7142857142857142,0.25,1.0,0.40740740740740744,0.1578947368421053,0.1578947368421053,0.2857142857142857,0.0,0.2857142857142857,0.2857142857142858
lexical,raindrops,python,deletion_100,0.0,0.0,0.0,1.0,1.0,1.0,1.0,1.0,1.0,1.0,1.0,0.0,0.0,0.0,0.0,0.0,0.0,0.0,0.0,0.0
lexical,raindrops,python,mixed_low,0.25,0.25,0.25,0.25,0.2904498816101026,0.64,0.64,0.45454545454545453,1.0,0.45454545454545453,0.4545454545454546,0.75,0.8888888888888888,0.7095501183898973,0.36,0.36,0.5454545454545454,0.0,0.5454545454545454,0.5454545454545454
lexical,raindrops,python,mixed_high,0.5,0.5,0.5,0.5,0.3404255319148936,0.7272727272727273,0.7272727272727273,0.5555555555555556,1.0,0.5555555555555556,0.5555555555555556,0.5,0.8333333333333334,0.6595744680851063,0.2727272727272727,0.2727272727272727,0.4444444444444444,0.0,0.4444444444444444,0.4444444444444444
lexical,raindrops,javascript,baseline,0.0,0.0,0.0,0.0,0.24126113776559288,0.4915254237288136,0.4915254237288136,0.3142857142857143,1.0,0.38461538461538464,0.3846153846153847,1.0,1.0,0.7587388622344071,0.5084745762711864,0.5084745762711864,0.6857142857142857,0.0,0.6153846153846154,0.6153846153846153
lexical,raindrops,javascript,format_025,0.25,0.0,0.0,0.0,0.2124321062160531,0.4915254237288136,0.4915254237288136,0.3142857142857143,1.0,0.38461538461538464,0.3846153846153847,1.0,1.0,0.7875678937839469,0.5084745762711864,0.5084745762711864,0.6857142857142857,0.0,0.6153846153846154,0.6153846153846153
lexical,raindrops,javascript,format_050,0.5,0.0,0.0,0.0,0.18975741239892183,0.4915254237288136,0.4915254237288136,0.3142857142857143,1.0,0.38461538461538464,0.3846153846153847,1.0,1.0,0.8102425876010781,0.5084745762711864,0.5084745762711864,0.6857142857142857,0.0,0.6153846153846154,0.6153846153846153
lexical,raindrops,javascript,format_100,1.0,0.0,0.0,0.0,0.15637494446912484,0.4915254237288136,0.4915254237288136,0.3142857142857143,1.0,0.38461538461538464,0.3846153846153847,1.0,1.0,0.8436250555308752,0.5084745762711864,0.5084745762711864,0.6857142857142857,0.0,0.6153846153846154,0.6153846153846153
lexical,raindrops,javascript,lexical_025,0.0,0.25,0.0,0.0,0.2402730375426621,0.4915254237288136,0.4915254237288136,0.3142857142857143,1.0,0.38461538461538464,0.3846153846153846,1.0,0.875,0.759726962457338,0.5084745762711864,0.5084745762711864,0.6857142857142857,0.0,0.6153846153846154,0.6153846153846154
lexical,raindrops,javascript,lexical_050,0.0,0.5,0.0,0.0,0.23994546693933197,0.4915254237288136,0.4915254237288136,0.3142857142857143,1.0,0.38461538461538464,0.3846153846153846,1.0,0.8333333333333334,0.7600545330606681,0.5084745762711864,0.5084745762711864,0.6857142857142857,0.0,0.6153846153846154,0.6153846153846154
lexical,raindrops,javascript,lexical_075,0.0,0.75,0.0,0.0,0.23896809232858113,0.4915254237288136,0.4915254237288136,0.3142857142857143,1.0,0.38461538461538464,0.3846153846153847,1.0,0.7083333333333334,0.7610319076714189,0.5084745762711864,0.5084745762711864,0.6857142857142857,0.0,0.6153846153846154,0.6153846153846153
lexical,raindrops,javascript,lexical_100,0.0,1.0,0.0,0.0,0.23799864773495605,0.4915254237288136,0.4915254237288136,0.3142857142857143,1.0,0.38461538461538464,0.3846153846153846,1.0,0.5833333333333334,0.762001352265044,0.5084745762711864,0.5084745762711864,0.6857142857142857,0.0,0.6153846153846154,0.6153846153846154
lexical,raindrops,javascript,structural_025,0.0,0.0,0.25,0.0,0.24126113776559288,0.4915254237288136,0.4915254237288136,0.3142857142857143,1.0,0.38461538461538464,0.3846153846153847,1.0,1.0,0.7587388622344071,0.5084745762711864,0.5084745762711864,0.6857142857142857,0.0,0.6153846153846154,0.6153846153846153
lexical,raindrops,javascript,structural_050,0.0,0.0,0.5,0.0,0.24126113776559288,0.4915254237288136,0.4915254237288136,0.3142857142857143,1.0,0.38461538461538464,0.3846153846153847,1.0,1.0,0.7587388622344071,0.5084745762711864,0.5084745762711864,0.6857142857142857,0.0,0.6153846153846154,0.6153846153846153
lexical,raindrops,javascript,structural_075,0.0,0.0,0.75,0.0,0.24126113776559288,0.4915254237288136,0.4915254237288136,0.3142857142857143,1.0,0.38461538461538464,0.3846153846153847,1.0,1.0,0.7587388622344071,0.5084745762711864,0.5084745762711864,0.6857142857142857,0.0,0.6153846153846154,0.6153846153846153
lexical,raindrops,javascript,structural_100,0.0,0.0,1.0,0.0,0.24126113776559288,0.4915254237288136,0.4915254237288136,0.3142857142857143,1.0,0.38461538461538464,0.3846153846153847,1.0,1.0,0.7587388622344071,0.5084745762711864,0.5084745762711864,0.6857142857142857,0.0,0.6153846153846154,0.6153846153846153
lexical,raindrops,javascript,deletion_025,0.0,0.0,0.0,0.25,0.29855810008481765,0.5631067961165048,0.5631067961165048,0.3793103448275862,1.0,0.45454545454545453,0.4545454545454546,0.75,1.0,0.7014418999151824,0.4368932038834952,0.4368932038834952,0.6206896551724138,0.0,0.5454545454545454,0.5454545454545454
lexical,raindrops,javascript,deletion_050,0.0,0.0,0.0,0.5,0.3880926130099228,0.6590909090909091,0.6590909090909091,0.4782608695652174,1.0,0.5555555555555556,0.5555555555555556,0.5,1.0,0.6119073869900772,0.34090909090909094,0.34090909090909094,0.5217391304347826,0.0,0.4444444444444444,0.4444444444444444
lexical,raindrops,javascript,deletion_075,0.0,0.0,0.0,0.75,0.5596184419713831,0.7945205479452054,0.7945205479452054,0.6470588235294118,1.0,0.7142857142857143,0.7142857142857143,0.25,1.0,0.4403815580286169,0.20547945205479456,0.20547945205479456,0.3529411764705882,0.0,0.2857142857142857,0.2857142857142857
lexical,raindrops,javascript,deletion_100,0.0,0.0,0.0,1.0,1.0,1.0,1.0,1.0,1.0,1.0,1.0,0.0,0.0,0.0,0.0,0.0,0.0,0.0,0.0,0.0
lexical,raindrops,javascript,mixed_low,0.25,0.25,0.25,0.25,0.267680608365019,0.5631067961165048,0.5631067961165048,0.3793103448275862,1.0,0.45454545454545453,0.4545454545454546,0.75,0.9444444444444444,0.732319391634981,0.4368932038834952,0.4368932038834952,0.6206896551724138,0.0,0.5454545454545454,0.5454545454545454
lexical,raindrops,javascript,mixed_high,0.5,0.5,0.5,0.5,0.3179765130984643,0.6590909090909091,0.6590909090909091,0.4782608695652174,1.0,0.5555555555555556,0.5555555555555556,0.5,0.9166666666666666,0.6820234869015357,0.34090909090909094,0.34090909090909094,0.5217391304347826,0.0,0.4444444444444444,0.4444444444444444
lexical,grains,python,baseline,0.0,0.0,0.0,0.0,0.0975609756097561,0.3333333333333333,0.3333333333333333,0.14285714285714285,1.0,0.14285714285714285,0.1428571428571428,1.0,1.0,0.9024390243902439,0.6666666666666667,0.6666666666666667,0.8571428571428572,0.0,0.8571428571428572,0.8571428571428572
lexical,grains,python,format_025,0.25,0.0,0.0,0.0,0.08237986270022883,0.3333333333333333,0.3333333333333333,0.14285714285714285,1.0,0.14285714285714285,0.1428571428571428,1.0,1.0,0.9176201372997712,0.6666666666666667,0.6666666666666667,0.8571428571428572,0.0,0.8571428571428572,0.8571428571428572
lexical,grains,python,format_050,0.5,0.0,0.0,0.0,0.07128712871287128,0.3333333333333333,0.3333333333333333,0.14285714285714285,1.0,0.14285714285714285,0.1428571428571428,1.0,1.0,0.9287128712871288,0.6666666666666667,0.6666666666666667,0.8571428571428572,0.0,0.8571428571428572,0.8571428571428572
lexical,grains,python,format_100,1.0,0.0,0.0,0.0,0.056162246489859596,0.3333333333333333,0.3333333333333333,0.14285714285714285,1.0,0.14285714285714285,0.1428571428571428,1.0,1.0,0.9438377535101404,0.6666666666666667,0.6666666666666667,0.8571428571428572,0.0,0.8571428571428572,0.8571428571428572
lexical,grains,python,lexical_025,0.0,0.25,0.0,0.0,0.09651474530831099,0.3333333333333333,0.3333333333333333,0.14285714285714285,1.0,0.14285714285714285,0.1428571428571428,1.0,0.75,0.903485254691689,0.6666666666666667,0.6666666666666667,0.8571428571428572,0.0,0.8571428571428572,0.8571428571428572
lexical,grains,python,lexical_050,0.0,0.5,0.0,0.0,0.09582963620230701,0.3333333333333333,0.3333333333333333,0.14285714285714285,1.0,0.14285714285714285,0.1428571428571428,1.0,0.5833333333333334,0.904170363797693,0.6666666666666667,0.6666666666666667,0.8571428571428572,0.0,0.8571428571428572,0.8571428571428572
lexical,grains,python,lexical_075,0.0,0.75,0.0,0.0,0.09565987599645705,0.3333333333333333,0.3333333333333333,0.14285714285714285,1.0,0.14285714285714285,0.1428571428571428,1.0,0.5416666666666666,0.9043401240035429,0.6666666666666667,0.6666666666666667,0.8571428571428572,0.0,0.8571428571428572,0.8571428571428572
lexical,grains,python,lexical_100,0.0,1.0,0.0,0.0,0.09482001755926252,0.3333333333333333,0.3333333333333333,0.14285714285714285,1.0,0.14285714285714285,0.1428571428571428,1.0,0.3333333333333333,0.9051799824407375,0.6666666666666667,0.6666666666666667,0.8571428571428572,0.0,0.8571428571428572,0.8571428571428572
lexical,grains,python,structural_025,0.0,0.0,0.25,0.0,0.0975609756097561,0.3333333333333333,0.3333333333333333,0.14285714285714285,1.0,0.14285714285714285,0.1428571428571428,1.0,1.0,0.9024390243902439,0.6666666666666667,0.6666666666666667,0.8571428571428572,0.0,0.8571428571428572,0.8571428571428572
lexical,grains,python,structural_050,0.0,0.0,0.5,0.0,0.0975609756097561,0.3333333333333333,0.3333333333333333,0.14285714285714285,1.0,0.14285714285714285,0.1428571428571428,1.0,1.0,0.9024390243902439,0.6666666666666667,0.6666666666666667,0.8571428571428572,0.0,0.8571428571428572,0.8571428571428572
lexical,grains,python,structural_075,0.0,0.0,0.75,0.0,0.0975609756097561,0.3333333333333333,0.3333333333333333,0.14285714285714285,1.0,0.14285714285714285,0.1428571428571428,1.0,1.0,0.9024390243902439,0.6666666666666667,0.6666666666666667,0.8571428571428572,0.0,0.8571428571428572,0.8571428571428572
lexical,grains,python,structural_100,0.0,0.0,1.0,0.0,0.0975609756097561,0.3333333333333333,0.3333333333333333,0.14285714285714285,1.0,0.14285714285714285,0.1428571428571428,1.0,1.0,0.9024390243902439,0.6666666666666667,0.6666666666666667,0.8571428571428572,0.0,0.8571428571428572,0.8571428571428572
lexical,grains,python,deletion_025,0.0,0.0,0.0,0.25,0.12572759022118743,0.4,0.4,0.18181818181818182,1.0,0.18181818181818182,0.18181818181818188,0.75,1.0,0.8742724097788126,0.6,0.6,0.8181818181818181,0.0,0.8181818181818181,0.8181818181818181
lexical,grains,python,deletion_050,0.0,0.0,0.0,0.5,0.176759410801964,0.5,0.5,0.25,1.0,0.25,0.25,0.5,1.0,0.823240589198036,0.5,0.5,0.75,0.0,0.75,0.75
lexical,grains,python,deletion_075,0.0,0.0,0.0,0.75,0.30422535211267604,0.6666666666666666,0.6666666666666666,0.4,1.0,0.4,0.4,0.25,1.0,0.6957746478873239,0.33333333333333337,0.33333333333333337,0.6,0.0,0.6,0.6
lexical,grains,python,deletion_100,0.0,0.0,0.0,1.0,1.0,1.0,1.0,1.0,1.0,1.0,1.0,0.0,0.0,0.0,0.0,0.0,0.0,0.0,0.0,0.0
lexical,grains,python,mixed_low,0.25,0.25,0.25,0.25,0.10810810810810811,0.4,0.4,0.18181818181818182,1.0,0.18181818181818182,0.18181818181818188,0.75,0.8333333333333334,0.8918918918918919,0.6,0.6,0.8181818181818181,0.0,0.8181818181818181,0.8181818181818181
lexical,grains,python,mixed_high,0.5,0.5,0.5,0.5,0.1325153374233129,0.5,0.5,0.25,1.0,0.25,0.25,0.5,0.9166666666666666,0.8674846625766871,0.5,0.5,0.75,0.0,0.75,0.75
lexical,grains,javascript,baseline,0.0,0.0,0.0,0.0,0.12130885873902633,0.29411764705882354,0.29411764705882354,0.1504424778761062,1.0,0.2,0.33333333333333337,1.0,1.0,0.8786911412609737,0.7058823529411764,0.7058823529411764,0.8495575221238938,0.0,0.8,0.6666666666666666
lexical,grains,javascript,format_025,0.25,0.0,0.0,0.0,0.10475534114403859,0.29411764705882354,0.29411764705882354,0.1504424778761062,1.0,0.2,0.33333333333333337,1.0,1.0,0.8952446588559614,0.7058823529411764,0.7058823529411764,0.8495575221238938,0.0,0.8,0.6666666666666666
lexical,grains,javascript,format_050,0.5,0.0,0.0,0.0,0.09217707701637357,0.29411764705882354,0.29411764705882354,0.1504424778761062,1.0,0.2,0.33333333333333337,1.0,1.0,0.9078229229836264,0.7058823529411764,0.7058823529411764,0.8495575221238938,0.0,0.8,0.6666666666666666
lexical,grains,javascript,format_100,1.0,0.0,0.0,0.0,0.07432762836185819,0.29411764705882354,0.29411764705882354,0.1504424778761062,1.0,0.2,0.33333333333333337,1.0,1.0,0.9256723716381419,0.7058823529411764,0.7058823529411764,0.8495575221238938,0.0,0.8,0.6666666666666666
lexical,grains,javascript,lexical_025,0.0,0.25,0.0,0.0,0.12111553784860558,0.29411764705882354,0.29411764705882354,0.1504424778761062,1.0,0.2,0.33333333333333326,1.0,0.9583333333333334,0.8788844621513944,0.7058823529411764,0.7058823529411764,0.8495575221238938,0.0,0.8,0.6666666666666667
lexical,grains,javascript,lexical_050,0.0,0.5,0.0,0.0,0.11977935382190702,0.29411764705882354,0.29411764705882354,0.1504424778761062,1.0,0.2,0.33333333333333337,1.0,0.6666666666666666,0.880220646178093,0.7058823529411764,0.7058823529411764,0.8495575221238938,0.0,0.8,0.6666666666666666
lexical,grains,javascript,lexical_075,0.0,0.75,0.0,0.0,0.11940298507462686,0.29411764705882354,0.29411764705882354,0.1504424778761062,1.0,0.2,0.30000000000000004,1.0,0.5833333333333334,0.8805970149253731,0.7058823529411764,0.7058823529411764,0.8495575221238938,0.0,0.8,0.7
lexical,grains,javascript,lexical_100,0.0,1.0,0.0,0.0,0.11884284597341674,0.29411764705882354,0.29411764705882354,0.1504424778761062,1.0,0.2,0.19999999999999996,1.0,0.4583333333333333,0.8811571540265832,0.7058823529411764,0.7058823529411764,0.8495575221238938,0.0,0.8,0.8
lexical,grains,javascript,structural_025,0.0,0.0,0.25,0.0,0.12130885873902633,0.29411764705882354,0.29411764705882354,0.1504424778761062,1.0,0.2,0.33333333333333337,1.0,1.0,0.8786911412609737,0.7058823529411764,0.7058823529411764,0.8495575221238938,0.0,0.8,0.6666666666666666
lexical,grains,javascript,structural_050,0.0,0.0,0.5,0.0,0.12130885873902633,0.29411764705882354,0.29411764705882354,0.1504424778761062,1.0,0.2,0.33333333333333337,1.0,1.0,0.8786911412609737,0.7058823529411764,0.7058823529411764,0.8495575221238938,0.0,0.8,0.6666666666666666
lexical,grains,javascript,structural_075,0.0,0.0,0.75,0.0,0.12130885873902633,0.29411764705882354,0.29411764705882354,0.1504424778761062,1.0,0.2,0.33333333333333337,1.0,1.0,0.8786911412609737,0.7058823529411764,0.7058823529411764,0.8495575221238938,0.0,0.8,0.6666666666666666
lexical,grains,javascript,structural_100,0.0,0.0,1.0,0.0,0.12130885873902633,0.29411764705882354,0.29411764705882354,0.1504424778761062,1.0,0.2,0.33333333333333337,1.0,1.0,0.8786911412609737,0.7058823529411764,0.7058823529411764,0.8495575221238938,0.0,0.8,0.6666666666666666
lexical,grains,javascript,deletion_025,0.0,0.0,0.0,0.25,0.1558974358974359,0.35714285714285715,0.35714285714285715,0.19101123595505617,1.0,0.25,0.375,0.75,1.0,0.8441025641025641,0.6428571428571428,0.6428571428571428,0.8089887640449438,0.0,0.75,0.625
lexical,grains,javascript,deletion_050,0.0,0.0,0.0,0.5,0.214992927864215,0.45454545454545453,0.45454545454545453,0.26153846153846155,1.0,0.3333333333333333,0.4444444444444444,0.5,1.0,0.785007072135785,0.5454545454545454,0.5454545454545454,0.7384615384615385,0.0,0.6666666666666667,0.5555555555555556
lexical,grains,javascript,deletion_075,0.0,0.0,0.0,0.75,0.35764705882352943,0.625,0.625,0.4146341463414634,1.0,0.5,0.5833333333333334,0.25,1.0,0.6423529411764706,0.375,0.375,0.5853658536585367,0.0,0.5,0.41666666666666663
lexical,grains,javascript,deletion_100,0.0,0.0,0.0,1.0,1.0,1.0,1.0,1.0,1.0,1.0,1.0,0.0,0.0,0.0,0.0,0.0,0.0,0.0,0.0,0.0
lexical,grains,javascript,mixed_low,0.25,0.25,0.25,0.25,0.1360787824529991,0.35714285714285715,0.35714285714285715,0.19101123595505617,1.0,0.25,0.375,0.75,0.8333333333333334,0.8639212175470009,0.6428571428571428,0.6428571428571428,0.8089887640449438,0.0,0.75,0.625
lexical,grains,javascript,mixed_high,0.5,0.5,0.5,0.5,0.16795580110497238,0.45454545454545453,0.45454545454545453,0.26153846153846155,1.0,0.3333333333333333,0.4444444444444444,0.5,0.8333333333333334,0.8320441988950276,0.5454545454545454,0.5454545454545454,0.7384615384615385,0.0,0.6666666666666667,0.5555555555555556
lexical,hamming,python,baseline,0.0,0.0,0.0,0.0,0.22308288148721922,0.5443037974683544,0.5443037974683544,0.32867132867132864,1.0,0.4146341463414634,0.41463414634146334,1.0,1.0,0.7769171185127808,0.45569620253164556,0.45569620253164556,0.6713286713286714,0.0,0.5853658536585367,0.5853658536585367
lexical,hamming,python,format_025,0.25,0.0,0.0,0.0,0.19264214046822742,0.5443037974683544,0.5443037974683544,0.32867132867132864,1.0,0.4146341463414634,0.41463414634146334,1.0,1.0,0.8073578595317725,0.45569620253164556,0.45569620253164556,0.6713286713286714,0.0,0.5853658536585367,0.5853658536585367
lexical,hamming,python,format_050,0.5,0.0,0.0,0.0,0.16951147733961153,0.5443037974683544,0.5443037974683544,0.32867132867132864,1.0,0.4146341463414634,0.41463414634146334,1.0,1.0,0.8304885226603884,0.45569620253164556,0.45569620253164556,0.6713286713286714,0.0,0.5853658536585367,0.5853658536585367
lexical,hamming,python,format_100,1.0,0.0,0.0,0.0,0.136687233032748,0.5443037974683544,0.5443037974683544,0.32867132867132864,1.0,0.4146341463414634,0.41463414634146334,1.0,1.0,0.863312766967252,0.45569620253164556,0.45569620253164556,0.6713286713286714,0.0,0.5853658536585367,0.5853658536585367
lexical,hamming,python,lexical_025,0.0,0.25,0.0,0.0,0.22170900692840648,0.5443037974683544,0.5443037974683544,0.32867132867132864,1.0,0.4146341463414634,0.41463414634146334,1.0,0.8333333333333334,0.7782909930715936,0.45569620253164556,0.45569620253164556,0.6713286713286714,0.0,0.5853658536585367,0.5853658536585367
lexical,hamming,python,lexical_050,0.0,0.5,0.0,0.0,0.2210283960092095,0.5443037974683544,0.5443037974683544,0.32867132867132864,1.0,0.4146341463414634,0.41463414634146334,1.0,0.75,0.7789716039907905,0.45569620253164556,0.45569620253164556,0.6713286713286714,0.0,0.5853658536585367,0.5853658536585367
lexical,hamming,python,lexical_075,0.0,0.75,0.0,0.0,0.21934501142421933,0.5443037974683544,0.5443037974683544,0.32867132867132864,1.0,0.4146341463414634,0.41463414634146334,1.0,0.5416666666666666,0.7806549885757806,0.45569620253164556,0.45569620253164556,0.6713286713286714,0.0,0.5853658536585367,0.5853658536585367
lexical,hamming,python,lexical_100,0.0,1.0,0.0,0.0,0.21834723275208492,0.5443037974683544,0.5443037974683544,0.32867132867132864,1.0,0.4146341463414634,0.41463414634146334,1.0,0.4166666666666667,0.7816527672479151,0.45569620253164556,0.45569620253164556,0.6713286713286714,0.0,0.5853658536585367,0.5853658536585367
lexical,hamming,python,structural_025,0.0,0.0,0.25,0.0,0.22308288148721922,0.5443037974683544,0.5443037974683544,0.32867132867132864,1.0,0.4146341463414634,0.41463414634146334,1.0,1.0,0.7769171185127808,0.45569620253164556,0.45569620253164556,0.6713286713286714,0.0,0.5853658536585367,0.5853658536585367
lexical,hamming,python,structural_050,0.0,0.0,0.5,0.0,0.22308288148721922,0.5443037974683544,0.5443037974683544,0.32867132867132864,1.0,0.4146341463414634,0.41463414634146334,1.0,1.0,0.7769171185127808,0.45569620253164556,0.45569620253164556,0.6713286713286714,0.0,0.5853658536585367,0.5853658536585367
lexical,hamming,python,structural_075,0.0,0.0,0.75,0.0,0.22308288148721922,0.5443037974683544,0.5443037974683544,0.32867132867132864,1.0,0.4146341463414634,0.41463414634146334,1.0,1.0,0.7769171185127808,0.45569620253164556,0.45569620253164556,0.6713286713286714,0.0,0.5853658536585367,0.5853658536585367
lexical,hamming,python,structural_100,0.0,0.0,1.0,0.0,0.22308288148721922,0.5443037974683544,0.5443037974683544,0.32867132867132864,1.0,0.4146341463414634,0.41463414634146334,1.0,1.0,0.7769171185127808,0.45569620253164556,0.45569620253164556,0.6713286713286714,0.0,0.5853658536585367,0.5853658536585367
lexical,hamming,python,deletion_025,0.0,0.0,0.0,0.25,0.27718960538979787,0.6142857142857143,0.6142857142857143,0.3949579831932773,1.0,0.4857142857142857,0.48571428571428577,0.75,1.0,0.7228103946102021,0.3857142857142857,0.3857142857142857,0.6050420168067228,0.0,0.5142857142857142,0.5142857142857142
lexical,hamming,python,deletion_050,0.0,0.0,0.0,0.5,0.3668789808917197,0.7049180327868853,0.7049180327868853,0.49473684210526314,1.0,0.5862068965517241,0.5862068965517241,0.5,1.0,0.6331210191082803,0.29508196721311475,0.29508196721311475,0.5052631578947369,0.0,0.4137931034482759,0.4137931034482759
lexical,hamming,python,deletion_075,0.0,0.0,0.0,0.75,0.5383177570093458,0.8269230769230769,0.8269230769230769,0.6619718309859155,1.0,0.7391304347826086,0.7391304347826086,0.25,1.0,0.4616822429906542,0.17307692307692313,0.17307692307692313,0.3380281690140845,0.0,0.26086956521739135,0.26086956521739135
lexical,hamming,python,deletion_100,0.0,0.0,0.0,1.0,1.0,1.0,1.0,1.0,1.0,1.0,1.0,0.0,0.0,0.0,0.0,0.0,0.0,0.0,0.0,0.0
lexical,hamming,python,mixed_low,0.25,0.25,0.25,0.25,0.24427480916030533,0.6142857142857143,0.6142857142857143,0.3949579831932773,1.0,0.4857142857142857,0.48571428571428577,0.75,0.9444444444444444,0.7557251908396947,0.3857142857142857,0.3857142857142857,0.6050420168067228,0.0,0.5142857142857142,0.5142857142857142
lexical,hamming,python,mixed_high,0.5,0.5,0.5,0.5,0.28771228771228774,0.7049180327868853,0.7049180327868853,0.49473684210526314,1.0,0.5862068965517241,0.5862068965517241,0.5,0.6666666666666666,0.7122877122877123,0.29508196721311475,0.29508196721311475,0.5052631578947369,0.0,0.4137931034482759,0.4137931034482759
lexical,hamming,javascript,baseline,0.0,0.0,0.0,0.0,0.28440965427266796,0.5348837209302325,0.5348837209302325,0.33793103448275863,1.0,0.4666666666666667,0.4666666666666667,1.0,1.0,0.715590345727332,0.4651162790697675,0.4651162790697675,0.6620689655172414,0.0,0.5333333333333333,0.5333333333333333
lexical,hamming,javascript,format_025,0.25,0.0,0.0,0.0,0.2518775274407857,0.5348837209302325,0.5348837209302325,0.33793103448275863,1.0,0.4666666666666667,0.4666666666666667,1.0,1.0,0.7481224725592144,0.4651162790697675,0.4651162790697675,0.6620689655172414,0.0,0.5333333333333333,0.5333333333333333
lexical,hamming,javascript,format_050,0.5,0.0,0.0,0.0,0.22602384655261792,0.5348837209302325,0.5348837209302325,0.33793103448275863,1.0,0.4666666666666667,0.4666666666666667,1.0,1.0,0.7739761534473821,0.4651162790697675,0.4651162790697675,0.6620689655172414,0.0,0.5333333333333333,0.5333333333333333
lexical,hamming,javascript,format_100,1.0,0.0,0.0,0.0,0.1875268817204301,0.5348837209302325,0.5348837209302325,0.33793103448275863,1.0,0.4666666666666667,0.4666666666666667,1.0,1.0,0.8124731182795699,0.4651162790697675,0.4651162790697675,0.6620689655172414,0.0,0.5333333333333333,0.5333333333333333
lexical,hamming,javascript,lexical_025,0.0,0.25,0.0,0.0,0.2836694860117111,0.5348837209302325,0.5348837209302325,0.33793103448275863,1.0,0.4666666666666667,0.4666666666666667,1.0,0.9166666666666666,0.716330513988289,0.4651162790697675,0.4651162790697675,0.6620689655172414,0.0,0.5333333333333333,0.5333333333333333
lexical,hamming,javascript,lexical_050,0.0,0.5,0.0,0.0,0.2822006472491909,0.5348837209302325,0.5348837209302325,0.33793103448275863,1.0,0.4666666666666667,0.4666666666666667,1.0,0.75,0.7177993527508091,0.4651162790697675,0.4651162790697675,0.6620689655172414,0.0,0.5333333333333333,0.5333333333333333
lexical,hamming,javascript,lexical_075,0.0,0.75,0.0,0.0,0.27930813581037794,0.5348837209302325,0.5348837209302325,0.33793103448275863,1.0,0.4666666666666667,0.4666666666666667,1.0,0.4166666666666667,0.7206918641896221,0.4651162790697675,0.4651162790697675,0.6620689655172414,0.0,0.5333333333333333,0.5333333333333333
lexical,hamming,javascript,lexical_100,0.0,1.0,0.0,0.0,0.27895073576455537,0.5348837209302325,0.5348837209302325,0.33793103448275863,1.0,0.4666666666666667,0.4666666666666667,1.0,0.375,0.7210492642354447,0.4651162790697675,0.4651162790697675,0.6620689655172414,0.0,0.5333333333333333,0.5333333333333333
lexical,hamming,javascript,structural_025,0.0,0.0,0.25,0.0,0.28440965427266796,0.5348837209302325,0.5348837209302325,0.33793103448275863,1.0,0.4666666666666667,0.4666666666666667,1.0,1.0,0.715590345727332,0.4651162790697675,0.4651162790697675,0.6620689655172414,0.0,0.5333333333333333,0.5333333333333333
lexical,hamming,javascript,structural_050,0.0,0.0,0.5,0.0,0.28440965427266796,0.5348837209302325,0.5348837209302325,0.33793103448275863,1.0,0.4666666666666667,0.4666666666666667,1.0,1.0,0.715590345727332,0.4651162790697675,0.4651162790697675,0.6620689655172414,0.0,0.5333333333333333,0.5333333333333333
lexical,hamming,javascript,structural_075,0.0,0.0,0.75,0.0,0.28440965427266796,0.5348837209302325,0.5348837209302325,0.33793103448275863,1.0,0.4666666666666667,0.4666666666666667,1.0,1.0,0.715590345727332,0.4651162790697675,0.4651162790697675,0.6620689655172414,0.0,0.5333333333333333,0.5333333333333333
lexical,hamming,javascript,structural_100,0.0,0.0,1.0,0.0,0.28440965427266796,0.5348837209302325,0.5348837209302325,0.33793103448275863,1.0,0.4666666666666667,0.4666666666666667,1.0,1.0,0.715590345727332,0.4651162790697675,0.4651162790697675,0.6620689655172414,0.0,0.5333333333333333,0.5333333333333333
lexical,hamming,javascript,deletion_025,0.0,0.0,0.0,0.25,0.34741035856573704,0.6052631578947368,0.6052631578947368,0.4049586776859504,1.0,0.5384615384615384,0.5384615384615384,0.75,1.0,0.6525896414342629,0.39473684210526316,0.39473684210526316,0.5950413223140496,0.0,0.46153846153846156,0.46153846153846156
lexical,hamming,javascript,deletion_050,0.0,0.0,0.0,0.5,0.4444444444444444,0.696969696969697,0.696969696969697,0.5051546391752577,1.0,0.6363636363636364,0.6363636363636364,0.5,1.0,0.5555555555555556,0.303030303030303,0.303030303030303,0.4948453608247423,0.0,0.36363636363636365,0.36363636363636365
lexical,hamming,javascript,deletion_075,0.0,0.0,0.0,0.75,0.614950634696756,0.8214285714285714,0.8214285714285714,0.6712328767123288,1.0,0.7777777777777778,0.7777777777777778,0.25,1.0,0.38504936530324396,0.1785714285714286,0.1785714285714286,0.3287671232876712,0.0,0.2222222222222222,0.2222222222222222
lexical,hamming,javascript,deletion_100,0.0,0.0,0.0,1.0,1.0,1.0,1.0,1.0,1.0,1.0,1.0,0.0,0.0,0.0,0.0,0.0,0.0,0.0,0.0,0.0
lexical,hamming,javascript,mixed_low,0.25,0.25,0.25,0.25,0.31299353912419237,0.6052631578947368,0.6052631578947368,0.4049586776859504,1.0,0.5384615384615384,0.5384615384615384,0.75,0.9444444444444444,0.6870064608758076,0.39473684210526316,0.39473684210526316,0.5950413223140496,0.0,0.46153846153846156,0.46153846153846156
lexical,hamming,javascript,mixed_high,0.5,0.5,0.5,0.5,0.36731255265374896,0.696969696969697,0.696969696969697,0.5051546391752577,1.0,0.6363636363636364,0.6363636363636364,0.5,0.75,0.632687447346251,0.303030303030303,0.303030303030303,0.4948453608247423,0.0,0.36363636363636365,0.36363636363636365
lexical,isogram,python,baseline,0.0,0.0,0.0,0.0,0.188951160928743,0.5135135135135135,0.5135135135135135,0.28888888888888886,1.0,0.3684210526315789,0.368421052631579,1.0,1.0,0.811048839071257,0.4864864864864865,0.4864864864864865,0.7111111111111111,0.0,0.631578947368421,0.631578947368421
lexical,isogram,python,format_025,0.25,0.0,0.0,0.0,0.1624225739848589,0.5135135135135135,0.5135135135135135,0.28888888888888886,1.0,0.3684210526315789,0.368421052631579,1.0,1.0,0.8375774260151411,0.4864864864864865,0.4864864864864865,0.7111111111111111,0.0,0.631578947368421,0.631578947368421
lexical,isogram,python,format_050,0.5,0.0,0.0,0.0,0.1424260712130356,0.5135135135135135,0.5135135135135135,0.28888888888888886,1.0,0.3684210526315789,0.368421052631579,1.0,1.0,0.8575739287869644,0.4864864864864865,0.4864864864864865,0.7111111111111111,0.0,0.631578947368421,0.631578947368421
lexical,isogram,python,format_100,1.0,0.0,0.0,0.0,0.11428571428571428,0.5135135135135135,0.5135135135135135,0.28888888888888886,1.0,0.3684210526315789,0.368421052631579,1.0,1.0,0.8857142857142857,0.4864864864864865,0.4864864864864865,0.7111111111111111,0.0,0.631578947368421,0.631578947368421
lexical,isogram,python,lexical_025,0.0,0.25,0.0,0.0,0.18864908073541167,0.5135135135135135,0.5135135135135135,0.28888888888888886,1.0,0.3684210526315789,0.368421052631579,1.0,0.9583333333333334,0.8113509192645884,0.4864864864864865,0.4864864864864865,0.7111111111111111,0.0,0.631578947368421,0.631578947368421
lexical,isogram,python,lexical_050,0.0,0.5,0.0,0.0,0.187450357426529,0.5135135135135135,0.5135135135135135,0.28888888888888886,1.0,0.3684210526315789,0.368421052631579,1.0,0.7916666666666666,0.8125496425734711,0.4864864864864865,0.4864864864864865,0.7111111111111111,0.0,0.631578947368421,0.631578947368421
lexical,isogram,python,lexical_075,0.0,0.75,0.0,0.0,0.18715305313243458,0.5135135135135135,0.5135135135135135,0.28888888888888886,1.0,0.3684210526315789,0.368421052631579,1.0,0.75,0.8128469468675654,0.4864864864864865,0.4864864864864865,0.7111111111111111,0.0,0.631578947368421,0.631578947368421
lexical,isogram,python,lexical_100,0.0,1.0,0.0,0.0,0.186266771902131,0.5135135135135135,0.5135135135135135,0.28888888888888886,1.0,0.3684210526315789,0.368421052631579,1.0,0.625,0.813733228097869,0.4864864864864865,0.4864864864864865,0.7111111111111111,0.0,0.631578947368421,0.631578947368421
lexical,isogram,python,structural_025,0.0,0.0,0.25,0.0,0.188951160928743,0.5135135135135135,0.5135135135135135,0.28888888888888886,1.0,0.3684210526315789,0.368421052631579,1.0,1.0,0.811048839071257,0.4864864864864865,0.4864864864864865,0.7111111111111111,0.0,0.631578947368421,0.631578947368421
lexical,isogram,python,structural_050,0.0,0.0,0.5,0.0,0.188951160928743,0.5135135135135135,0.5135135135135135,0.28888888888888886,1.0,0.3684210526315789,0.368421052631579,1.0,1.0,0.811048839071257,0.4864864864864865,0.4864864864864865,0.7111111111111111,0.0,0.631578947368421,0.631578947368421
lexical,isogram,python,structural_075,0.0,0.0,0.75,0.0,0.188951160928743,0.5135135135135135,0.5135135135135135,0.28888888888888886,1.0,0.3684210526315789,0.368421052631579,1.0,1.0,0.811048839071257,0.4864864864864865,0.4864864864864865,0.7111111111111111,0.0,0.631578947368421,0.631578947368421
lexical,isogram,python,structural_100,0.0,0.0,1.0,0.0,0.188951160928743,0.5135135135135135,0.5135135135135135,0.28888888888888886,1.0,0.3684210526315789,0.368421052631579,1.0,1.0,0.811048839071257,0.4864864864864865,0.4864864864864865,0.7111111111111111,0.0,0.631578947368421,0.631578947368421
lexical,isogram,python,deletion_025,0.0,0.0,0.0,0.25,0.23814328960645811,0.5846153846153846,0.5846153846153846,0.35135135135135137,1.0,0.4375,0.4375,0.75,1.0,0.7618567103935419,0.41538461538461535,0.41538461538461535,0.6486486486486487,0.0,0.5625,0.5625
lexical,isogram,python,deletion_050,0.0,0.0,0.0,0.5,0.3202170963364993,0.6785714285714286,0.6785714285714286,0.4482758620689655,1.0,0.5384615384615384,0.5384615384615384,0.5,1.0,0.6797829036635007,0.3214285714285714,0.3214285714285714,0.5517241379310345,0.0,0.46153846153846156,0.46153846153846156
lexical,isogram,python,deletion_075,0.0,0.0,0.0,0.75,0.48065173116089616,0.8085106382978723,0.8085106382978723,0.6190476190476191,1.0,0.7,0.7,0.25,1.0,0.5193482688391038,0.19148936170212771,0.19148936170212771,0.38095238095238093,0.0,0.30000000000000004,0.30000000000000004
lexical,isogram,python,deletion_100,0.0,0.0,0.0,1.0,1.0,1.0,1.0,1.0,1.0,1.0,1.0,0.0,0.0,0.0,0.0,0.0,0.0,0.0,0.0,0.0
lexical,isogram,python,mixed_low,0.25,0.25,0.25,0.25,0.2075637642919965,0.5846153846153846,0.5846153846153846,0.35135135135135137,1.0,0.4375,0.4375,0.75,0.8888888888888888,0.7924362357080035,0.41538461538461535,0.41538461538461535,0.6486486486486487,0.0,0.5625,0.5625
lexical,isogram,python,mixed_high,0.5,0.5,0.5,0.5,0.24868282402528977,0.6785714285714286,0.6785714285714286,0.4482758620689655,1.0,0.5384615384615384,0.5384615384615384,0.5,0.8333333333333334,0.7513171759747103,0.3214285714285714,0.3214285714285714,0.5517241379310345,0.0,0.46153846153846156,0.46153846153846156
lexical,isogram,javascript,baseline,0.0,0.0,0.0,0.0,0.21270521056388295,0.4642857142857143,0.4642857142857143,0.25,1.0,0.4,0.4375,1.0,1.0,0.7872947894361171,0.5357142857142857,0.5357142857142857,0.75,0.0,0.6,0.5625
lexical,isogram,javascript,format_025,0.25,0.0,0.0,0.0,0.18636647904940587,0.4642857142857143,0.4642857142857143,0.25,1.0,0.4,0.4375,1.0,1.0,0.8136335209505942,0.5357142857142857,0.5357142857142857,0.75,0.0,0.6,0.5625
lexical,isogram,javascript,format_050,0.5,0.0,0.0,0.0,0.16583194212576516,0.4642857142857143,0.4642857142857143,0.25,1.0,0.4,0.4375,1.0,1.0,0.8341680578742349,0.5357142857142857,0.5357142857142857,0.75,0.0,0.6,0.5625
lexical,isogram,javascript,format_100,1.0,0.0,0.0,0.0,0.13588691290469676,0.4642857142857143,0.4642857142857143,0.25,1.0,0.4,0.4375,1.0,1.0,0.8641130870953032,0.5357142857142857,0.5357142857142857,0.75,0.0,0.6,0.5625
lexical,isogram,javascript,lexical_025,0.0,0.25,0.0,0.0,0.21209964412811388,0.4642857142857143,0.4642857142857143,0.25,1.0,0.4,0.4375,1.0,0.9166666666666666,0.7879003558718861,0.5357142857142857,0.5357142857142857,0.75,0.0,0.6,0.5625
lexical,isogram,javascript,lexical_050,0.0,0.5,0.0,0.0,0.21119773210489015,0.4642857142857143,0.4642857142857143,0.25,1.0,0.4,0.4375,1.0,0.7916666666666666,0.7888022678951099,0.5357142857142857,0.5357142857142857,0.75,0.0,0.6,0.5625
lexical,isogram,javascript,lexical_075,0.0,0.75,0.0,0.0,0.20941672522839072,0.4642857142857143,0.4642857142857143,0.25,1.0,0.4,0.42500000000000004,1.0,0.5416666666666666,0.7905832747716093,0.5357142857142857,0.5357142857142857,0.75,0.0,0.6,0.575
lexical,isogram,javascript,lexical_100,0.0,1.0,0.0,0.0,0.20912280701754385,0.4642857142857143,0.4642857142857143,0.25,1.0,0.4,0.4,1.0,0.5,0.7908771929824562,0.5357142857142857,0.5357142857142857,0.75,0.0,0.6,0.6
lexical,isogram,javascript,structural_025,0.0,0.0,0.25,0.0,0.21270521056388295,0.4642857142857143,0.4642857142857143,0.25,1.0,0.4,0.4375,1.0,1.0,0.7872947894361171,0.5357142857142857,0.5357142857142857,0.75,0.0,0.6,0.5625
lexical,isogram,javascript,structural_050,0.0,0.0,0.5,0.0,0.21270521056388295,0.4642857142857143,0.4642857142857143,0.25,1.0,0.4,0.4375,1.0,1.0,0.7872947894361171,0.5357142857142857,0.5357142857142857,0.75,0.0,0.6,0.5625
lexical,isogram,javascript,structural_075,0.0,0.0,0.75,0.0,0.21270521056388295,0.4642857142857143,0.4642857142857143,0.25,1.0,0.4,0.4375,1.0,1.0,0.7872947894361171,0.5357142857142857,0.5357142857142857,0.75,0.0,0.6,0.5625
lexical,isogram,javascript,structural_100,0.0,0.0,1.0,0.0,0.21270521056388295,0.4642857142857143,0.4642857142857143,0.25,1.0,0.4,0.4375,1.0,1.0,0.7872947894361171,0.5357142857142857,0.5357142857142857,0.75,0.0,0.6,0.5625
lexical,isogram,javascript,deletion_025,0.0,0.0,0.0,0.25,0.2648888888888889,0.5360824742268041,0.5360824742268041,0.3076923076923077,1.0,0.47058823529411764,0.5036764705882353,0.75,1.0,0.735111111111111,0.4639175257731959,0.4639175257731959,0.6923076923076923,0.0,0.5294117647058824,0.4963235294117647
lexical,isogram,javascript,deletion_050,0.0,0.0,0.0,0.5,0.35182998819362454,0.6341463414634146,0.6341463414634146,0.4,1.0,0.5714285714285714,0.5982142857142857,0.5,1.0,0.6481700118063755,0.36585365853658536,0.36585365853658536,0.6,0.0,0.4285714285714286,0.4017857142857143
lexical,isogram,javascript,deletion_075,0.0,0.0,0.0,0.75,0.5200698080279232,0.7761194029850746,0.7761194029850746,0.5714285714285714,1.0,0.7272727272727273,0.7443181818181819,0.25,1.0,0.47993019197207676,0.22388059701492535,0.22388059701492535,0.4285714285714286,0.0,0.2727272727272727,0.2556818181818181
lexical,isogram,javascript,deletion_100,0.0,0.0,0.0,1.0,1.0,1.0,1.0,1.0,1.0,1.0,1.0,0.0,0.0,0.0,0.0,0.0,0.0,0.0,0.0,0.0
lexical,isogram,javascript,mixed_low,0.25,0.25,0.25,0.25,0.23632038065027755,0.5360824742268041,0.5360824742268041,0.3076923076923077,1.0,0.47058823529411764,0.5036764705882353,0.75,0.8888888888888888,0.7636796193497224,0.4639175257731959,0.4639175257731959,0.6923076923076923,0.0,0.5294117647058824,0.4963235294117647
lexical,isogram,javascript,mixed_high,0.5,0.5,0.5,0.5,0.28192999053926204,0.6341463414634146,0.6341463414634146,0.4,1.0,0.5714285714285714,0.5982142857142857,0.5,0.6666666666666666,0.718070009460738,0.36585365853658536,0.36585365853658536,0.6,0.0,0.4285714285714286,0.4017857142857143
lexical,triangle,python,baseline,0.0,0.0,0.0,0.0,0.3277814790139907,0.6538461538461539,0.6538461538461539,0.4838709677419355,1.0,0.5555555555555556,0.5555555555555556,1.0,1.0,0.6722185209860093,0.34615384615384615,0.34615384615384615,0.5161290322580645,0.0,0.4444444444444444,0.4444444444444444
lexical,triangle,python,format_025,0.25,0.0,0.0,0.0,0.28856304985337244,0.6538461538461539,0.6538461538461539,0.4838709677419355,1.0,0.5555555555555556,0.5555555555555556,1.0,1.0,0.7114369501466276,0.34615384615384615,0.34615384615384615,0.5161290322580645,0.0,0.4444444444444444,0.4444444444444444
lexical,triangle,python,format_050,0.5,0.0,0.0,0.0,0.2577265584075432,0.6538461538461539,0.6538461538461539,0.4838709677419355,1.0,0.5555555555555556,0.5555555555555556,1.0,1.0,0.7422734415924568,0.34615384615384615,0.34615384615384615,0.5161290322580645,0.0,0.4444444444444444,0.4444444444444444
lexical,triangle,python,format_100,1.0,0.0,0.0,0.0,0.2123435476909797,0.6538461538461539,0.6538461538461539,0.4838709677419355,1.0,0.5555555555555556,0.5555555555555556,1.0,1.0,0.7876564523090203,0.34615384615384615,0.34615384615384615,0.5161290322580645,0.0,0.4444444444444444,0.4444444444444444
lexical,triangle,python,lexical_025,0.0,0.25,0.0,0.0,0.32647644326476444,0.6538461538461539,0.6538461538461539,0.4838709677419355,1.0,0.5555555555555556,0.5555555555555556,1.0,0.875,0.6735235567352356,0.34615384615384615,0.34615384615384615,0.5161290322580645,0.0,0.4444444444444444,0.4444444444444444
lexical,triangle,python,lexical_050,0.0,0.5,0.0,0.0,0.3256121773659828,0.6538461538461539,0.6538461538461539,0.4838709677419355,1.0,0.5555555555555556,0.5555555555555556,1.0,0.7916666666666666,0.6743878226340172,0.34615384615384615,0.34615384615384615,0.5161290322580645,0.0,0.4444444444444444,0.4444444444444444
lexical,triangle,python,lexical_075,0.0,0.75,0.0,0.0,0.32432432432432434,0.6538461538461539,0.6538461538461539,0.4838709677419355,1.0,0.5555555555555556,0.5555555555555556,1.0,0.6666666666666666,0.6756756756756757,0.34615384615384615,0.34615384615384615,0.5161290322580645,0.0,0.4444444444444444,0.4444444444444444
lexical,triangle,python,lexical_100,0.0,1.0,0.0,0.0,0.3230466185160867,0.6538461538461539,0.6538461538461539,0.4838709677419355,1.0,0.5555555555555556,0.5555555555555556,1.0,0.5416666666666666,0.6769533814839133,0.34615384615384615,0.34615384615384615,0.5161290322580645,0.0,0.4444444444444444,0.4444444444444444
lexical,triangle,python,structural_025,0.0,0.0,0.25,0.0,0.3277814790139907,0.6538461538461539,0.6538461538461539,0.4838709677419355,1.0,0.5555555555555556,0.5555555555555556,1.0,1.0,0.6722185209860093,0.34615384615384615,0.34615384615384615,0.5161290322580645,0.0,0.4444444444444444,0.4444444444444444
lexical,triangle,python,structural_050,0.0,0.0,0.5,0.0,0.3277814790139907,0.6538461538461539,0.6538461538461539,0.4838709677419355,1.0,0.5555555555555556,0.5555555555555556,1.0,1.0,0.6722185209860093,0.34615384615384615,0.34615384615384615,0.5161290322580645,0.0,0.4444444444444444,0.4444444444444444
lexical,triangle,python,structural_075,0.0,0.0,0.75,0.0,0.3277814790139907,0.6538461538461539,0.6538461538461539,0.4838709677419355,1.0,0.5555555555555556,0.5555555555555556,1.0,1.0,0.6722185209860093,0.34615384615384615,0.34615384615384615,0.5161290322580645,0.0,0.4444444444444444,0.4444444444444444
lexical,triangle,python,structural_100,0.0,0.0,1.0,0.0,0.3277814790139907,0.6538461538461539,0.6538461538461539,0.4838709677419355,1.0,0.5555555555555556,0.5555555555555556,1.0,1.0,0.6722185209860093,0.34615384615384615,0.34615384615384615,0.5161290322580645,0.0,0.4444444444444444,0.4444444444444444
lexical,triangle,python,deletion_025,0.0,0.0,0.0,0.25,0.3939151321056846,0.7157894736842105,0.7157894736842105,0.5555555555555556,1.0,0.625,0.625,0.75,1.0,0.6060848678943154,0.28421052631578947,0.28421052631578947,0.4444444444444444,0.0,0.375,0.375
lexical,triangle,python,deletion_050,0.0,0.0,0.0,0.5,0.49447236180904525,0.7906976744186046,0.7906976744186046,0.6521739130434783,1.0,0.7142857142857143,0.7142857142857143,0.5,1.0,0.5055276381909548,0.2093023255813954,0.2093023255813954,0.34782608695652173,0.0,0.2857142857142857,0.2857142857142857
lexical,triangle,python,deletion_075,0.0,0.0,0.0,0.75,0.6604026845637584,0.8831168831168831,0.8831168831168831,0.7894736842105263,1.0,0.8333333333333334,0.8333333333333334,0.25,1.0,0.3395973154362416,0.11688311688311692,0.11688311688311692,0.21052631578947367,0.0,0.16666666666666663,0.16666666666666663
lexical,triangle,python,deletion_100,0.0,0.0,0.0,1.0,1.0,1.0,1.0,1.0,1.0,1.0,1.0,0.0,0.0,0.0,0.0,0.0,0.0,0.0,0.0,0.0
lexical,triangle,python,mixed_low,0.25,0.25,0.25,0.25,0.3537023723939612,0.7157894736842105,0.7157894736842105,0.5555555555555556,1.0,0.625,0.625,0.75,0.8333333333333334,0.6462976276060388,0.28421052631578947,0.28421052631578947,0.4444444444444444,0.0,0.375,0.375
lexical,triangle,python,mixed_high,0.5,0.5,0.5,0.5,0.4076222038111019,0.7906976744186046,0.7906976744186046,0.6521739130434783,1.0,0.7142857142857143,0.7142857142857143,0.5,0.8333333333333334,0.5923777961888981,0.2093023255813954,0.2093023255813954,0.34782608695652173,0.0,0.2857142857142857,0.2857142857142857
lexical,triangle,javascript,baseline,0.0,0.0,0.0,0.0,0.3048094940662086,0.5714285714285714,0.5714285714285714,0.3924050632911392,1.0,0.5714285714285714,0.5714285714285714,1.0,1.0,0.6951905059337914,0.4285714285714286,0.4285714285714286,0.6075949367088608,0.0,0.4285714285714286,0.4285714285714286
lexical,triangle,javascript,format_025,0.25,0.0,0.0,0.0,0.2712618121178432,0.5714285714285714,0.5714285714285714,0.3924050632911392,1.0,0.5714285714285714,0.5714285714285714,1.0,1.0,0.7287381878821568,0.4285714285714286,0.4285714285714286,0.6075949367088608,0.0,0.4285714285714286,0.4285714285714286
lexical,triangle,javascript,format_050,0.5,0.0,0.0,0.0,0.2443665498247371,0.5714285714285714,0.5714285714285714,0.3924050632911392,1.0,0.5714285714285714,0.5714285714285714,1.0,1.0,0.7556334501752628,0.4285714285714286,0.4285714285714286,0.6075949367088608,0.0,0.4285714285714286,0.4285714285714286
lexical,triangle,javascript,format_100,1.0,0.0,0.0,0.0,0.20392812369410782,0.5714285714285714,0.5714285714285714,0.3924050632911392,1.0,0.5714285714285714,0.5714285714285714,1.0,1.0,0.7960718763058922,0.4285714285714286,0.4285714285714286,0.6075949367088608,0.0,0.4285714285714286,0.4285714285714286
lexical,triangle,javascript,lexical_025,0.0,0.25,0.0,0.0,0.3040498442367601,0.5714285714285714,0.5714285714285714,0.3924050632911392,1.0,0.5714285714285714,0.5714285714285714,1.0,0.9166666666666666,0.6959501557632399,0.4285714285714286,0.4285714285714286,0.6075949367088608,0.0,0.4285714285714286,0.4285714285714286
lexical,triangle,javascript,lexical_050,0.0,0.5,0.0,0.0,0.3040498442367601,0.5714285714285714,0.5714285714285714,0.3924050632911392,1.0,0.5714285714285714,0.5714285714285714,1.0,0.9166666666666666,0.6959501557632399,0.4285714285714286,0.4285714285714286,0.6075949367088608,0.0,0.4285714285714286,0.4285714285714286
lexical,triangle,javascript,lexical_075,0.0,0.75,0.0,0.0,0.30254184748915064,0.5714285714285714,0.5714285714285714,0.3924050632911392,1.0,0.5714285714285714,0.5714285714285714,1.0,0.75,0.6974581525108494,0.4285714285714286,0.4285714285714286,0.6075949367088608,0.0,0.4285714285714286,0.4285714285714286
lexical,triangle,javascript,lexical_100,0.0,1.0,0.0,0.0,0.3021671826625387,0.5714285714285714,0.5714285714285714,0.3924050632911392,1.0,0.5714285714285714,0.5714285714285714,1.0,0.7083333333333334,0.6978328173374613,0.4285714285714286,0.4285714285714286,0.6075949367088608,0.0,0.4285714285714286,0.4285714285714286
lexical,triangle,javascript,structural_025,0.0,0.0,0.25,0.0,0.3048094940662086,0.5714285714285714,0.5714285714285714,0.3924050632911392,1.0,0.5714285714285714,0.5714285714285714,1.0,1.0,0.6951905059337914,0.4285714285714286,0.4285714285714286,0.6075949367088608,0.0,0.4285714285714286,0.4285714285714286
lexical,triangle,javascript,structural_050,0.0,0.0,0.5,0.0,0.3048094940662086,0.5714285714285714,0.5714285714285714,0.3924050632911392,1.0,0.5714285714285714,0.5714285714285714,1.0,1.0,0.6951905059337914,0.4285714285714286,0.4285714285714286,0.6075949367088608,0.0,0.4285714285714286,0.4285714285714286
lexical,triangle,javascript,structural_075,0.0,0.0,0.75,0.0,0.3048094940662086,0.5714285714285714,0.5714285714285714,0.3924050632911392,1.0,0.5714285714285714,0.5714285714285714,1.0,1.0,0.6951905059337914,0.4285714285714286,0.4285714285714286,0.6075949367088608,0.0,0.4285714285714286,0.4285714285714286
lexical,triangle,javascript,structural_100,0.0,0.0,1.0,0.0,0.3048094940662086,0.5714285714285714,0.5714285714285714,0.3924050632911392,1.0,0.5714285714285714,0.5714285714285714,1.0,1.0,0.6951905059337914,0.4285714285714286,0.4285714285714286,0.6075949367088608,0.0,0.4285714285714286,0.4285714285714286
lexical,triangle,javascript,deletion_025,0.0,0.0,0.0,0.25,0.3688586545729403,0.64,0.64,0.4626865671641791,1.0,0.64,0.64,0.75,1.0,0.6311413454270597,0.36,0.36,0.5373134328358209,0.0,0.36,0.36
lexical,triangle,javascript,deletion_050,0.0,0.0,0.0,0.5,0.46968238691049086,0.7272727272727273,0.7272727272727273,0.5636363636363636,1.0,0.7272727272727273,0.7272727272727273,0.5,1.0,0.5303176130895091,0.2727272727272727,0.2727272727272727,0.4363636363636364,0.0,0.2727272727272727,0.2727272727272727
lexical,triangle,javascript,deletion_075,0.0,0.0,0.0,0.75,0.6395806028833552,0.8421052631578947,0.8421052631578947,0.7209302325581395,1.0,0.8421052631578947,0.8421052631578947,0.25,1.0,0.36041939711664484,0.1578947368421053,0.1578947368421053,0.2790697674418605,0.0,0.1578947368421053,0.1578947368421053
lexical,triangle,javascript,deletion_100,0.0,0.0,0.0,1.0,1.0,1.0,1.0,1.0,1.0,1.0,1.0,0.0,0.0,0.0,0.0,0.0,0.0,0.0,0.0,0.0
lexical,triangle,javascript,mixed_low,0.25,0.25,0.25,0.25,0.33493479752916955,0.64,0.64,0.4626865671641791,1.0,0.64,0.6399999999999999,0.75,0.8888888888888888,0.6650652024708305,0.36,0.36,0.5373134328358209,0.0,0.36,0.3600000000000001
lexical,triangle,javascript,mixed_high,0.5,0.5,0.5,0.5,0.3913392141138733,0.7272727272727273,0.7272727272727273,0.5636363636363636,1.0,0.7272727272727273,0.7272727272727273,0.5,0.8333333333333334,0.6086607858861267,0.2727272727272727,0.2727272727272727,0.4363636363636364,0.0,0.2727272727272727,0.2727272727272727
lexical,luhn,python,baseline,0.0,0.0,0.0,0.0,0.4255561893896178,0.7096774193548387,0.7096774193548387,0.5270935960591133,1.0,0.5471698113207547,0.5471698113207547,1.0,1.0,0.5744438106103822,0.29032258064516125,0.29032258064516125,0.4729064039408867,0.0,0.4528301886792453,0.4528301886792453
lexical,luhn,python,format_025,0.25,0.0,0.0,0.0,0.3811957077158917,0.7096774193548387,0.7096774193548387,0.5270935960591133,1.0,0.5471698113207547,0.5471698113207547,1.0,1.0,0.6188042922841084,0.29032258064516125,0.29032258064516125,0.4729064039408867,0.0,0.4528301886792453,0.4528301886792453
lexical,luhn,python,format_050,0.5,0.0,0.0,0.0,0.34521055067098566,0.7096774193548387,0.7096774193548387,0.5270935960591133,1.0,0.5471698113207547,0.5471698113207547,1.0,1.0,0.6547894493290143,0.29032258064516125,0.29032258064516125,0.4729064039408867,0.0,0.4528301886792453,0.4528301886792453
lexical,luhn,python,format_100,1.0,0.0,0.0,0.0,0.29038536395484627,0.7096774193548387,0.7096774193548387,0.5270935960591133,1.0,0.5471698113207547,0.5471698113207547,1.0,1.0,0.7096146360451537,0.29032258064516125,0.29032258064516125,0.4729064039408867,0.0,0.4528301886792453,0.4528301886792453
lexical,luhn,python,lexical_025,0.0,0.25,0.0,0.0,0.4236229415105054,0.7096774193548387,0.7096774193548387,0.5270935960591133,1.0,0.5471698113207547,0.5471698113207547,1.0,0.8333333333333334,0.5763770584894946,0.29032258064516125,0.29032258064516125,0.4729064039408867,0.0,0.4528301886792453,0.4528301886792453
lexical,luhn,python,lexical_050,0.0,0.5,0.0,0.0,0.4226628895184136,0.7096774193548387,0.7096774193548387,0.5270935960591133,1.0,0.5471698113207547,0.5471698113207547,1.0,0.75,0.5773371104815864,0.29032258064516125,0.29032258064516125,0.4729064039408867,0.0,0.4528301886792453,0.4528301886792453
lexical,luhn,python,lexical_075,0.0,0.75,0.0,0.0,0.4212309429700734,0.7096774193548387,0.7096774193548387,0.5270935960591133,1.0,0.5471698113207547,0.5471698113207547,1.0,0.625,0.5787690570299266,0.29032258064516125,0.29032258064516125,0.4729064039408867,0.0,0.4528301886792453,0.4528301886792453
lexical,luhn,python,lexical_100,0.0,1.0,0.0,0.0,0.41980866629150254,0.7096774193548387,0.7096774193548387,0.5270935960591133,1.0,0.5471698113207547,0.5471698113207547,1.0,0.5,0.5801913337084974,0.29032258064516125,0.29032258064516125,0.4729064039408867,0.0,0.4528301886792453,0.4528301886792453
lexical,luhn,python,structural_025,0.0,0.0,0.25,0.0,0.4255561893896178,0.7096774193548387,0.7096774193548387,0.5270935960591133,1.0,0.5471698113207547,0.5471698113207547,1.0,1.0,0.5744438106103822,0.29032258064516125,0.29032258064516125,0.4729064039408867,0.0,0.4528301886792453,0.4528301886792453
lexical,luhn,python,structural_050,0.0,0.0,0.5,0.0,0.4255561893896178,0.7096774193548387,0.7096774193548387,0.5270935960591133,1.0,0.5471698113207547,0.5471698113207547,1.0,1.0,0.5744438106103822,0.29032258064516125,0.29032258064516125,0.4729064039408867,0.0,0.4528301886792453,0.4528301886792453
lexical,luhn,python,structural_075,0.0,0.0,0.75,0.0,0.4255561893896178,0.7096774193548387,0.7096774193548387,0.5270935960591133,1.0,0.5471698113207547,0.5471698113207547,1.0,1.0,0.5744438106103822,0.29032258064516125,0.29032258064516125,0.4729064039408867,0.0,0.4528301886792453,0.4528301886792453
lexical,luhn,python,structural_100,0.0,0.0,1.0,0.0,0.4255561893896178,0.7096774193548387,0.7096774193548387,0.5270935960591133,1.0,0.5471698113207547,0.5471698113207547,1.0,1.0,0.5744438106103822,0.29032258064516125,0.29032258064516125,0.4729064039408867,0.0,0.4528301886792453,0.4528301886792453
lexical,luhn,python,deletion_025,0.0,0.0,0.0,0.25,0.49766511007338227,0.7652173913043478,0.7652173913043478,0.5977653631284916,1.0,0.6170212765957447,0.6170212765957447,0.75,1.0,0.5023348899266178,0.23478260869565215,0.23478260869565215,0.4022346368715084,0.0,0.3829787234042553,0.3829787234042553
lexical,luhn,python,deletion_050,0.0,0.0,0.0,0.5,0.5972778222578062,0.8301886792452831,0.8301886792452831,0.6903225806451613,1.0,0.7073170731707317,0.7073170731707317,0.5,1.0,0.40272217774219377,0.16981132075471694,0.16981132075471694,0.3096774193548387,0.0,0.29268292682926833,0.29268292682926833
lexical,luhn,python,deletion_075,0.0,0.0,0.0,0.75,0.7512588116817724,0.9072164948453608,0.9072164948453608,0.816793893129771,1.0,0.8285714285714286,0.8285714285714286,0.25,1.0,0.24874118831822756,0.09278350515463918,0.09278350515463918,0.18320610687022898,0.0,0.17142857142857137,0.17142857142857137
lexical,luhn,python,deletion_100,0.0,0.0,0.0,1.0,1.0,1.0,1.0,1.0,1.0,1.0,1.0,0.0,0.0,0.0,0.0,0.0,0.0,0.0,0.0,0.0
lexical,luhn,python,mixed_low,0.25,0.25,0.25,0.25,0.4534954407294833,0.7652173913043478,0.7652173913043478,0.5977653631284916,1.0,0.6170212765957447,0.6170212765957447,0.75,0.8333333333333334,0.5465045592705167,0.23478260869565215,0.23478260869565215,0.4022346368715084,0.0,0.3829787234042553,0.3829787234042553
lexical,luhn,python,mixed_high,0.5,0.5,0.5,0.5,0.5127147766323024,0.8301886792452831,0.8301886792452831,0.6903225806451613,1.0,0.7073170731707317,0.7073170731707317,0.5,0.8333333333333334,0.48728522336769764,0.16981132075471694,0.16981132075471694,0.3096774193548387,0.0,0.29268292682926833,0.29268292682926833
lexical,luhn,javascript,baseline,0.0,0.0,0.0,0.0,0.41610036591740723,0.6858638743455497,0.6858638743455497,0.48936170212765956,1.0,0.5714285714285714,0.5714285714285714,1.0,1.0,0.5838996340825928,0.31413612565445026,0.31413612565445026,0.5106382978723405,0.0,0.4285714285714286,0.4285714285714286
lexical,luhn,javascript,format_025,0.25,0.0,0.0,0.0,0.37707247749881573,0.6858638743455497,0.6858638743455497,0.48936170212765956,1.0,0.5714285714285714,0.5714285714285714,1.0,1.0,0.6229275225011843,0.31413612565445026,0.31413612565445026,0.5106382978723405,0.0,0.4285714285714286,0.4285714285714286
lexical,luhn,javascript,format_050,0.5,0.0,0.0,0.0,0.3447379818103075,0.6858638743455497,0.6858638743455497,0.48936170212765956,1.0,0.5714285714285714,0.5714285714285714,1.0,1.0,0.6552620181896924,0.31413612565445026,0.31413612565445026,0.5106382978723405,0.0,0.4285714285714286,0.4285714285714286
lexical,luhn,javascript,format_100,1.0,0.0,0.0,0.0,0.2942698706099815,0.6858638743455497,0.6858638743455497,0.48936170212765956,1.0,0.5714285714285714,0.5714285714285714,1.0,1.0,0.7057301293900184,0.31413612565445026,0.31413612565445026,0.5106382978723405,0.0,0.4285714285714286,0.4285714285714286
lexical,luhn,javascript,lexical_025,0.0,0.25,0.0,0.0,0.4152321335419927,0.6858638743455497,0.6858638743455497,0.48936170212765956,1.0,0.5714285714285714,0.5714285714285714,1.0,0.9166666666666666,0.5847678664580074,0.31413612565445026,0.31413612565445026,0.5106382978723405,0.0,0.4285714285714286,0.4285714285714286
lexical,luhn,javascript,lexical_050,0.0,0.5,0.0,0.0,0.4152321335419927,0.6858638743455497,0.6858638743455497,0.48936170212765956,1.0,0.5714285714285714,0.5714285714285714,1.0,0.9166666666666666,0.5847678664580074,0.31413612565445026,0.31413612565445026,0.5106382978723405,0.0,0.4285714285714286,0.4285714285714286
lexical,luhn,javascript,lexical_075,0.0,0.75,0.0,0.0,0.41479937467430955,0.6858638743455497,0.6858638743455497,0.48936170212765956,1.0,0.5714285714285714,0.5714285714285714,1.0,0.875,0.5852006253256905,0.31413612565445026,0.31413612565445026,0.5106382978723405,0.0,0.4285714285714286,0.4285714285714286
lexical,luhn,javascript,lexical_100,0.0,1.0,0.0,0.0,0.4139365574622985,0.6858638743455497,0.6858638743455497,0.48936170212765956,1.0,0.5714285714285714,0.5714285714285714,1.0,0.7916666666666666,0.5860634425377015,0.31413612565445026,0.31413612565445026,0.5106382978723405,0.0,0.4285714285714286,0.4285714285714286
lexical,luhn,javascript,structural_025,0.0,0.0,0.25,0.0,0.41610036591740723,0.6858638743455497,0.6858638743455497,0.48936170212765956,1.0,0.5714285714285714,0.5714285714285714,1.0,1.0,0.5838996340825928,0.31413612565445026,0.31413612565445026,0.5106382978723405,0.0,0.4285714285714286,0.4285714285714286
lexical,luhn,javascript,structural_050,0.0,0.0,0.5,0.0,0.41610036591740723,0.6858638743455497,0.6858638743455497,0.48936170212765956,1.0,0.5714285714285714,0.5714285714285714,1.0,1.0,0.5838996340825928,0.31413612565445026,0.31413612565445026,0.5106382978723405,0.0,0.4285714285714286,0.4285714285714286
lexical,luhn,javascript,structural_075,0.0,0.0,0.75,0.0,0.41610036591740723,0.6858638743455497,0.6858638743455497,0.48936170212765956,1.0,0.5714285714285714,0.5714285714285714,1.0,1.0,0.5838996340825928,0.31413612565445026,0.31413612565445026,0.5106382978723405,0.0,0.4285714285714286,0.4285714285714286
lexical,luhn,javascript,structural_100,0.0,0.0,1.0,0.0,0.41610036591740723,0.6858638743455497,0.6858638743455497,0.48936170212765956,1.0,0.5714285714285714,0.5714285714285714,1.0,1.0,0.5838996340825928,0.31413612565445026,0.31413612565445026,0.5106382978723405,0.0,0.4285714285714286,0.4285714285714286
lexical,luhn,javascript,deletion_025,0.0,0.0,0.0,0.25,0.4874464176362523,0.7443181818181818,0.7443181818181818,0.5609756097560976,1.0,0.64,0.6399999999999999,0.75,1.0,0.5125535823637477,0.25568181818181823,0.25568181818181823,0.4390243902439024,0.0,0.36,0.3600000000000001
lexical,luhn,javascript,deletion_050,0.0,0.0,0.0,0.5,0.5874538745387454,0.8136645962732919,0.8136645962732919,0.6571428571428571,1.0,0.7272727272727273,0.7272727272727273,0.5,1.0,0.4125461254612546,0.1863354037267081,0.1863354037267081,0.34285714285714286,0.0,0.2727272727272727,0.2727272727272727
lexical,luhn,javascript,deletion_075,0.0,0.0,0.0,0.75,0.7390900649953575,0.8972602739726028,0.8972602739726028,0.7931034482758621,1.0,0.8421052631578947,0.8421052631578947,0.25,1.0,0.26090993500464255,0.10273972602739723,0.10273972602739723,0.2068965517241379,0.0,0.1578947368421053,0.1578947368421053
lexical,luhn,javascript,deletion_100,0.0,0.0,0.0,1.0,1.0,1.0,1.0,1.0,1.0,1.0,1.0,0.0,0.0,0.0,0.0,0.0,0.0,0.0,0.0,0.0
lexical,luhn,javascript,mixed_low,0.25,0.25,0.25,0.25,0.4509915014164306,0.7443181818181818,0.7443181818181818,0.5609756097560976,1.0,0.64,0.6399999999999999,0.75,1.0,0.5490084985835695,0.25568181818181823,0.25568181818181823,0.4390243902439024,0.0,0.36,0.3600000000000001
lexical,luhn,javascript,mixed_high,0.5,0.5,0.5,0.5,0.5125563425627817,0.8136645962732919,0.8136645962732919,0.6571428571428571,1.0,0.7272727272727273,0.7272727272727273,0.5,0.9166666666666666,0.4874436574372183,0.1863354037267081,0.1863354037267081,0.34285714285714286,0.0,0.2727272727272727,0.2727272727272727
lexical,darts,python,baseline,0.0,0.0,0.0,0.0,0.26241660489251295,0.5263157894736842,0.5263157894736842,0.3333333333333333,1.0,0.3142857142857143,0.3142857142857143,1.0,1.0,0.737583395107487,0.4736842105263158,0.4736842105263158,0.6666666666666667,0.0,0.6857142857142857,0.6857142857142857
lexical,darts,python,format_025,0.25,0.0,0.0,0.0,0.22794591113972956,0.5263157894736842,0.5263157894736842,0.3333333333333333,1.0,0.3142857142857143,0.3142857142857143,1.0,1.0,0.7720540888602705,0.4736842105263158,0.4736842105263158,0.6666666666666667,0.0,0.6857142857142857,0.6857142857142857
lexical,darts,python,format_050,0.5,0.0,0.0,0.0,0.20147979510529312,0.5263157894736842,0.5263157894736842,0.3333333333333333,1.0,0.3142857142857143,0.3142857142857143,1.0,1.0,0.7985202048947069,0.4736842105263158,0.4736842105263158,0.6666666666666667,0.0,0.6857142857142857,0.6857142857142857
lexical,darts,python,format_100,1.0,0.0,0.0,0.0,0.16351039260969977,0.5263157894736842,0.5263157894736842,0.3333333333333333,1.0,0.3142857142857143,0.3142857142857143,1.0,1.0,0.8364896073903002,0.4736842105263158,0.4736842105263158,0.6666666666666667,0.0,0.6857142857142857,0.6857142857142857
lexical,darts,python,lexical_025,0.0,0.25,0.0,0.0,0.2608695652173913,0.5263157894736842,0.5263157894736842,0.3333333333333333,1.0,0.3142857142857143,0.3142857142857143,1.0,0.8333333333333334,0.7391304347826086,0.4736842105263158,0.4736842105263158,0.6666666666666667,0.0,0.6857142857142857,0.6857142857142857
lexical,darts,python,lexical_050,0.0,0.5,0.0,0.0,0.25820568927789933,0.5263157894736842,0.5263157894736842,0.3333333333333333,1.0,0.3142857142857143,0.3142857142857143,1.0,0.5416666666666666,0.7417943107221007,0.4736842105263158,0.4736842105263158,0.6666666666666667,0.0,0.6857142857142857,0.6857142857142857
lexical,darts,python,lexical_075,0.0,0.75,0.0,0.0,0.25670775924583034,0.5263157894736842,0.5263157894736842,0.3333333333333333,1.0,0.3142857142857143,0.3142857142857143,1.0,0.375,0.7432922407541697,0.4736842105263158,0.4736842105263158,0.6666666666666667,0.0,0.6857142857142857,0.6857142857142857
lexical,darts,python,lexical_100,0.0,1.0,0.0,0.0,0.2555956678700361,0.5263157894736842,0.5263157894736842,0.3333333333333333,1.0,0.3142857142857143,0.3142857142857143,1.0,0.25,0.7444043321299638,0.4736842105263158,0.4736842105263158,0.6666666666666667,0.0,0.6857142857142857,0.6857142857142857
lexical,darts,python,structural_025,0.0,0.0,0.25,0.0,0.26241660489251295,0.5263157894736842,0.5263157894736842,0.3333333333333333,1.0,0.3142857142857143,0.3142857142857143,1.0,1.0,0.737583395107487,0.4736842105263158,0.4736842105263158,0.6666666666666667,0.0,0.6857142857142857,0.6857142857142857
lexical,darts,python,structural_050,0.0,0.0,0.5,0.0,0.26241660489251295,0.5263157894736842,0.5263157894736842,0.3333333333333333,1.0,0.3142857142857143,0.3142857142857143,1.0,1.0,0.737583395107487,0.4736842105263158,0.4736842105263158,0.6666666666666667,0.0,0.6857142857142857,0.6857142857142857
lexical,darts,python,structural_075,0.0,0.0,0.75,0.0,0.26241660489251295,0.5263157894736842,0.5263157894736842,0.3333333333333333,1.0,0.3142857142857143,0.3142857142857143,1.0,1.0,0.737583395107487,0.4736842105263158,0.4736842105263158,0.6666666666666667,0.0,0.6857142857142857,0.6857142857142857
lexical,darts,python,structural_100,0.0,0.0,1.0,0.0,0.26241660489251295,0.5263157894736842,0.5263157894736842,0.3333333333333333,1.0,0.3142857142857143,0.3142857142857143,1.0,1.0,0.737583395107487,0.4736842105263158,0.4736842105263158,0.6666666666666667,0.0,0.6857142857142857,0.6857142857142857
lexical,darts,python,deletion_025,0.0,0.0,0.0,0.25,0.3215258855585831,0.5970149253731343,0.5970149253731343,0.4,1.0,0.3793103448275862,0.3793103448275862,0.75,1.0,0.6784741144414169,0.4029850746268657,0.4029850746268657,0.6,0.0,0.6206896551724138,0.6206896551724138
lexical,darts,python,deletion_050,0.0,0.0,0.0,0.5,0.41500586166471276,0.6896551724137931,0.6896551724137931,0.5,1.0,0.4782608695652174,0.4782608695652174,0.5,1.0,0.5849941383352872,0.31034482758620685,0.31034482758620685,0.5,0.0,0.5217391304347826,0.5217391304347826
lexical,darts,python,deletion_075,0.0,0.0,0.0,0.75,0.589018302828619,0.8163265306122449,0.8163265306122449,0.6666666666666666,1.0,0.6470588235294118,0.6470588235294118,0.25,1.0,0.410981697171381,0.18367346938775508,0.18367346938775508,0.33333333333333337,0.0,0.3529411764705882,0.3529411764705882
lexical,darts,python,deletion_100,0.0,0.0,0.0,1.0,1.0,1.0,1.0,1.0,1.0,1.0,1.0,0.0,0.0,0.0,0.0,0.0,0.0,0.0,0.0,0.0
lexical,darts,python,mixed_low,0.25,0.25,0.25,0.25,0.2852538275584206,0.5970149253731343,0.5970149253731343,0.4,1.0,0.3793103448275862,0.3793103448275862,0.75,0.8333333333333334,0.7147461724415793,0.4029850746268657,0.4029850746268657,0.6,0.0,0.6206896551724138,0.6206896551724138
lexical,darts,python,mixed_high,0.5,0.5,0.5,0.5,0.3330197554092192,0.6896551724137931,0.6896551724137931,0.5,1.0,0.4782608695652174,0.4782608695652174,0.5,0.5,0.6669802445907809,0.31034482758620685,0.31034482758620685,0.5,0.0,0.5217391304347826,0.5217391304347826
lexical,darts,javascript,baseline,0.0,0.0,0.0,0.0,0.2312543798177996,0.45454545454545453,0.45454545454545453,0.2727272727272727,1.0,0.3142857142857143,0.3142857142857143,1.0,1.0,0.7687456201822004,0.5454545454545454,0.5454545454545454,0.7272727272727273,0.0,0.6857142857142857,0.6857142857142857
lexical,darts,javascript,format_025,0.25,0.0,0.0,0.0,0.20307692307692307,0.45454545454545453,0.45454545454545453,0.2727272727272727,1.0,0.3142857142857143,0.3142857142857143,1.0,1.0,0.796923076923077,0.5454545454545454,0.5454545454545454,0.7272727272727273,0.0,0.6857142857142857,0.6857142857142857
lexical,darts,javascript,format_050,0.5,0.0,0.0,0.0,0.18102029621503016,0.45454545454545453,0.45454545454545453,0.2727272727272727,1.0,0.3142857142857143,0.3142857142857143,1.0,1.0,0.8189797037849699,0.5454545454545454,0.5454545454545454,0.7272727272727273,0.0,0.6857142857142857,0.6857142857142857
lexical,darts,javascript,format_100,1.0,0.0,0.0,0.0,0.1487156376746282,0.45454545454545453,0.45454545454545453,0.2727272727272727,1.0,0.3142857142857143,0.3142857142857143,1.0,1.0,0.8512843623253719,0.5454545454545454,0.5454545454545454,0.7272727272727273,0.0,0.6857142857142857,0.6857142857142857
lexical,darts,javascript,lexical_025,0.0,0.25,0.0,0.0,0.22996515679442509,0.45454545454545453,0.45454545454545453,0.2727272727272727,1.0,0.3142857142857143,0.3142857142857143,1.0,0.8333333333333334,0.7700348432055749,0.5454545454545454,0.5454545454545454,0.7272727272727273,0.0,0.6857142857142857,0.6857142857142857
lexical,darts,javascript,lexical_050,0.0,0.5,0.0,0.0,0.22900763358778625,0.45454545454545453,0.45454545454545453,0.2727272727272727,1.0,0.3142857142857143,0.3142857142857143,1.0,0.7083333333333334,0.7709923664122138,0.5454545454545454,0.5454545454545454,0.7272727272727273,0.0,0.6857142857142857,0.6857142857142857
lexical,darts,javascript,lexical_075,0.0,0.75,0.0,0.0,0.2268041237113402,0.45454545454545453,0.45454545454545453,0.2727272727272727,1.0,0.3142857142857143,0.3142857142857143,1.0,0.4166666666666667,0.7731958762886598,0.5454545454545454,0.5454545454545454,0.7272727272727273,0.0,0.6857142857142857,0.6857142857142857
lexical,darts,javascript,lexical_100,0.0,1.0,0.0,0.0,0.22649279341111875,0.45454545454545453,0.45454545454545453,0.2727272727272727,1.0,0.3142857142857143,0.3142857142857143,1.0,0.375,0.7735072065888813,0.5454545454545454,0.5454545454545454,0.7272727272727273,0.0,0.6857142857142857,0.6857142857142857
lexical,darts,javascript,structural_025,0.0,0.0,0.25,0.0,0.2312543798177996,0.45454545454545453,0.45454545454545453,0.2727272727272727,1.0,0.3142857142857143,0.3142857142857143,1.0,1.0,0.7687456201822004,0.5454545454545454,0.5454545454545454,0.7272727272727273,0.0,0.6857142857142857,0.6857142857142857
lexical,darts,javascript,structural_050,0.0,0.0,0.5,0.0,0.2312543798177996,0.45454545454545453,0.45454545454545453,0.2727272727272727,1.0,0.3142857142857143,0.3142857142857143,1.0,1.0,0.7687456201822004,0.5454545454545454,0.5454545454545454,0.7272727272727273,0.0,0.6857142857142857,0.6857142857142857
lexical,darts,javascript,structural_075,0.0,0.0,0.75,0.0,0.2312543798177996,0.45454545454545453,0.45454545454545453,0.2727272727272727,1.0,0.3142857142857143,0.3142857142857143,1.0,1.0,0.7687456201822004,0.5454545454545454,0.5454545454545454,0.7272727272727273,0.0,0.6857142857142857,0.6857142857142857
lexical,darts,javascript,structural_100,0.0,0.0,1.0,0.0,0.2312543798177996,0.45454545454545453,0.45454545454545453,0.2727272727272727,1.0,0.3142857142857143,0.3142857142857143,1.0,1.0,0.7687456201822004,0.5454545454545454,0.5454545454545454,0.7272727272727273,0.0,0.6857142857142857,0.6857142857142857
lexical,darts,javascript,deletion_025,0.0,0.0,0.0,0.25,0.28720626631853785,0.5263157894736842,0.5263157894736842,0.3333333333333333,1.0,0.3793103448275862,0.3793103448275862,0.75,1.0,0.7127937336814621,0.4736842105263158,0.4736842105263158,0.6666666666666667,0.0,0.6206896551724138,0.6206896551724138
lexical,darts,javascript,deletion_050,0.0,0.0,0.0,0.5,0.3745743473325766,0.625,0.625,0.42857142857142855,1.0,0.4782608695652174,0.4782608695652174,0.5,1.0,0.6254256526674233,0.375,0.375,0.5714285714285714,0.0,0.5217391304347826,0.5217391304347826
lexical,darts,javascript,deletion_075,0.0,0.0,0.0,0.75,0.5472636815920398,0.7692307692307693,0.7692307692307693,0.6,1.0,0.6470588235294118,0.6470588235294118,0.25,1.0,0.45273631840796025,0.23076923076923073,0.23076923076923073,0.4,0.0,0.3529411764705882,0.3529411764705882
lexical,darts,javascript,deletion_100,0.0,0.0,0.0,1.0,1.0,1.0,1.0,1.0,1.0,1.0,1.0,0.0,0.0,0.0,0.0,0.0,0.0,0.0,0.0,0.0
lexical,darts,javascript,mixed_low,0.25,0.25,0.25,0.25,0.2560124127230411,0.5263157894736842,0.5263157894736842,0.3333333333333333,1.0,0.3793103448275862,0.3793103448275862,0.75,0.8888888888888888,0.7439875872769589,0.4736842105263158,0.4736842105263158,0.6666666666666667,0.0,0.6206896551724138,0.6206896551724138
lexical,darts,javascript,mixed_high,0.5,0.5,0.5,0.5,0.30527289546716,0.625,0.625,0.42857142857142855,1.0,0.4782608695652174,0.4782608695652174,0.5,0.75,0.69472710453284,0.375,0.375,0.5714285714285714,0.0,0.5217391304347826,0.5217391304347826
lexical,armstrong,python,baseline,0.0,0.0,0.0,0.0,0.19952114924181963,0.5263157894736842,0.5263157894736842,0.33793103448275863,1.0,0.4146341463414634,0.41463414634146334,1.0,1.0,0.8004788507581804,0.4736842105263158,0.4736842105263158,0.6620689655172414,0.0,0.5853658536585367,0.5853658536585367
lexical,armstrong,python,format_025,0.25,0.0,0.0,0.0,0.17158544955387783,0.5263157894736842,0.5263157894736842,0.33793103448275863,1.0,0.4146341463414634,0.41463414634146334,1.0,1.0,0.8284145504461222,0.4736842105263158,0.4736842105263158,0.6620689655172414,0.0,0.5853658536585367,0.5853658536585367
lexical,armstrong,python,format_050,0.5,0.0,0.0,0.0,0.15051173991571343,0.5263157894736842,0.5263157894736842,0.33793103448275863,1.0,0.4146341463414634,0.41463414634146334,1.0,1.0,0.8494882600842866,0.4736842105263158,0.4736842105263158,0.6620689655172414,0.0,0.5853658536585367,0.5853658536585367
lexical,armstrong,python,format_100,1.0,0.0,0.0,0.0,0.1208313194780087,0.5263157894736842,0.5263157894736842,0.33793103448275863,1.0,0.4146341463414634,0.41463414634146334,1.0,1.0,0.8791686805219913,0.4736842105263158,0.4736842105263158,0.6620689655172414,0.0,0.5853658536585367,0.5853658536585367
lexical,armstrong,python,lexical_025,0.0,0.25,0.0,0.0,0.19857029388403494,0.5263157894736842,0.5263157894736842,0.33793103448275863,1.0,0.4146341463414634,0.41463414634146334,1.0,0.875,0.8014297061159651,0.4736842105263158,0.4736842105263158,0.6620689655172414,0.0,0.5853658536585367,0.5853658536585367
lexical,armstrong,python,lexical_050,0.0,0.5,0.0,0.0,0.19731649565903708,0.5263157894736842,0.5263157894736842,0.33793103448275863,1.0,0.4146341463414634,0.41463414634146334,1.0,0.7083333333333334,0.8026835043409629,0.4736842105263158,0.4736842105263158,0.6620689655172414,0.0,0.5853658536585367,0.5853658536585367
lexical,armstrong,python,lexical_075,0.0,0.75,0.0,0.0,0.19638648860958366,0.5263157894736842,0.5263157894736842,0.33793103448275863,1.0,0.4146341463414634,0.41463414634146334,1.0,0.5833333333333334,0.8036135113904164,0.4736842105263158,0.4736842105263158,0.6620689655172414,0.0,0.5853658536585367,0.5853658536585367
lexical,armstrong,python,lexical_100,0.0,1.0,0.0,0.0,0.195160031225605,0.5263157894736842,0.5263157894736842,0.33793103448275863,1.0,0.4146341463414634,0.41463414634146334,1.0,0.4166666666666667,0.804839968774395,0.4736842105263158,0.4736842105263158,0.6620689655172414,0.0,0.5853658536585367,0.5853658536585367
lexical,armstrong,python,structural_025,0.0,0.0,0.25,0.0,0.19952114924181963,0.5263157894736842,0.5263157894736842,0.33793103448275863,1.0,0.4146341463414634,0.41463414634146334,1.0,1.0,0.8004788507581804,0.4736842105263158,0.4736842105263158,0.6620689655172414,0.0,0.5853658536585367,0.5853658536585367
lexical,armstrong,python,structural_050,0.0,0.0,0.5,0.0,0.19952114924181963,0.5263157894736842,0.5263157894736842,0.33793103448275863,1.0,0.4146341463414634,0.41463414634146334,1.0,1.0,0.8004788507581804,0.4736842105263158,0.4736842105263158,0.6620689655172414,0.0,0.5853658536585367,0.5853658536585367
lexical,armstrong,python,structural_075,0.0,0.0,0.75,0.0,0.19952114924181963,0.5263157894736842,0.5263157894736842,0.33793103448275863,1.0,0.4146341463414634,0.41463414634146334,1.0,1.0,0.8004788507581804,0.4736842105263158,0.4736842105263158,0.6620689655172414,0.0,0.5853658536585367,0.5853658536585367
lexical,armstrong,python,structural_100,0.0,0.0,1.0,0.0,0.19952114924181963,0.5263157894736842,0.5263157894736842,0.33793103448275863,1.0,0.4146341463414634,0.41463414634146334,1.0,1.0,0.8004788507581804,0.4736842105263158,0.4736842105263158,0.6620689655172414,0.0,0.5853658536585367,0.5853658536585367
lexical,armstrong,python,deletion_025,0.0,0.0,0.0,0.25,0.24875621890547264,0.5970149253731343,0.5970149253731343,0.4049586776859504,1.0,0.4857142857142857,0.48571428571428577,0.75,1.0,0.7512437810945274,0.4029850746268657,0.4029850746268657,0.5950413223140496,0.0,0.5142857142857142,0.5142857142857142
lexical,armstrong,python,deletion_050,0.0,0.0,0.0,0.5,0.33200531208499334,0.6896551724137931,0.6896551724137931,0.5051546391752577,1.0,0.5862068965517241,0.5862068965517241,0.5,1.0,0.6679946879150067,0.31034482758620685,0.31034482758620685,0.4948453608247423,0.0,0.4137931034482759,0.4137931034482759
lexical,armstrong,python,deletion_075,0.0,0.0,0.0,0.75,0.5030181086519114,0.8163265306122449,0.8163265306122449,0.6712328767123288,1.0,0.7391304347826086,0.7391304347826086,0.25,1.0,0.49698189134808857,0.18367346938775508,0.18367346938775508,0.3287671232876712,0.0,0.26086956521739135,0.26086956521739135
lexical,armstrong,python,deletion_100,0.0,0.0,0.0,1.0,1.0,1.0,1.0,1.0,1.0,1.0,1.0,0.0,0.0,0.0,0.0,0.0,0.0,0.0,0.0,0.0
lexical,armstrong,python,mixed_low,0.25,0.25,0.25,0.25,0.21872265966754156,0.5970149253731343,0.5970149253731343,0.4049586776859504,1.0,0.4857142857142857,0.48571428571428577,0.75,0.8333333333333334,0.7812773403324584,0.4029850746268657,0.4029850746268657,0.5950413223140496,0.0,0.5142857142857142,0.5142857142857142
lexical,armstrong,python,mixed_high,0.5,0.5,0.5,0.5,0.26068821689259647,0.6896551724137931,0.6896551724137931,0.5051546391752577,1.0,0.5862068965517241,0.5862068965517241,0.5,0.6666666666666666,0.7393117831074035,0.31034482758620685,0.31034482758620685,0.4948453608247423,0.0,0.4137931034482759,0.4137931034482759
lexical,armstrong,javascript,baseline,0.0,0.0,0.0,0.0,0.22704975473020322,0.47368421052631576,0.47368421052631576,0.26153846153846155,1.0,0.42857142857142855,0.4285714285714286,1.0,1.0,0.7729502452697967,0.5263157894736843,0.5263157894736843,0.7384615384615385,0.0,0.5714285714285714,0.5714285714285714
lexical,armstrong,javascript,format_025,0.25,0.0,0.0,0.0,0.19938461538461538,0.47368421052631576,0.47368421052631576,0.26153846153846155,1.0,0.42857142857142855,0.4285714285714286,1.0,1.0,0.8006153846153846,0.5263157894736843,0.5263157894736843,0.7384615384615385,0.0,0.5714285714285714,0.5714285714285714
lexical,armstrong,javascript,format_050,0.5,0.0,0.0,0.0,0.17772901810202962,0.47368421052631576,0.47368421052631576,0.26153846153846155,1.0,0.42857142857142855,0.4285714285714286,1.0,1.0,0.8222709818979703,0.5263157894736843,0.5263157894736843,0.7384615384615385,0.0,0.5714285714285714,0.5714285714285714
lexical,armstrong,javascript,format_100,1.0,0.0,0.0,0.0,0.14601171698963497,0.47368421052631576,0.47368421052631576,0.26153846153846155,1.0,0.42857142857142855,0.4285714285714286,1.0,1.0,0.853988283010365,0.5263157894736843,0.5263157894736843,0.7384615384615385,0.0,0.5714285714285714,0.5714285714285714
lexical,armstrong,javascript,lexical_025,0.0,0.25,0.0,0.0,0.2254697286012526,0.47368421052631576,0.47368421052631576,0.26153846153846155,1.0,0.42857142857142855,0.4285714285714286,1.0,0.7916666666666666,0.7745302713987474,0.5263157894736843,0.5263157894736843,0.7384615384615385,0.0,0.5714285714285714,0.5714285714285714
lexical,armstrong,javascript,lexical_050,0.0,0.5,0.0,0.0,0.2248438584316447,0.47368421052631576,0.47368421052631576,0.26153846153846155,1.0,0.42857142857142855,0.4285714285714286,1.0,0.7083333333333334,0.7751561415683553,0.5263157894736843,0.5263157894736843,0.7384615384615385,0.0,0.5714285714285714,0.5714285714285714
lexical,armstrong,javascript,lexical_075,0.0,0.75,0.0,0.0,0.22391154111955772,0.47368421052631576,0.47368421052631576,0.26153846153846155,1.0,0.42857142857142855,0.4285714285714286,1.0,0.5833333333333334,0.7760884588804423,0.5263157894736843,0.5263157894736843,0.7384615384615385,0.0,0.5714285714285714,0.5714285714285714
lexical,armstrong,javascript,lexical_100,0.0,1.0,0.0,0.0,0.22329427980702962,0.47368421052631576,0.47368421052631576,0.26153846153846155,1.0,0.42857142857142855,0.4285714285714286,1.0,0.5,0.7767057201929704,0.5263157894736843,0.5263157894736843,0.7384615384615385,0.0,0.5714285714285714,0.5714285714285714
lexical,armstrong,javascript,structural_025,0.0,0.0,0.25,0.0,0.22704975473020322,0.47368421052631576,0.47368421052631576,0.26153846153846155,1.0,0.42857142857142855,0.4285714285714286,1.0,1.0,0.7729502452697967,0.5263157894736843,0.5263157894736843,0.7384615384615385,0.0,0.5714285714285714,0.5714285714285714
lexical,armstrong,javascript,structural_050,0.0,0.0,0.5,0.0,0.22704975473020322,0.47368421052631576,0.47368421052631576,0.26153846153846155,1.0,0.42857142857142855,0.4285714285714286,1.0,1.0,0.7729502452697967,0.5263157894736843,0.5263157894736843,0.7384615384615385,0.0,0.5714285714285714,0.5714285714285714
lexical,armstrong,javascript,structural_075,0.0,0.0,0.75,0.0,0.22704975473020322,0.47368421052631576,0.47368421052631576,0.26153846153846155,1.0,0.42857142857142855,0.4285714285714286,1.0,1.0,0.7729502452697967,0.5263157894736843,0.5263157894736843,0.7384615384615385,0.0,0.5714285714285714,0.5714285714285714
lexical,armstrong,javascript,structural_100,0.0,0.0,1.0,0.0,0.22704975473020322,0.47368421052631576,0.47368421052631576,0.26153846153846155,1.0,0.42857142857142855,0.4285714285714286,1.0,1.0,0.7729502452697967,0.5263157894736843,0.5263157894736843,0.7384615384615385,0.0,0.5714285714285714,0.5714285714285714
lexical,armstrong,javascript,deletion_025,0.0,0.0,0.0,0.25,0.28247602441150826,0.5454545454545454,0.5454545454545454,0.32075471698113206,1.0,0.5,0.5,0.75,1.0,0.7175239755884917,0.4545454545454546,0.4545454545454546,0.679245283018868,0.0,0.5,0.5
lexical,armstrong,javascript,deletion_050,0.0,0.0,0.0,0.5,0.3711340206185567,0.6428571428571429,0.6428571428571429,0.4146341463414634,1.0,0.6,0.6000000000000001,0.5,1.0,0.6288659793814433,0.3571428571428571,0.3571428571428571,0.5853658536585367,0.0,0.4,0.3999999999999999
lexical,armstrong,javascript,deletion_075,0.0,0.0,0.0,0.75,0.5445378151260504,0.782608695652174,0.782608695652174,0.5862068965517241,1.0,0.75,0.75,0.25,1.0,0.4554621848739496,0.21739130434782605,0.21739130434782605,0.4137931034482759,0.0,0.25,0.25
lexical,armstrong,javascript,deletion_100,0.0,0.0,0.0,1.0,1.0,1.0,1.0,1.0,1.0,1.0,1.0,0.0,0.0,0.0,0.0,0.0,0.0,0.0,0.0,0.0
lexical,armstrong,javascript,mixed_low,0.25,0.25,0.25,0.25,0.25214007782101167,0.5454545454545454,0.5454545454545454,0.32075471698113206,1.0,0.5,0.5,0.75,0.8333333333333334,0.7478599221789883,0.4545454545454546,0.4545454545454546,0.679245283018868,0.0,0.5,0.5
lexical,armstrong,javascript,mixed_high,0.5,0.5,0.5,0.5,0.3008356545961003,0.6428571428571429,0.6428571428571429,0.4146341463414634,1.0,0.6,0.6000000000000001,0.5,0.8333333333333334,0.6991643454038997,0.3571428571428571,0.3571428571428571,0.5853658536585367,0.0,0.4,0.3999999999999999
lexical,nucleotide_count,python,baseline,0.0,0.0,0.0,0.0,0.12706701479547433,0.3684210526315789,0.3684210526315789,0.16521739130434782,1.0,0.25,0.25,1.0,1.0,0.8729329852045257,0.631578947368421,0.631578947368421,0.8347826086956522,0.0,0.75,0.75
lexical,nucleotide_count,python,format_025,0.25,0.0,0.0,0.0,0.10790835181079084,0.3684210526315789,0.3684210526315789,0.16521739130434782,1.0,0.25,0.25,1.0,1.0,0.8920916481892092,0.631578947368421,0.631578947368421,0.8347826086956522,0.0,0.75,0.75
lexical,nucleotide_count,python,format_050,0.5,0.0,0.0,0.0,0.09377007064868337,0.3684210526315789,0.3684210526315789,0.16521739130434782,1.0,0.25,0.25,1.0,1.0,0.9062299293513166,0.631578947368421,0.631578947368421,0.8347826086956522,0.0,0.75,0.75
lexical,nucleotide_count,python,format_100,1.0,0.0,0.0,0.0,0.0743002544529262,0.3684210526315789,0.3684210526315789,0.16521739130434782,1.0,0.25,0.25,1.0,1.0,0.9256997455470738,0.631578947368421,0.631578947368421,0.8347826086956522,0.0,0.75,0.75
lexical,nucleotide_count,python,lexical_025,0.0,0.25,0.0,0.0,0.1264069264069264,0.3684210526315789,0.3684210526315789,0.16521739130434782,1.0,0.25,0.25,1.0,0.875,0.8735930735930736,0.631578947368421,0.631578947368421,0.8347826086956522,0.0,0.75,0.75
lexical,nucleotide_count,python,lexical_050,0.0,0.5,0.0,0.0,0.12532188841201716,0.3684210526315789,0.3684210526315789,0.16521739130434782,1.0,0.25,0.25,1.0,0.6666666666666666,0.8746781115879828,0.631578947368421,0.631578947368421,0.8347826086956522,0.0,0.75,0.75
lexical,nucleotide_count,python,lexical_075,0.0,0.75,0.0,0.0,0.12425531914893617,0.3684210526315789,0.3684210526315789,0.16521739130434782,1.0,0.25,0.25,1.0,0.4583333333333333,0.8757446808510638,0.631578947368421,0.631578947368421,0.8347826086956522,0.0,0.75,0.75
lexical,nucleotide_count,python,lexical_100,0.0,1.0,0.0,0.0,0.12404418011894647,0.3684210526315789,0.3684210526315789,0.16521739130434782,1.0,0.25,0.25,1.0,0.4166666666666667,0.8759558198810535,0.631578947368421,0.631578947368421,0.8347826086956522,0.0,0.75,0.75
lexical,nucleotide_count,python,structural_025,0.0,0.0,0.25,0.0,0.12706701479547433,0.3684210526315789,0.3684210526315789,0.16521739130434782,1.0,0.25,0.25,1.0,1.0,0.8729329852045257,0.631578947368421,0.631578947368421,0.8347826086956522,0.0,0.75,0.75
lexical,nucleotide_count,python,structural_050,0.0,0.0,0.5,0.0,0.12706701479547433,0.3684210526315789,0.3684210526315789,0.16521739130434782,1.0,0.25,0.25,1.0,1.0,0.8729329852045257,0.631578947368421,0.631578947368421,0.8347826086956522,0.0,0.75,0.75
lexical,nucleotide_count,python,structural_075,0.0,0.0,0.75,0.0,0.12706701479547433,0.3684210526315789,0.3684210526315789,0.16521739130434782,1.0,0.25,0.25,1.0,1.0,0.8729329852045257,0.631578947368421,0.631578947368421,0.8347826086956522,0.0,0.75,0.75
lexical,nucleotide_count,python,structural_100,0.0,0.0,1.0,0.0,0.12706701479547433,0.3684210526315789,0.3684210526315789,0.16521739130434782,1.0,0.25,0.25,1.0,1.0,0.8729329852045257,0.631578947368421,0.631578947368421,0.8347826086956522,0.0,0.75,0.75
lexical,nucleotide_count,python,deletion_025,0.0,0.0,0.0,0.25,0.16349384098544234,0.4375,0.4375,0.2087912087912088,1.0,0.3076923076923077,0.3076923076923077,0.75,1.0,0.8365061590145577,0.5625,0.5625,0.7912087912087912,0.0,0.6923076923076923,0.6923076923076923
lexical,nucleotide_count,python,deletion_050,0.0,0.0,0.0,0.5,0.22706065318818042,0.5384615384615384,0.5384615384615384,0.2835820895522388,1.0,0.4,0.4,0.5,1.0,0.7729393468118195,0.46153846153846156,0.46153846153846156,0.7164179104477613,0.0,0.6,0.6
lexical,nucleotide_count,python,deletion_075,0.0,0.0,0.0,0.75,0.369620253164557,0.7,0.7,0.4418604651162791,1.0,0.5714285714285714,0.5714285714285714,0.25,1.0,0.6303797468354431,0.30000000000000004,0.30000000000000004,0.5581395348837209,0.0,0.4285714285714286,0.4285714285714286
lexical,nucleotide_count,python,deletion_100,0.0,0.0,0.0,1.0,1.0,1.0,1.0,1.0,1.0,1.0,1.0,0.0,0.0,0.0,0.0,0.0,0.0,0.0,0.0,0.0
lexical,nucleotide_count,python,mixed_low,0.25,0.25,0.25,0.25,0.14106280193236714,0.4375,0.4375,0.2087912087912088,1.0,0.3076923076923077,0.3076923076923076,0.75,0.8333333333333334,0.8589371980676328,0.5625,0.5625,0.7912087912087912,0.0,0.6923076923076923,0.6923076923076924
lexical,nucleotide_count,python,mixed_high,0.5,0.5,0.5,0.5,0.17036172695449242,0.5384615384615384,0.5384615384615384,0.2835820895522388,1.0,0.4,0.4,0.5,0.8333333333333334,0.8296382730455076,0.46153846153846156,0.46153846153846156,0.7164179104477613,0.0,0.6,0.6
lexical,nucleotide_count,javascript,baseline,0.0,0.0,0.0,0.0,0.17475728155339806,0.4339622641509434,0.4339622641509434,0.2440944881889764,1.0,0.35135135135135137,0.3513513513513513,1.0,1.0,0.8252427184466019,0.5660377358490566,0.5660377358490566,0.7559055118110236,0.0,0.6486486486486487,0.6486486486486487
lexical,nucleotide_count,javascript,format_025,0.25,0.0,0.0,0.0,0.15224463240078073,0.4339622641509434,0.4339622641509434,0.2440944881889764,1.0,0.35135135135135137,0.3513513513513513,1.0,1.0,0.8477553675992193,0.5660377358490566,0.5660377358490566,0.7559055118110236,0.0,0.6486486486486487,0.6486486486486487
lexical,nucleotide_count,javascript,format_050,0.5,0.0,0.0,0.0,0.13487031700288185,0.4339622641509434,0.4339622641509434,0.2440944881889764,1.0,0.35135135135135137,0.3513513513513513,1.0,1.0,0.8651296829971181,0.5660377358490566,0.5660377358490566,0.7559055118110236,0.0,0.6486486486486487,0.6486486486486487
lexical,nucleotide_count,javascript,format_100,1.0,0.0,0.0,0.0,0.10980760206475833,0.4339622641509434,0.4339622641509434,0.2440944881889764,1.0,0.35135135135135137,0.3513513513513513,1.0,1.0,0.8901923979352416,0.5660377358490566,0.5660377358490566,0.7559055118110236,0.0,0.6486486486486487,0.6486486486486487
lexical,nucleotide_count,javascript,lexical_025,0.0,0.25,0.0,0.0,0.1742367833209233,0.4339622641509434,0.4339622641509434,0.2440944881889764,1.0,0.35135135135135137,0.3513513513513513,1.0,0.9166666666666666,0.8257632166790767,0.5660377358490566,0.5660377358490566,0.7559055118110236,0.0,0.6486486486486487,0.6486486486486487
lexical,nucleotide_count,javascript,lexical_050,0.0,0.5,0.0,0.0,0.17371937639198218,0.4339622641509434,0.4339622641509434,0.2440944881889764,1.0,0.35135135135135137,0.3513513513513513,1.0,0.8333333333333334,0.8262806236080178,0.5660377358490566,0.5660377358490566,0.7559055118110236,0.0,0.6486486486486487,0.6486486486486487
lexical,nucleotide_count,javascript,lexical_075,0.0,0.75,0.0,0.0,0.17243920412675018,0.4339622641509434,0.4339622641509434,0.2440944881889764,1.0,0.35135135135135137,0.3513513513513513,1.0,0.625,0.8275607958732498,0.5660377358490566,0.5660377358490566,0.7559055118110236,0.0,0.6486486486486487,0.6486486486486487
lexical,nucleotide_count,javascript,lexical_100,0.0,1.0,0.0,0.0,0.1719324026451139,0.4339622641509434,0.4339622641509434,0.2440944881889764,1.0,0.35135135135135137,0.3513513513513513,1.0,0.5416666666666666,0.8280675973548861,0.5660377358490566,0.5660377358490566,0.7559055118110236,0.0,0.6486486486486487,0.6486486486486487
lexical,nucleotide_count,javascript,structural_025,0.0,0.0,0.25,0.0,0.17475728155339806,0.4339622641509434,0.4339622641509434,0.2440944881889764,1.0,0.35135135135135137,0.3513513513513513,1.0,1.0,0.8252427184466019,0.5660377358490566,0.5660377358490566,0.7559055118110236,0.0,0.6486486486486487,0.6486486486486487
lexical,nucleotide_count,javascript,structural_050,0.0,0.0,0.5,0.0,0.17475728155339806,0.4339622641509434,0.4339622641509434,0.2440944881889764,1.0,0.35135135135135137,0.3513513513513513,1.0,1.0,0.8252427184466019,0.5660377358490566,0.5660377358490566,0.7559055118110236,0.0,0.6486486486486487,0.6486486486486487
lexical,nucleotide_count,javascript,structural_075,0.0,0.0,0.75,0.0,0.17475728155339806,0.4339622641509434,0.4339622641509434,0.2440944881889764,1.0,0.35135135135135137,0.3513513513513513,1.0,1.0,0.8252427184466019,0.5660377358490566,0.5660377358490566,0.7559055118110236,0.0,0.6486486486486487,0.6486486486486487
lexical,nucleotide_count,javascript,structural_100,0.0,0.0,1.0,0.0,0.17475728155339806,0.4339622641509434,0.4339622641509434,0.2440944881889764,1.0,0.35135135135135137,0.3513513513513513,1.0,1.0,0.8252427184466019,0.5660377358490566,0.5660377358490566,0.7559055118110236,0.0,0.6486486486486487,0.6486486486486487
lexical,nucleotide_count,javascript,deletion_025,0.0,0.0,0.0,0.25,0.21971830985915494,0.5054945054945055,0.5054945054945055,0.30097087378640774,1.0,0.41935483870967744,0.4193548387096774,0.75,1.0,0.780281690140845,0.4945054945054945,0.4945054945054945,0.6990291262135923,0.0,0.5806451612903225,0.5806451612903226
lexical,nucleotide_count,javascript,deletion_050,0.0,0.0,0.0,0.5,0.2980891719745223,0.6052631578947368,0.6052631578947368,0.3924050632911392,1.0,0.52,0.52,0.5,1.0,0.7019108280254778,0.39473684210526316,0.39473684210526316,0.6075949367088608,0.0,0.48,0.48
lexical,nucleotide_count,javascript,deletion_075,0.0,0.0,0.0,0.75,0.45792563600782776,0.7540983606557377,0.7540983606557377,0.5636363636363636,1.0,0.6842105263157895,0.6842105263157895,0.25,1.0,0.5420743639921722,0.24590163934426235,0.24590163934426235,0.4363636363636364,0.0,0.3157894736842105,0.3157894736842105
lexical,nucleotide_count,javascript,deletion_100,0.0,0.0,0.0,1.0,1.0,1.0,1.0,1.0,1.0,1.0,1.0,0.0,0.0,0.0,0.0,0.0,0.0,0.0,0.0,0.0
lexical,nucleotide_count,javascript,mixed_low,0.25,0.25,0.25,0.25,0.19581589958158996,0.5054945054945055,0.5054945054945055,0.30097087378640774,1.0,0.41935483870967744,0.4193548387096775,0.75,0.8888888888888888,0.80418410041841,0.4945054945054945,0.4945054945054945,0.6990291262135923,0.0,0.5806451612903225,0.5806451612903225
lexical,nucleotide_count,javascript,mixed_high,0.5,0.5,0.5,0.5,0.23564954682779457,0.6052631578947368,0.6052631578947368,0.3924050632911392,1.0,0.52,0.52,0.5,0.5,0.7643504531722054,0.39473684210526316,0.39473684210526316,0.6075949367088608,0.0,0.48,0.48
lexical,reverse_text,python,baseline,0.0,0.0,0.0,0.0,0.07386888273314866,0.28,0.28,0.11926605504587157,1.0,0.1111111111111111,0.11111111111111116,1.0,1.0,0.9261311172668514,0.72,0.72,0.8807339449541285,0.0,0.8888888888888888,0.8888888888888888
lexical,reverse_text,python,format_025,0.25,0.0,0.0,0.0,0.06216006216006216,0.28,0.28,0.11926605504587157,1.0,0.1111111111111111,0.11111111111111116,1.0,1.0,0.9378399378399378,0.72,0.72,0.8807339449541285,0.0,0.8888888888888888,0.8888888888888888
lexical,reverse_text,python,format_050,0.5,0.0,0.0,0.0,0.05365526492287056,0.28,0.28,0.11926605504587157,1.0,0.1111111111111111,0.11111111111111116,1.0,1.0,0.9463447350771295,0.72,0.72,0.8807339449541285,0.0,0.8888888888888888,0.8888888888888888
lexical,reverse_text,python,format_100,1.0,0.0,0.0,0.0,0.042127435492364404,0.28,0.28,0.11926605504587157,1.0,0.1111111111111111,0.11111111111111116,1.0,1.0,0.9578725645076356,0.72,0.72,0.8807339449541285,0.0,0.8888888888888888,0.8888888888888888
lexical,reverse_text,python,lexical_025,0.0,0.25,0.0,0.0,0.07332722273143905,0.28,0.28,0.11926605504587157,1.0,0.1111111111111111,0.11111111111111116,1.0,0.8333333333333334,0.926672777268561,0.72,0.72,0.8807339449541285,0.0,0.8888888888888888,0.8888888888888888
lexical,reverse_text,python,lexical_050,0.0,0.5,0.0,0.0,0.07279344858962693,0.28,0.28,0.11926605504587157,1.0,0.1111111111111111,0.11111111111111116,1.0,0.6666666666666666,0.9272065514103731,0.72,0.72,0.8807339449541285,0.0,0.8888888888888888,0.8888888888888888
lexical,reverse_text,python,lexical_075,0.0,0.75,0.0,0.0,0.07226738934056007,0.28,0.28,0.11926605504587157,1.0,0.1111111111111111,0.11111111111111116,1.0,0.5,0.9277326106594399,0.72,0.72,0.8807339449541285,0.0,0.8888888888888888,0.8888888888888888
lexical,reverse_text,python,lexical_100,0.0,1.0,0.0,0.0,0.07200720072007201,0.28,0.28,0.11926605504587157,1.0,0.1111111111111111,0.11111111111111116,1.0,0.4166666666666667,0.927992799279928,0.72,0.72,0.8807339449541285,0.0,0.8888888888888888,0.8888888888888888
lexical,reverse_text,python,structural_025,0.0,0.0,0.25,0.0,0.07386888273314866,0.28,0.28,0.11926605504587157,1.0,0.1111111111111111,0.11111111111111116,1.0,1.0,0.9261311172668514,0.72,0.72,0.8807339449541285,0.0,0.8888888888888888,0.8888888888888888
lexical,reverse_text,python,structural_050,0.0,0.0,0.5,0.0,0.07386888273314866,0.28,0.28,0.11926605504587157,1.0,0.1111111111111111,0.11111111111111116,1.0,1.0,0.9261311172668514,0.72,0.72,0.8807339449541285,0.0,0.8888888888888888,0.8888888888888888
lexical,reverse_text,python,structural_075,0.0,0.0,0.75,0.0,0.07386888273314866,0.28,0.28,0.11926605504587157,1.0,0.1111111111111111,0.11111111111111116,1.0,1.0,0.9261311172668514,0.72,0.72,0.8807339449541285,0.0,0.8888888888888888,0.8888888888888888
lexical,reverse_text,python,structural_100,0.0,0.0,1.0,0.0,0.07386888273314866,0.28,0.28,0.11926605504587157,1.0,0.1111111111111111,0.11111111111111116,1.0,1.0,0.9261311172668514,0.72,0.72,0.8807339449541285,0.0,0.8888888888888888,0.8888888888888888
lexical,reverse_text,python,deletion_025,0.0,0.0,0.0,0.25,0.09603841536614646,0.34146341463414637,0.34146341463414637,0.15294117647058825,1.0,0.14285714285714285,0.1428571428571428,0.75,1.0,0.9039615846338536,0.6585365853658536,0.6585365853658536,0.8470588235294118,0.0,0.8571428571428572,0.8571428571428572
lexical,reverse_text,python,deletion_050,0.0,0.0,0.0,0.5,0.1381692573402418,0.4375,0.4375,0.21311475409836064,1.0,0.2,0.19999999999999996,0.5,1.0,0.8618307426597582,0.5625,0.5625,0.7868852459016393,0.0,0.8,0.8
lexical,reverse_text,python,deletion_075,0.0,0.0,0.0,0.75,0.24169184290030213,0.6086956521739131,0.6086956521739131,0.35135135135135137,1.0,0.3333333333333333,0.33333333333333326,0.25,1.0,0.7583081570996979,0.3913043478260869,0.3913043478260869,0.6486486486486487,0.0,0.6666666666666667,0.6666666666666667
lexical,reverse_text,python,deletion_100,0.0,0.0,0.0,1.0,1.0,1.0,1.0,1.0,1.0,1.0,1.0,0.0,0.0,0.0,0.0,0.0,0.0,0.0,0.0,0.0
lexical,reverse_text,python,mixed_low,0.25,0.25,0.25,0.25,0.08188331627430911,0.34146341463414637,0.34146341463414637,0.15294117647058825,1.0,0.14285714285714285,0.1428571428571428,0.75,0.7777777777777778,0.9181166837256909,0.6585365853658536,0.6585365853658536,0.8470588235294118,0.0,0.8571428571428572,0.8571428571428572
lexical,reverse_text,python,mixed_high,0.5,0.5,0.5,0.5,0.1011378002528445,0.4375,0.4375,0.21311475409836064,1.0,0.2,0.19999999999999996,0.5,0.75,0.8988621997471555,0.5625,0.5625,0.7868852459016393,0.0,0.8,0.8
lexical,reverse_text,javascript,baseline,0.0,0.0,0.0,0.0,0.10594947025264874,0.27710843373493976,0.27710843373493976,0.11926605504587157,1.0,0.1724137931034483,0.1724137931034483,1.0,1.0,0.8940505297473512,0.7228915662650602,0.7228915662650602,0.8807339449541285,0.0,0.8275862068965517,0.8275862068965517
lexical,reverse_text,javascript,format_025,0.25,0.0,0.0,0.0,0.0912280701754386,0.27710843373493976,0.27710843373493976,0.11926605504587157,1.0,0.1724137931034483,0.1724137931034483,1.0,1.0,0.9087719298245613,0.7228915662650602,0.7228915662650602,0.8807339449541285,0.0,0.8275862068965517,0.8275862068965517
lexical,reverse_text,javascript,format_050,0.5,0.0,0.0,0.0,0.08009858287122612,0.27710843373493976,0.27710843373493976,0.11926605504587157,1.0,0.1724137931034483,0.1724137931034483,1.0,1.0,0.9199014171287738,0.7228915662650602,0.7228915662650602,0.8807339449541285,0.0,0.8275862068965517,0.8275862068965517
lexical,reverse_text,javascript,format_100,1.0,0.0,0.0,0.0,0.06438831104507181,0.27710843373493976,0.27710843373493976,0.11926605504587157,1.0,0.1724137931034483,0.1724137931034483,1.0,1.0,0.9356116889549282,0.7228915662650602,0.7228915662650602,0.8807339449541285,0.0,0.8275862068965517,0.8275862068965517
lexical,reverse_text,javascript,lexical_025,0.0,0.25,0.0,0.0,0.10543390105433902,0.27710843373493976,0.27710843373493976,0.11926605504587157,1.0,0.1724137931034483,0.1724137931034483,1.0,0.875,0.894566098945661,0.7228915662650602,0.7228915662650602,0.8807339449541285,0.0,0.8275862068965517,0.8275862068965517
lexical,reverse_text,javascript,lexical_050,0.0,0.5,0.0,0.0,0.10492332526230831,0.27710843373493976,0.27710843373493976,0.11926605504587157,1.0,0.1724137931034483,0.1724137931034483,1.0,0.75,0.8950766747376917,0.7228915662650602,0.7228915662650602,0.8807339449541285,0.0,0.8275862068965517,0.8275862068965517
lexical,reverse_text,javascript,lexical_075,0.0,0.75,0.0,0.0,0.10408326661329063,0.27710843373493976,0.27710843373493976,0.11926605504587157,1.0,0.1724137931034483,0.1724137931034483,1.0,0.5416666666666666,0.8959167333867094,0.7228915662650602,0.7228915662650602,0.8807339449541285,0.0,0.8275862068965517,0.8275862068965517
lexical,reverse_text,javascript,lexical_100,0.0,1.0,0.0,0.0,0.10342084327764518,0.27710843373493976,0.27710843373493976,0.11926605504587157,1.0,0.1724137931034483,0.1724137931034483,1.0,0.375,0.8965791567223548,0.7228915662650602,0.7228915662650602,0.8807339449541285,0.0,0.8275862068965517,0.8275862068965517
lexical,reverse_text,javascript,structural_025,0.0,0.0,0.25,0.0,0.10594947025264874,0.27710843373493976,0.27710843373493976,0.11926605504587157,1.0,0.1724137931034483,0.1724137931034483,1.0,1.0,0.8940505297473512,0.7228915662650602,0.7228915662650602,0.8807339449541285,0.0,0.8275862068965517,0.8275862068965517
lexical,reverse_text,javascript,structural_050,0.0,0.0,0.5,0.0,0.10594947025264874,0.27710843373493976,0.27710843373493976,0.11926605504587157,1.0,0.1724137931034483,0.1724137931034483,1.0,1.0,0.8940505297473512,0.7228915662650602,0.7228915662650602,0.8807339449541285,0.0,0.8275862068965517,0.8275862068965517
lexical,reverse_text,javascript,structural_075,0.0,0.0,0.75,0.0,0.10594947025264874,0.27710843373493976,0.27710843373493976,0.11926605504587157,1.0,0.1724137931034483,0.1724137931034483,1.0,1.0,0.8940505297473512,0.7228915662650602,0.7228915662650602,0.8807339449541285,0.0,0.8275862068965517,0.8275862068965517
lexical,reverse_text,javascript,structural_100,0.0,0.0,1.0,0.0,0.10594947025264874,0.27710843373493976,0.27710843373493976,0.11926605504587157,1.0,0.1724137931034483,0.1724137931034483,1.0,1.0,0.8940505297473512,0.7228915662650602,0.7228915662650602,0.8807339449541285,0.0,0.8275862068965517,0.8275862068965517
lexical,reverse_text,javascript,deletion_025,0.0,0.0,0.0,0.25,0.1366982124079916,0.3382352941176471,0.3382352941176471,0.15294117647058825,1.0,0.21739130434782608,0.21739130434782605,0.75,1.0,0.8633017875920084,0.6617647058823529,0.6617647058823529,0.8470588235294118,0.0,0.782608695652174,0.782608695652174
lexical,reverse_text,javascript,deletion_050,0.0,0.0,0.0,0.5,0.19202363367799113,0.4339622641509434,0.4339622641509434,0.21311475409836064,1.0,0.29411764705882354,0.2941176470588236,0.5,1.0,0.8079763663220089,0.5660377358490566,0.5660377358490566,0.7868852459016393,0.0,0.7058823529411764,0.7058823529411764
lexical,reverse_text,javascript,deletion_075,0.0,0.0,0.0,0.75,0.3225806451612903,0.6052631578947368,0.6052631578947368,0.35135135135135137,1.0,0.45454545454545453,0.4545454545454546,0.25,1.0,0.6774193548387097,0.39473684210526316,0.39473684210526316,0.6486486486486487,0.0,0.5454545454545454,0.5454545454545454
lexical,reverse_text,javascript,deletion_100,0.0,0.0,0.0,1.0,1.0,1.0,1.0,1.0,1.0,1.0,1.0,0.0,0.0,0.0,0.0,0.0,0.0,0.0,0.0,0.0
lexical,reverse_text,javascript,mixed_low,0.25,0.25,0.25,0.25,0.11937557392102846,0.3382352941176471,0.3382352941176471,0.15294117647058825,1.0,0.21739130434782608,0.21739130434782605,0.75,0.8888888888888888,0.8806244260789715,0.6617647058823529,0.6617647058823529,0.8470588235294118,0.0,0.782608695652174,0.782608695652174
lexical,reverse_text,javascript,mixed_high,0.5,0.5,0.5,0.5,0.14689265536723164,0.4339622641509434,0.4339622641509434,0.21311475409836064,1.0,0.29411764705882354,0.2941176470588236,0.5,0.75,0.8531073446327684,0.5660377358490566,0.5660377358490566,0.7868852459016393,0.0,0.7058823529411764,0.7058823529411764
structural,leap_year,python,baseline,0.0,0.0,0.0,0.0,0.104542626011201,0.2694300518134715,0.2694300518134715,0.22,0.04,0.25,0.25,1.0,1.0,0.895457373988799,0.7305699481865284,0.7305699481865284,0.78,0.96,0.75,0.75
structural,leap_year,python,format_025,0.25,0.0,0.0,0.0,0.09276642738818332,0.2694300518134715,0.2694300518134715,0.22,0.04,0.25,0.25,1.0,1.0,0.9072335726118167,0.7305699481865284,0.7305699481865284,0.78,0.96,0.75,0.75
structural,leap_year,python,format_050,0.5,0.0,0.0,0.0,0.08337468982630274,0.2694300518134715,0.2694300518134715,0.22,0.04,0.25,0.25,1.0,1.0,0.9166253101736973,0.7305699481865284,0.7305699481865284,0.78,0.96,0.75,0.75
structural,leap_year,python,format_100,1.0,0.0,0.0,0.0,0.06933553446141147,0.2694300518134715,0.2694300518134715,0.22,0.04,0.25,0.25,1.0,1.0,0.9306644655385885,0.7305699481865284,0.7305699481865284,0.78,0.96,0.75,0.75
structural,leap_year,python,lexical_025,0.0,0.25,0.0,0.0,0.104542626011201,0.2694300518134715,0.2694300518134715,0.22,0.04,0.25,0.25,1.0,1.0,0.895457373988799,0.7305699481865284,0.7305699481865284,0.78,0.96,0.75,0.75
structural,leap_year,python,lexical_050,0.0,0.5,0.0,0.0,0.104542626011201,0.2694300518134715,0.2694300518134715,0.22,0.04,0.25,0.25,1.0,1.0,0.895457373988799,0.7305699481865284,0.7305699481865284,0.78,0.96,0.75,0.75
structural,leap_year,python,lexical_075,0.0,0.75,0.0,0.0,0.104542626011201,0.2694300518134715,0.2694300518134715,0.22,0.04,0.25,0.25,1.0,1.0,0.895457373988799,0.7305699481865284,0.7305699481865284,0.78,0.96,0.75,0.75
structural,leap_year,python,lexical_100,0.0,1.0,0.0,0.0,0.104542626011201,0.2694300518134715,0.2694300518134715,0.22,0.04,0.25,0.25,1.0,1.0,0.895457373988799,0.7305699481865284,0.7305699481865284,0.78,0.96,0.75,0.75
structural,leap_year,python,structural_025,0.0,0.0,0.25,0.0,0.10612760581174985,0.2826086956521739,0.2826086956521739,0.23404255319148937,0.04,0.29411764705882354,0.2941176470588236,1.0,0.875,0.8938723941882502,0.7173913043478262,0.7173913043478262,0.7659574468085106,0.96,0.7058823529411764,0.7058823529411764
structural,leap_year,python,structural_050,0.0,0.0,0.5,0.0,0.10831721470019343,0.3023255813953488,0.3023255813953488,0.2558139534883721,0.04,0.38461538461538464,0.3846153846153846,1.0,0.7083333333333334,0.8916827852998066,0.6976744186046512,0.6976744186046512,0.7441860465116279,0.96,0.6153846153846154,0.6153846153846154
structural,leap_year,python,structural_075,0.0,0.0,0.75,0.0,0.11177644710578842,0.33766233766233766,0.33766233766233766,0.2972972972972973,0.04,0.7142857142857143,0.7142857142857143,1.0,0.4583333333333333,0.8882235528942116,0.6623376623376623,0.6623376623376623,0.7027027027027026,0.96,0.2857142857142857,0.2857142857142857
structural,leap_year,python,structural_100,0.0,0.0,1.0,0.0,0.11297915265635508,0.35135135135135137,0.35135135135135137,0.3142857142857143,0.04,1.0,1.0,1.0,0.375,0.887020847343645,0.6486486486486487,0.6486486486486487,0.6857142857142857,0.96,0.0,0.0
structural,leap_year,python,deletion_025,0.0,0.0,0.0,0.25,0.13581244947453516,0.33766233766233766,0.33766233766233766,0.28205128205128205,0.05263157894736842,0.3333333333333333,0.33333333333333326,0.75,1.0,0.8641875505254648,0.6623376623376623,0.6623376623376623,0.717948717948718,0.9473684210526316,0.6666666666666667,0.6666666666666667
structural,leap_year,python,deletion_050,0.0,0.0,0.0,0.5,0.19026047565118911,0.4297520661157025,0.4297520661157025,0.36666666666666664,0.07692307692307693,0.4166666666666667,0.41666666666666674,0.5,1.0,0.8097395243488109,0.5702479338842975,0.5702479338842975,0.6333333333333333,0.9230769230769231,0.5833333333333333,0.5833333333333333
structural,leap_year,python,deletion_075,0.0,0.0,0.0,0.75,0.32245681381957775,0.611764705882353,0.611764705882353,0.55,0.14285714285714285,0.625,0.625,0.25,1.0,0.6775431861804222,0.388235294117647,0.388235294117647,0.44999999999999996,0.8571428571428572,0.375,0.375
structural,leap_year,python,deletion_100,0.0,0.0,0.0,1.0,1.0,1.0,1.0,1.0,1.0,1.0,1.0,0.0,0.0,0.0,0.0,0.0,0.0,0.0,0.0,0.0
structural,leap_year,python,mixed_low,0.25,0.25,0.25,0.25,0.12527964205816555,0.36619718309859156,0.36619718309859156,0.3142857142857143,0.05263157894736842,0.45454545454545453,0.4545454545454546,0.75,0.7777777777777778,0.8747203579418344,0.6338028169014085,0.6338028169014085,0.6857142857142857,0.9473684210526316,0.5454545454545454,0.5454545454545454
structural,leap_year,python,mixed_high,0.5,0.5,0.5,0.5,0.15924170616113745,0.47706422018348627,0.47706422018348627,0.4230769230769231,0.07692307692307693,0.625,0.625,0.5,0.5833333333333334,0.8407582938388626,0.5229357798165137,0.5229357798165137,0.5769230769230769,0.9230769230769231,0.375,0.375
structural,leap_year,javascript,baseline,0.0,0.0,0.0,0.0,0.13429602888086642,0.22580645161290322,0.22580645161290322,0.17557251908396945,0.04,0.1724137931034483,0.5862068965517241,1.0,1.0,0.8657039711191336,0.7741935483870968,0.7741935483870968,0.8244274809160306,0.96,0.8275862068965517,0.4137931034482759
structural,leap_year,javascript,format_025,0.25,0.0,0.0,0.0,0.11749842072015161,0.22580645161290322,0.22580645161290322,0.17557251908396945,0.04,0.1724137931034483,0.5862068965517241,1.0,1.0,0.8825015792798484,0.7741935483870968,0.7741935483870968,0.8244274809160306,0.96,0.8275862068965517,0.4137931034482759
structural,leap_year,javascript,format_050,0.5,0.0,0.0,0.0,0.10443571027512634,0.22580645161290322,0.22580645161290322,0.17557251908396945,0.04,0.1724137931034483,0.5862068965517241,1.0,1.0,0.8955642897248737,0.7741935483870968,0.7741935483870968,0.8244274809160306,0.96,0.8275862068965517,0.4137931034482759
structural,leap_year,javascript,format_100,1.0,0.0,0.0,0.0,0.08543867707854846,0.22580645161290322,0.22580645161290322,0.17557251908396945,0.04,0.1724137931034483,0.5862068965517241,1.0,1.0,0.9145613229214515,0.7741935483870968,0.7741935483870968,0.8244274809160306,0.96,0.8275862068965517,0.4137931034482759
structural,leap_year,javascript,lexical_025,0.0,0.25,0.0,0.0,0.13429602888086642,0.22580645161290322,0.22580645161290322,0.17557251908396945,0.04,0.1724137931034483,0.5862068965517241,1.0,1.0,0.8657039711191336,0.7741935483870968,0.7741935483870968,0.8244274809160306,0.96,0.8275862068965517,0.4137931034482759
structural,leap_year,javascript,lexical_050,0.0,0.5,0.0,0.0,0.13429602888086642,0.22580645161290322,0.22580645161290322,0.17557251908396945,0.04,0.1724137931034483,0.5862068965517241,1.0,1.0,0.8657039711191336,0.7741935483870968,0.7741935483870968,0.8244274809160306,0.96,0.8275862068965517,0.4137931034482759
structural,leap_year,javascript,lexical_075,0.0,0.75,0.0,0.0,0.13429602888086642,0.22580645161290322,0.22580645161290322,0.17557251908396945,0.04,0.1724137931034483,0.5862068965517241,1.0,1.0,0.8657039711191336,0.7741935483870968,0.7741935483870968,0.8244274809160306,0.96,0.8275862068965517,0.4137931034482759
structural,leap_year,javascript,lexical_100,0.0,1.0,0.0,0.0,0.13429602888086642,0.22580645161290322,0.22580645161290322,0.17557251908396945,0.04,0.1724137931034483,0.5862068965517241,1.0,1.0,0.8657039711191336,0.7741935483870968,0.7741935483870968,0.8244274809160306,0.96,0.8275862068965517,0.4137931034482759
structural,leap_year,javascript,structural_025,0.0,0.0,0.25,0.0,0.13706705969049374,0.23333333333333334,0.23333333333333334,0.19008264462809918,0.04,0.2,0.6,1.0,0.9166666666666666,0.8629329403095063,0.7666666666666666,0.7666666666666666,0.8099173553719008,0.96,0.8,0.4
structural,leap_year,javascript,structural_050,0.0,0.0,0.5,0.0,0.14296694850115296,0.25,0.25,0.22772277227722773,0.04,0.29411764705882354,0.6470588235294118,1.0,0.75,0.857033051498847,0.75,0.75,0.7722772277227723,0.96,0.7058823529411764,0.3529411764705882
structural,leap_year,javascript,structural_075,0.0,0.0,0.75,0.0,0.14611154752553024,0.25925925925925924,0.25925925925925924,0.25274725274725274,0.04,0.38461538461538464,0.6923076923076923,1.0,0.6666666666666666,0.8538884524744698,0.7407407407407407,0.7407407407407407,0.7472527472527473,0.96,0.6153846153846154,0.3076923076923077
structural,leap_year,javascript,structural_100,0.0,0.0,1.0,0.0,0.15283483976992604,0.28,0.28,0.323943661971831,0.04,1.0,1.0,1.0,0.5,0.8471651602300739,0.72,0.72,0.676056338028169,0.96,0.0,0.0
structural,leap_year,javascript,deletion_025,0.0,0.0,0.0,0.25,0.17366946778711484,0.2857142857142857,0.2857142857142857,0.23232323232323232,0.05263157894736842,0.23809523809523808,0.6190476190476191,0.75,1.0,0.8263305322128851,0.7142857142857143,0.7142857142857143,0.7676767676767677,0.9473684210526316,0.7619047619047619,0.38095238095238093
structural,leap_year,javascript,deletion_050,0.0,0.0,0.0,0.5,0.22878228782287824,0.35,0.35,0.26436781609195403,0.07692307692307693,0.23809523809523808,0.6190476190476191,0.5,1.0,0.7712177121771218,0.65,0.65,0.735632183908046,0.9230769230769231,0.7619047619047619,0.38095238095238093
structural,leap_year,javascript,deletion_075,0.0,0.0,0.0,0.75,0.3727454909819639,0.5185185185185185,0.5185185185185185,0.41818181818181815,0.14285714285714285,0.38461538461538464,0.6923076923076923,0.25,1.0,0.6272545090180361,0.4814814814814815,0.4814814814814815,0.5818181818181818,0.8571428571428572,0.6153846153846154,0.3076923076923077
structural,leap_year,javascript,deletion_100,0.0,0.0,0.0,1.0,1.0,1.0,1.0,1.0,1.0,1.0,1.0,0.0,0.0,0.0,0.0,0.0,0.0,0.0,0.0,0.0
structural,leap_year,javascript,mixed_low,0.25,0.25,0.25,0.25,0.15283483976992604,0.28,0.28,0.22115384615384615,0.05263157894736842,0.21739130434782608,0.6086956521739131,0.75,0.9444444444444444,0.8471651602300739,0.72,0.72,0.7788461538461539,0.9473684210526316,0.782608695652174,0.3913043478260869
structural,leap_year,javascript,mixed_high,0.5,0.5,0.5,0.5,0.19476439790575917,0.3888888888888889,0.3888888888888889,0.34328358208955223,0.07692307692307693,0.38461538461538464,0.6923076923076923,0.5,0.8333333333333334,0.8052356020942408,0.6111111111111112,0.6111111111111112,0.6567164179104478,0.9230769230769231,0.6153846153846154,0.3076923076923077
structural,collatz_steps,python,baseline,0.0,0.0,0.0,0.0,0.2104695089044792,0.3902439024390244,0.3902439024390244,0.3114754098360656,0.2,0.41935483870967744,0.4193548387096775,1.0,1.0,0.7895304910955208,0.6097560975609756,0.6097560975609756,0.6885245901639344,0.8,0.5806451612903225,0.5806451612903225
structural,collatz_steps,python,format_025,0.25,0.0,0.0,0.0,0.18959649975692758,0.3902439024390244,0.3902439024390244,0.3114754098360656,0.2,0.41935483870967744,0.4193548387096775,1.0,1.0,0.8104035002430724,0.6097560975609756,0.6097560975609756,0.6885245901639344,0.8,0.5806451612903225,0.5806451612903225
structural,collatz_steps,python,format_050,0.5,0.0,0.0,0.0,0.17249004865103937,0.3902439024390244,0.3902439024390244,0.3114754098360656,0.2,0.41935483870967744,0.4193548387096775,1.0,1.0,0.8275099513489607,0.6097560975609756,0.6097560975609756,0.6885245901639344,0.8,0.5806451612903225,0.5806451612903225
structural,collatz_steps,python,format_100,1.0,0.0,0.0,0.0,0.14612214312476582,0.3902439024390244,0.3902439024390244,0.3114754098360656,0.2,0.41935483870967744,0.4193548387096775,1.0,1.0,0.8538778568752342,0.6097560975609756,0.6097560975609756,0.6885245901639344,0.8,0.5806451612903225,0.5806451612903225
structural,collatz_steps,python,lexical_025,0.0,0.25,0.0,0.0,0.2104695089044792,0.3902439024390244,0.3902439024390244,0.3114754098360656,0.2,0.41935483870967744,0.4193548387096775,1.0,1.0,0.7895304910955208,0.6097560975609756,0.6097560975609756,0.6885245901639344,0.8,0.5806451612903225,0.5806451612903225
structural,collatz_steps,python,lexical_050,0.0,0.5,0.0,0.0,0.2104695089044792,0.3902439024390244,0.3902439024390244,0.3114754098360656,0.2,0.41935483870967744,0.4193548387096775,1.0,1.0,0.7895304910955208,0.6097560975609756,0.6097560975609756,0.6885245901639344,0.8,0.5806451612903225,0.5806451612903225
structural,collatz_steps,python,lexical_075,0.0,0.75,0.0,0.0,0.2104695089044792,0.3902439024390244,0.3902439024390244,0.3114754098360656,0.2,0.41935483870967744,0.4193548387096775,1.0,1.0,0.7895304910955208,0.6097560975609756,0.6097560975609756,0.6885245901639344,0.8,0.5806451612903225,0.5806451612903225
structural,collatz_steps,python,lexical_100,0.0,1.0,0.0,0.0,0.2104695089044792,0.3902439024390244,0.3902439024390244,0.3114754098360656,0.2,0.41935483870967744,0.4193548387096775,1.0,1.0,0.7895304910955208,0.6097560975609756,0.6097560975609756,0.6885245901639344,0.8,0.5806451612903225,0.5806451612903225
structural,collatz_steps,python,structural_025,0.0,0.0,0.25,0.0,0.2151130722559294,0.4155844155844156,0.4155844155844156,0.3392857142857143,0.2,0.5,0.5,1.0,0.7916666666666666,0.7848869277440707,0.5844155844155844,0.5844155844155844,0.6607142857142857,0.8,0.5,0.5
structural,collatz_steps,python,structural_050,0.0,0.0,0.5,0.0,0.21897810218978103,0.4383561643835616,0.4383561643835616,0.36538461538461536,0.2,0.5909090909090909,0.5909090909090909,1.0,0.625,0.781021897810219,0.5616438356164384,0.5616438356164384,0.6346153846153846,0.8,0.40909090909090906,0.40909090909090906
structural,collatz_steps,python,structural_075,0.0,0.0,0.75,0.0,0.22298456260720412,0.463768115942029,0.463768115942029,0.3958333333333333,0.2,0.7222222222222222,0.7222222222222222,1.0,0.4583333333333333,0.7770154373927959,0.536231884057971,0.536231884057971,0.6041666666666667,0.8,0.2777777777777778,0.2777777777777778
structural,collatz_steps,python,structural_100,0.0,0.0,1.0,0.0,0.22820362785254536,0.5,0.5,0.4418604651162791,0.2,1.0,1.0,1.0,0.25,0.7717963721474547,0.5,0.5,0.5581395348837209,0.8,0.0,0.0
structural,collatz_steps,python,deletion_025,0.0,0.0,0.0,0.25,0.26298044504383006,0.463768115942029,0.463768115942029,0.38,0.25,0.5,0.5,0.75,1.0,0.73701955495617,0.536231884057971,0.536231884057971,0.62,0.75,0.5,0.5
structural,collatz_steps,python,deletion_050,0.0,0.0,0.0,0.5,0.3504043126684636,0.5714285714285714,0.5714285714285714,0.48717948717948717,0.3333333333333333,0.6190476190476191,0.6190476190476191,0.5,1.0,0.6495956873315364,0.4285714285714286,0.4285714285714286,0.5128205128205128,0.6666666666666667,0.38095238095238093,0.38095238095238093
structural,collatz_steps,python,deletion_075,0.0,0.0,0.0,0.75,0.5193075898801598,0.7272727272727273,0.7272727272727273,0.6551724137931034,0.5,0.7647058823529411,0.7647058823529411,0.25,1.0,0.4806924101198402,0.2727272727272727,0.2727272727272727,0.3448275862068966,0.5,0.23529411764705888,0.23529411764705888
structural,collatz_steps,python,deletion_100,0.0,0.0,0.0,1.0,1.0,1.0,1.0,1.0,1.0,1.0,1.0,0.0,0.0,0.0,0.0,0.0,0.0,0.0,0.0,0.0
structural,collatz_steps,python,mixed_low,0.25,0.25,0.25,0.25,0.24824952259707192,0.5079365079365079,0.5079365079365079,0.4318181818181818,0.25,0.65,0.65,0.75,0.6666666666666666,0.7517504774029281,0.4920634920634921,0.4920634920634921,0.5681818181818181,0.75,0.35,0.35
structural,collatz_steps,python,mixed_high,0.5,0.5,0.5,0.5,0.2979373567608862,0.5818181818181818,0.5818181818181818,0.5,0.3333333333333333,0.65,0.65,0.5,0.8333333333333334,0.7020626432391138,0.4181818181818182,0.4181818181818182,0.5,0.6666666666666667,0.35,0.35
structural,collatz_steps,javascript,baseline,0.0,0.0,0.0,0.0,0.24517734909769756,0.3950617283950617,0.3950617283950617,0.2893081761006289,0.14285714285714285,0.36585365853658536,0.6829268292682926,1.0,1.0,0.7548226509023024,0.6049382716049383,0.6049382716049383,0.7106918238993711,0.8571428571428572,0.6341463414634146,0.3170731707317074
structural,collatz_steps,javascript,format_025,0.25,0.0,0.0,0.0,0.21828254847645429,0.3950617283950617,0.3950617283950617,0.2893081761006289,0.14285714285714285,0.36585365853658536,0.6829268292682926,1.0,1.0,0.7817174515235457,0.6049382716049383,0.6049382716049383,0.7106918238993711,0.8571428571428572,0.6341463414634146,0.3170731707317074
structural,collatz_steps,javascript,format_050,0.5,0.0,0.0,0.0,0.1967049425861208,0.3950617283950617,0.3950617283950617,0.2893081761006289,0.14285714285714285,0.36585365853658536,0.6829268292682926,1.0,1.0,0.8032950574138792,0.6049382716049383,0.6049382716049383,0.7106918238993711,0.8571428571428572,0.6341463414634146,0.3170731707317074
structural,collatz_steps,javascript,format_100,1.0,0.0,0.0,0.0,0.16423509795748228,0.3950617283950617,0.3950617283950617,0.2893081761006289,0.14285714285714285,0.36585365853658536,0.6829268292682926,1.0,1.0,0.8357649020425177,0.6049382716049383,0.6049382716049383,0.7106918238993711,0.8571428571428572,0.6341463414634146,0.3170731707317074
structural,collatz_steps,javascript,lexical_025,0.0,0.25,0.0,0.0,0.24517734909769756,0.3950617283950617,0.3950617283950617,0.2893081761006289,0.14285714285714285,0.36585365853658536,0.6829268292682926,1.0,1.0,0.7548226509023024,0.6049382716049383,0.6049382716049383,0.7106918238993711,0.8571428571428572,0.6341463414634146,0.3170731707317074
structural,collatz_steps,javascript,lexical_050,0.0,0.5,0.0,0.0,0.24517734909769756,0.3950617283950617,0.3950617283950617,0.2893081761006289,0.14285714285714285,0.36585365853658536,0.6829268292682926,1.0,1.0,0.7548226509023024,0.6049382716049383,0.6049382716049383,0.7106918238993711,0.8571428571428572,0.6341463414634146,0.3170731707317074
structural,collatz_steps,javascript,lexical_075,0.0,0.75,0.0,0.0,0.24517734909769756,0.3950617283950617,0.3950617283950617,0.2893081761006289,0.14285714285714285,0.36585365853658536,0.6829268292682926,1.0,1.0,0.7548226509023024,0.6049382716049383,0.6049382716049383,0.7106918238993711,0.8571428571428572,0.6341463414634146,0.3170731707317074
structural,collatz_steps,javascript,lexical_100,0.0,1.0,0.0,0.0,0.24517734909769756,0.3950617283950617,0.3950617283950617,0.2893081761006289,0.14285714285714285,0.36585365853658536,0.6829268292682926,1.0,1.0,0.7548226509023024,0.6049382716049383,0.6049382716049383,0.7106918238993711,0.8571428571428572,0.6341463414634146,0.3170731707317074
structural,collatz_steps,javascript,structural_025,0.0,0.0,0.25,0.0,0.25175718849840256,0.41025641025641024,0.41025641025641024,0.3194444444444444,0.14285714285714285,0.42857142857142855,0.7142857142857143,1.0,0.875,0.7482428115015974,0.5897435897435898,0.5897435897435898,0.6805555555555556,0.8571428571428572,0.5714285714285714,0.2857142857142857
structural,collatz_steps,javascript,structural_050,0.0,0.0,0.5,0.0,0.26110006626905236,0.43243243243243246,0.43243243243243246,0.3709677419354839,0.14285714285714285,0.5555555555555556,0.7777777777777778,1.0,0.7083333333333334,0.7388999337309476,0.5675675675675675,0.5675675675675675,0.6290322580645161,0.8571428571428572,0.4444444444444444,0.2222222222222222
structural,collatz_steps,javascript,structural_075,0.0,0.0,0.75,0.0,0.26354515050167227,0.4383561643835616,0.4383561643835616,0.3865546218487395,0.14285714285714285,0.6,0.8,1.0,0.6666666666666666,0.7364548494983277,0.5616438356164384,0.5616438356164384,0.6134453781512605,0.8571428571428572,0.4,0.19999999999999996
structural,collatz_steps,javascript,structural_100,0.0,0.0,1.0,0.0,0.27649122807017545,0.47058823529411764,0.47058823529411764,0.48936170212765956,0.14285714285714285,1.0,1.0,1.0,0.4583333333333333,0.7235087719298245,0.5294117647058824,0.5294117647058824,0.5106382978723405,0.8571428571428572,0.0,0.0
structural,collatz_steps,javascript,deletion_025,0.0,0.0,0.0,0.25,0.2982588947766843,0.45714285714285713,0.45714285714285713,0.3357664233576642,0.18181818181818182,0.40540540540540543,0.7027027027027026,0.75,1.0,0.7017411052233157,0.5428571428571429,0.5428571428571429,0.6642335766423357,0.8181818181818181,0.5945945945945945,0.29729729729729737
structural,collatz_steps,javascript,deletion_050,0.0,0.0,0.0,0.5,0.38067632850241545,0.5423728813559322,0.5423728813559322,0.4,0.25,0.45454545454545453,0.7272727272727273,0.5,1.0,0.6193236714975845,0.4576271186440678,0.4576271186440678,0.6,0.75,0.5454545454545454,0.2727272727272727
structural,collatz_steps,javascript,deletion_075,0.0,0.0,0.0,0.75,0.5685425685425686,0.7272727272727273,0.7272727272727273,0.6301369863013698,0.4,0.7142857142857143,0.8571428571428572,0.25,1.0,0.43145743145743143,0.2727272727272727,0.2727272727272727,0.36986301369863017,0.6,0.2857142857142857,0.1428571428571428
structural,collatz_steps,javascript,deletion_100,0.0,0.0,0.0,1.0,1.0,1.0,1.0,1.0,1.0,1.0,1.0,0.0,0.0,0.0,0.0,0.0,0.0,0.0,0.0,0.0
structural,collatz_steps,javascript,mixed_low,0.25,0.25,0.25,0.25,0.28203292770221905,0.48484848484848486,0.48484848484848486,0.39316239316239315,0.18181818181818182,0.5172413793103449,0.7586206896551724,0.75,0.8333333333333334,0.7179670722977809,0.5151515151515151,0.5151515151515151,0.6068376068376069,0.8181818181818181,0.48275862068965514,0.24137931034482762
structural,collatz_steps,javascript,mixed_high,0.5,0.5,0.5,0.5,0.347136563876652,0.6153846153846154,0.6153846153846154,0.575,0.25,0.7894736842105263,0.8947368421052632,0.5,0.6666666666666666,0.6528634361233481,0.3846153846153846,0.3846153846153846,0.42500000000000004,0.75,0.21052631578947367,0.10526315789473684
structural,raindrops,python,baseline,0.0,0.0,0.0,0.0,0.2092097782831154,0.4383561643835616,0.4383561643835616,0.37735849056603776,0.14285714285714285,0.625,0.625,1.0,1.0,0.7907902217168846,0.5616438356164384,0.5616438356164384,0.6226415094339622,0.8571428571428572,0.375,0.375
structural,raindrops,python,format_025,0.25,0.0,0.0,0.0,0.18746816097809477,0.4383561643835616,0.4383561643835616,0.37735849056603776,0.14285714285714285,0.625,0.625,1.0,1.0,0.8125318390219052,0.5616438356164384,0.5616438356164384,0.6226415094339622,0.8571428571428572,0.375,0.375
structural,raindrops,python,format_050,0.5,0.0,0.0,0.0,0.169820027688048,0.4383561643835616,0.4383561643835616,0.37735849056603776,0.14285714285714285,0.625,0.625,1.0,1.0,0.8301799723119521,0.5616438356164384,0.5616438356164384,0.6226415094339622,0.8571428571428572,0.375,0.375
structural,raindrops,python,format_100,1.0,0.0,0.0,0.0,0.1429126213592233,0.4383561643835616,0.4383561643835616,0.37735849056603776,0.14285714285714285,0.625,0.625,1.0,1.0,0.8570873786407767,0.5616438356164384,0.5616438356164384,0.6226415094339622,0.8571428571428572,0.375,0.375
structural,raindrops,python,lexical_025,0.0,0.25,0.0,0.0,0.2092097782831154,0.4383561643835616,0.4383561643835616,0.37735849056603776,0.14285714285714285,0.625,0.625,1.0,1.0,0.7907902217168846,0.5616438356164384,0.5616438356164384,0.6226415094339622,0.8571428571428572,0.375,0.375
structural,raindrops,python,lexical_050,0.0,0.5,0.0,0.0,0.2092097782831154,0.4383561643835616,0.4383561643835616,0.37735849056603776,0.14285714285714285,0.625,0.625,1.0,1.0,0.7907902217168846,0.5616438356164384,0.5616438356164384,0.6226415094339622,0.8571428571428572,0.375,0.375
structural,raindrops,python,lexical_075,0.0,0.75,0.0,0.0,0.2092097782831154,0.4383561643835616,0.4383561643835616,0.37735849056603776,0.14285714285714285,0.625,0.625,1.0,1.0,0.7907902217168846,0.5616438356164384,0.5616438356164384,0.6226415094339622,0.8571428571428572,0.375,0.375
structural,raindrops,python,lexical_100,0.0,1.0,0.0,0.0,0.2092097782831154,0.4383561643835616,0.4383561643835616,0.37735849056603776,0.14285714285714285,0.625,0.625,1.0,1.0,0.7907902217168846,0.5616438356164384,0.5616438356164384,0.6226415094339622,0.8571428571428572,0.375,0.375
structural,raindrops,python,structural_025,0.0,0.0,0.25,0.0,0.21113023522662078,0.4507042253521127,0.4507042253521127,0.39215686274509803,0.14285714285714285,0.6818181818181818,0.6818181818181818,1.0,0.9166666666666666,0.7888697647733792,0.5492957746478873,0.5492957746478873,0.607843137254902,0.8571428571428572,0.31818181818181823,0.31818181818181823
structural,raindrops,python,structural_050,0.0,0.0,0.5,0.0,0.2140779522978476,0.47058823529411764,0.47058823529411764,0.4166666666666667,0.14285714285714285,0.7894736842105263,0.7894736842105263,1.0,0.7916666666666666,0.7859220477021525,0.5294117647058824,0.5294117647058824,0.5833333333333333,0.8571428571428572,0.21052631578947367,0.21052631578947367
structural,raindrops,python,structural_075,0.0,0.0,0.75,0.0,0.21507890122735243,0.47761194029850745,0.47761194029850745,0.425531914893617,0.14285714285714285,0.8333333333333334,0.8333333333333333,1.0,0.75,0.7849210987726476,0.5223880597014925,0.5223880597014925,0.574468085106383,0.8571428571428572,0.16666666666666663,0.16666666666666674
structural,raindrops,python,structural_100,0.0,0.0,1.0,0.0,0.21813870776526378,0.5,0.5,0.45454545454545453,0.14285714285714285,1.0,1.0,1.0,0.625,0.7818612922347362,0.5,0.5,0.5454545454545454,0.8571428571428572,0.0,0.0
structural,raindrops,python,deletion_025,0.0,0.0,0.0,0.25,0.258972554539057,0.5,0.5,0.43478260869565216,0.18181818181818182,0.6521739130434783,0.6521739130434783,0.75,1.0,0.741027445460943,0.5,0.5,0.5652173913043479,0.8181818181818181,0.34782608695652173,0.34782608695652173
structural,raindrops,python,deletion_050,0.0,0.0,0.0,0.5,0.35014272121788775,0.6274509803921569,0.6274509803921569,0.5714285714285714,0.25,0.8333333333333334,0.8333333333333333,0.5,1.0,0.6498572787821122,0.37254901960784315,0.37254901960784315,0.4285714285714286,0.75,0.16666666666666663,0.16666666666666674
structural,raindrops,python,deletion_075,0.0,0.0,0.0,0.75,0.5161290322580645,0.7619047619047619,0.7619047619047619,0.7142857142857143,0.4,0.8823529411764706,0.8823529411764706,0.25,1.0,0.4838709677419355,0.23809523809523814,0.23809523809523814,0.2857142857142857,0.6,0.11764705882352944,0.11764705882352944
structural,raindrops,python,deletion_100,0.0,0.0,0.0,1.0,1.0,1.0,1.0,1.0,1.0,1.0,1.0,0.0,0.0,0.0,0.0,0.0,0.0,0.0,0.0,0.0
structural,raindrops,python,mixed_low,0.25,0.25,0.25,0.25,0.2400521852576647,0.5245901639344263,0.5245901639344263,0.46511627906976744,0.18181818181818182,0.75,0.75,0.75,0.8888888888888888,0.7599478147423353,0.47540983606557374,0.47540983606557374,0.5348837209302326,0.8181818181818181,0.25,0.25
structural,raindrops,python,mixed_high,0.5,0.5,0.5,0.5,0.2970137207425343,0.6530612244897959,0.6530612244897959,0.6060606060606061,0.25,0.9375,0.9375,0.5,0.6666666666666666,0.7029862792574657,0.34693877551020413,0.34693877551020413,0.3939393939393939,0.75,0.0625,0.0625
structural,raindrops,javascript,baseline,0.0,0.0,0.0,0.0,0.23112278397898883,0.38666666666666666,0.38666666666666666,0.30985915492957744,0.14285714285714285,0.42857142857142855,0.7142857142857143,1.0,1.0,0.7688772160210111,0.6133333333333333,0.6133333333333333,0.6901408450704225,0.8571428571428572,0.5714285714285714,0.2857142857142857
structural,raindrops,javascript,format_025,0.25,0.0,0.0,0.0,0.20453224869262057,0.38666666666666666,0.38666666666666666,0.30985915492957744,0.14285714285714285,0.42857142857142855,0.7142857142857143,1.0,1.0,0.7954677513073795,0.6133333333333333,0.6133333333333333,0.6901408450704225,0.8571428571428572,0.5714285714285714,0.2857142857142857
structural,raindrops,javascript,format_050,0.5,0.0,0.0,0.0,0.18342886920270973,0.38666666666666666,0.38666666666666666,0.30985915492957744,0.14285714285714285,0.42857142857142855,0.7142857142857143,1.0,1.0,0.8165711307972903,0.6133333333333333,0.6133333333333333,0.6901408450704225,0.8571428571428572,0.5714285714285714,0.2857142857142857
structural,raindrops,javascript,format_100,1.0,0.0,0.0,0.0,0.15205183585313176,0.38666666666666666,0.38666666666666666,0.30985915492957744,0.14285714285714285,0.42857142857142855,0.7142857142857143,1.0,1.0,0.8479481641468682,0.6133333333333333,0.6133333333333333,0.6901408450704225,0.8571428571428572,0.5714285714285714,0.2857142857142857
structural,raindrops,javascript,lexical_025,0.0,0.25,0.0,0.0,0.23112278397898883,0.38666666666666666,0.38666666666666666,0.30985915492957744,0.14285714285714285,0.42857142857142855,0.7142857142857143,1.0,1.0,0.7688772160210111,0.6133333333333333,0.6133333333333333,0.6901408450704225,0.8571428571428572,0.5714285714285714,0.2857142857142857
structural,raindrops,javascript,lexical_050,0.0,0.5,0.0,0.0,0.23112278397898883,0.38666666666666666,0.38666666666666666,0.30985915492957744,0.14285714285714285,0.42857142857142855,0.7142857142857143,1.0,1.0,0.7688772160210111,0.6133333333333333,0.6133333333333333,0.6901408450704225,0.8571428571428572,0.5714285714285714,0.2857142857142857
structural,raindrops,javascript,lexical_075,0.0,0.75,0.0,0.0,0.23112278397898883,0.38666666666666666,0.38666666666666666,0.30985915492957744,0.14285714285714285,0.42857142857142855,0.7142857142857143,1.0,1.0,0.7688772160210111,0.6133333333333333,0.6133333333333333,0.6901408450704225,0.8571428571428572,0.5714285714285714,0.2857142857142857
structural,raindrops,javascript,lexical_100,0.0,1.0,0.0,0.0,0.23112278397898883,0.38666666666666666,0.38666666666666666,0.30985915492957744,0.14285714285714285,0.42857142857142855,0.7142857142857143,1.0,1.0,0.7688772160210111,0.6133333333333333,0.6133333333333333,0.6901408450704225,0.8571428571428572,0.5714285714285714,0.2857142857142857
structural,raindrops,javascript,structural_025,0.0,0.0,0.25,0.0,0.237677245104659,0.4027777777777778,0.4027777777777778,0.3464566929133858,0.14285714285714285,0.5172413793103449,0.7586206896551724,1.0,0.875,0.762322754895341,0.5972222222222222,0.5972222222222222,0.6535433070866141,0.8571428571428572,0.48275862068965514,0.24137931034482762
structural,raindrops,javascript,structural_050,0.0,0.0,0.5,0.0,0.24225739848589126,0.4142857142857143,0.4142857142857143,0.37606837606837606,0.14285714285714285,0.6,0.8,1.0,0.7916666666666666,0.7577426015141088,0.5857142857142856,0.5857142857142856,0.6239316239316239,0.8571428571428572,0.4,0.19999999999999996
structural,raindrops,javascript,structural_075,0.0,0.0,0.75,0.0,0.24946846208362863,0.43283582089552236,0.43283582089552236,0.43137254901960786,0.14285714285714285,0.7894736842105263,0.8947368421052632,1.0,0.6666666666666666,0.7505315379163714,0.5671641791044777,0.5671641791044777,0.5686274509803921,0.8571428571428572,0.21052631578947367,0.10526315789473684
structural,raindrops,javascript,structural_100,0.0,0.0,1.0,0.0,0.2545191612436732,0.4461538461538462,0.4461538461538462,0.4782608695652174,0.14285714285714285,1.0,1.0,1.0,0.5833333333333334,0.7454808387563268,0.5538461538461539,0.5538461538461539,0.5217391304347826,0.8571428571428572,0.0,0.0
structural,raindrops,javascript,deletion_025,0.0,0.0,0.0,0.25,0.28137490007993604,0.4461538461538462,0.4461538461538462,0.352,0.18181818181818182,0.45454545454545453,0.7272727272727273,0.75,1.0,0.718625099920064,0.5538461538461539,0.5538461538461539,0.648,0.8181818181818181,0.5454545454545454,0.2727272727272727
structural,raindrops,javascript,deletion_050,0.0,0.0,0.0,0.5,0.38136511375947996,0.5686274509803921,0.5686274509803921,0.5,0.25,0.6521739130434783,0.8260869565217391,0.5,1.0,0.61863488624052,0.43137254901960786,0.43137254901960786,0.5,0.75,0.34782608695652173,0.17391304347826086
structural,raindrops,javascript,deletion_075,0.0,0.0,0.0,0.75,0.5525902668759811,0.725,0.725,0.6666666666666666,0.4,0.7894736842105263,0.8947368421052632,0.25,1.0,0.4474097331240189,0.275,0.275,0.33333333333333337,0.6,0.21052631578947367,0.10526315789473684
structural,raindrops,javascript,deletion_100,0.0,0.0,0.0,1.0,1.0,1.0,1.0,1.0,1.0,1.0,1.0,0.0,0.0,0.0,0.0,0.0,0.0,0.0,0.0,0.0
structural,raindrops,javascript,mixed_low,0.25,0.25,0.25,0.25,0.25977859778597784,0.4603174603174603,0.4603174603174603,0.3826086956521739,0.18181818181818182,0.5172413793103449,0.7586206896551724,0.75,0.9444444444444444,0.7402214022140221,0.5396825396825398,0.5396825396825398,0.6173913043478261,0.8181818181818181,0.48275862068965514,0.24137931034482762
structural,raindrops,javascript,mixed_high,0.5,0.5,0.5,0.5,0.3220494053064959,0.5918367346938775,0.5918367346938775,0.5641025641025641,0.25,0.7894736842105263,0.8947368421052632,0.5,0.8333333333333334,0.677950594693504,0.40816326530612246,0.40816326530612246,0.4358974358974359,0.75,0.21052631578947367,0.10526315789473684
structural,grains,python,baseline,0.0,0.0,0.0,0.0,0.06945337620578779,0.2,0.2,0.11764705882352941,0.04,0.2,0.19999999999999996,1.0,1.0,0.9305466237942122,0.8,0.8,0.8823529411764706,0.96,0.8,0.8
structural,grains,python,format_025,0.25,0.0,0.0,0.0,0.061398521887436046,0.2,0.2,0.11764705882352941,0.04,0.2,0.19999999999999996,1.0,1.0,0.938601478112564,0.8,0.8,0.8823529411764706,0.96,0.8,0.8
structural,grains,python,format_050,0.5,0.0,0.0,0.0,0.05501782985226694,0.2,0.2,0.11764705882352941,0.04,0.2,0.19999999999999996,1.0,1.0,0.944982170147733,0.8,0.8,0.8823529411764706,0.96,0.8,0.8
structural,grains,python,format_100,1.0,0.0,0.0,0.0,0.04555040067482075,0.2,0.2,0.11764705882352941,0.04,0.2,0.19999999999999996,1.0,1.0,0.9544495993251793,0.8,0.8,0.8823529411764706,0.96,0.8,0.8
structural,grains,python,lexical_025,0.0,0.25,0.0,0.0,0.06945337620578779,0.2,0.2,0.11764705882352941,0.04,0.2,0.19999999999999996,1.0,1.0,0.9305466237942122,0.8,0.8,0.8823529411764706,0.96,0.8,0.8
structural,grains,python,lexical_050,0.0,0.5,0.0,0.0,0.06945337620578779,0.2,0.2,0.11764705882352941,0.04,0.2,0.19999999999999996,1.0,1.0,0.9305466237942122,0.8,0.8,0.8823529411764706,0.96,0.8,0.8
structural,grains,python,lexical_075,0.0,0.75,0.0,0.0,0.06945337620578779,0.2,0.2,0.11764705882352941,0.04,0.2,0.19999999999999996,1.0,1.0,0.9305466237942122,0.8,0.8,0.8823529411764706,0.96,0.8,0.8
structural,grains,python,lexical_100,0.0,1.0,0.0,0.0,0.06945337620578779,0.2,0.2,0.11764705882352941,0.04,0.2,0.19999999999999996,1.0,1.0,0.9305466237942122,0.8,0.8,0.8823529411764706,0.96,0.8,0.8
structural,grains,python,structural_025,0.0,0.0,0.25,0.0,0.07017543859649122,0.20689655172413793,0.20689655172413793,0.12307692307692308,0.04,0.2222222222222222,0.2222222222222222,1.0,0.9166666666666666,0.9298245614035088,0.7931034482758621,0.7931034482758621,0.8769230769230769,0.96,0.7777777777777778,0.7777777777777778
structural,grains,python,structural_050,0.0,0.0,0.5,0.0,0.07243460764587525,0.23076923076923078,0.23076923076923078,0.14285714285714285,0.04,0.3333333333333333,0.33333333333333326,1.0,0.6666666666666666,0.9275653923541247,0.7692307692307692,0.7692307692307692,0.8571428571428572,0.96,0.6666666666666667,0.6666666666666667
structural,grains,python,structural_075,0.0,0.0,0.75,0.0,0.07402330363262509,0.25,0.25,0.16,0.04,0.5,0.5,1.0,0.5,0.9259766963673749,0.75,0.75,0.84,0.96,0.5,0.5
structural,grains,python,structural_100,0.0,0.0,1.0,0.0,0.0756832515767344,0.2727272727272727,0.2727272727272727,0.18181818181818182,0.04,1.0,1.0,1.0,0.3333333333333333,0.9243167484232656,0.7272727272727273,0.7272727272727273,0.8181818181818181,0.96,0.0,0.0
structural,grains,python,deletion_025,0.0,0.0,0.0,0.25,0.09113924050632911,0.2553191489361702,0.2553191489361702,0.1553398058252427,0.05263157894736842,0.26666666666666666,0.2666666666666666,0.75,1.0,0.9088607594936708,0.7446808510638299,0.7446808510638299,0.8446601941747574,0.9473684210526316,0.7333333333333334,0.7333333333333334
structural,grains,python,deletion_050,0.0,0.0,0.0,0.5,0.1325153374233129,0.35294117647058826,0.35294117647058826,0.22857142857142856,0.07692307692307693,0.4,0.4,0.5,1.0,0.8674846625766871,0.6470588235294117,0.6470588235294117,0.7714285714285715,0.9230769230769231,0.6,0.6
structural,grains,python,deletion_075,0.0,0.0,0.0,0.75,0.22641509433962265,0.48,0.48,0.32653061224489793,0.14285714285714285,0.4444444444444444,0.4444444444444444,0.25,1.0,0.7735849056603774,0.52,0.52,0.6734693877551021,0.8571428571428572,0.5555555555555556,0.5555555555555556
structural,grains,python,deletion_100,0.0,0.0,0.0,1.0,1.0,1.0,1.0,1.0,1.0,1.0,1.0,0.0,0.0,0.0,0.0,0.0,0.0,0.0,0.0,0.0
structural,grains,python,mixed_low,0.25,0.25,0.25,0.25,0.08225437928408226,0.2608695652173913,0.2608695652173913,0.16,0.05263157894736842,0.2857142857142857,0.2857142857142857,0.75,0.8888888888888888,0.9177456207159177,0.7391304347826086,0.7391304347826086,0.84,0.9473684210526316,0.7142857142857143,0.7142857142857143
structural,grains,python,mixed_high,0.5,0.5,0.5,0.5,0.10767696909272183,0.375,0.375,0.25,0.07692307692307693,0.5,0.5,0.5,0.75,0.8923230309072782,0.625,0.625,0.75,0.9230769230769231,0.5,0.5
structural,grains,javascript,baseline,0.0,0.0,0.0,0.0,0.11135531135531136,0.2032520325203252,0.2032520325203252,0.13076923076923078,0.04,0.1875,0.59375,1.0,1.0,0.8886446886446886,0.7967479674796748,0.7967479674796748,0.8692307692307693,0.96,0.8125,0.40625
structural,grains,javascript,format_025,0.25,0.0,0.0,0.0,0.09724888035828536,0.2032520325203252,0.2032520325203252,0.13076923076923078,0.04,0.1875,0.59375,1.0,1.0,0.9027511196417146,0.7967479674796748,0.7967479674796748,0.8692307692307693,0.96,0.8125,0.40625
structural,grains,javascript,format_050,0.5,0.0,0.0,0.0,0.08631459398069279,0.2032520325203252,0.2032520325203252,0.13076923076923078,0.04,0.1875,0.59375,1.0,1.0,0.9136854060193073,0.7967479674796748,0.7967479674796748,0.8692307692307693,0.96,0.8125,0.40625
structural,grains,javascript,format_100,1.0,0.0,0.0,0.0,0.07046824292999536,0.2032520325203252,0.2032520325203252,0.13076923076923078,0.04,0.1875,0.59375,1.0,1.0,0.9295317570700047,0.7967479674796748,0.7967479674796748,0.8692307692307693,0.96,0.8125,0.40625
structural,grains,javascript,lexical_025,0.0,0.25,0.0,0.0,0.11135531135531136,0.2032520325203252,0.2032520325203252,0.13076923076923078,0.04,0.1875,0.59375,1.0,1.0,0.8886446886446886,0.7967479674796748,0.7967479674796748,0.8692307692307693,0.96,0.8125,0.40625
structural,grains,javascript,lexical_050,0.0,0.5,0.0,0.0,0.11135531135531136,0.2032520325203252,0.2032520325203252,0.13076923076923078,0.04,0.1875,0.59375,1.0,1.0,0.8886446886446886,0.7967479674796748,0.7967479674796748,0.8692307692307693,0.96,0.8125,0.40625
structural,grains,javascript,lexical_075,0.0,0.75,0.0,0.0,0.11135531135531136,0.2032520325203252,0.2032520325203252,0.13076923076923078,0.04,0.1875,0.59375,1.0,1.0,0.8886446886446886,0.7967479674796748,0.7967479674796748,0.8692307692307693,0.96,0.8125,0.40625
structural,grains,javascript,lexical_100,0.0,1.0,0.0,0.0,0.11135531135531136,0.2032520325203252,0.2032520325203252,0.13076923076923078,0.04,0.1875,0.59375,1.0,1.0,0.8886446886446886,0.7967479674796748,0.7967479674796748,0.8692307692307693,0.96,0.8125,0.40625
structural,grains,javascript,structural_025,0.0,0.0,0.25,0.0,0.11737451737451737,0.22123893805309736,0.22123893805309736,0.1619047619047619,0.04,0.2727272727272727,0.6363636363636364,1.0,0.7916666666666666,0.8826254826254827,0.7787610619469026,0.7787610619469026,0.8380952380952381,0.96,0.7272727272727273,0.36363636363636365
structural,grains,javascript,structural_050,0.0,0.0,0.5,0.0,0.11611917494270435,0.21739130434782608,0.21739130434782608,0.15454545454545454,0.04,0.25,0.625,1.0,0.8333333333333334,0.8838808250572956,0.782608695652174,0.782608695652174,0.8454545454545455,0.96,0.75,0.375
structural,grains,javascript,structural_075,0.0,0.0,0.75,0.0,0.12130885873902633,0.2336448598130841,0.2336448598130841,0.18888888888888888,0.04,0.375,0.6875,1.0,0.6666666666666666,0.8786911412609737,0.7663551401869159,0.7663551401869159,0.8111111111111111,0.96,0.625,0.3125
structural,grains,javascript,structural_100,0.0,0.0,1.0,0.0,0.12848689771766694,0.25773195876288657,0.25773195876288657,0.26153846153846155,0.04,1.0,1.0,1.0,0.4583333333333333,0.871513102282333,0.7422680412371134,0.7422680412371134,0.7384615384615385,0.96,0.0,0.0
structural,grains,javascript,deletion_025,0.0,0.0,0.0,0.25,0.14087117701575533,0.24752475247524752,0.24752475247524752,0.1574074074074074,0.05263157894736842,0.21428571428571427,0.6071428571428572,0.75,1.0,0.8591288229842446,0.7524752475247525,0.7524752475247525,0.8425925925925926,0.9473684210526316,0.7857142857142857,0.3928571428571428
structural,grains,javascript,deletion_050,0.0,0.0,0.0,0.5,0.21023513139695713,0.36231884057971014,0.36231884057971014,0.2786885245901639,0.07692307692307693,0.42857142857142855,0.7142857142857143,0.5,1.0,0.7897648686030428,0.6376811594202898,0.6376811594202898,0.7213114754098361,0.9230769230769231,0.5714285714285714,0.2857142857142857
structural,grains,javascript,deletion_075,0.0,0.0,0.0,0.75,0.32688172043010755,0.49019607843137253,0.49019607843137253,0.3469387755102041,0.14285714285714285,0.42857142857142855,0.7142857142857143,0.25,1.0,0.6731182795698925,0.5098039215686274,0.5098039215686274,0.653061224489796,0.8571428571428572,0.5714285714285714,0.2857142857142857
structural,grains,javascript,deletion_100,0.0,0.0,0.0,1.0,1.0,1.0,1.0,1.0,1.0,1.0,1.0,0.0,0.0,0.0,0.0,0.0,0.0,0.0,0.0,0.0
structural,grains,javascript,mixed_low,0.25,0.25,0.25,0.25,0.13321647677475898,0.27472527472527475,0.27472527472527475,0.20481927710843373,0.05263157894736842,0.3333333333333333,0.6666666666666667,0.75,0.8333333333333334,0.866783523225241,0.7252747252747253,0.7252747252747253,0.7951807228915663,0.9473684210526316,0.6666666666666667,0.33333333333333326
structural,grains,javascript,mixed_high,0.5,0.5,0.5,0.5,0.1625668449197861,0.352112676056338,0.352112676056338,0.25757575757575757,0.07692307692307693,0.375,0.6875,0.5,0.9166666666666666,0.8374331550802139,0.647887323943662,0.647887323943662,0.7424242424242424,0.9230769230769231,0.625,0.3125
structural,hamming,python,baseline,0.0,0.0,0.0,0.0,0.16753926701570682,0.38392857142857145,0.38392857142857145,0.2919254658385093,0.14285714285714285,0.5483870967741935,0.5483870967741935,1.0,1.0,0.8324607329842932,0.6160714285714286,0.6160714285714286,0.7080745341614907,0.8571428571428572,0.4516129032258065,0.4516129032258065
structural,hamming,python,format_025,0.25,0.0,0.0,0.0,0.1497659906396256,0.38392857142857145,0.38392857142857145,0.2919254658385093,0.14285714285714285,0.5483870967741935,0.5483870967741935,1.0,1.0,0.8502340093603744,0.6160714285714286,0.6160714285714286,0.7080745341614907,0.8571428571428572,0.4516129032258065,0.4516129032258065
structural,hamming,python,format_050,0.5,0.0,0.0,0.0,0.13540197461212977,0.38392857142857145,0.38392857142857145,0.2919254658385093,0.14285714285714285,0.5483870967741935,0.5483870967741935,1.0,1.0,0.8645980253878702,0.6160714285714286,0.6160714285714286,0.7080745341614907,0.8571428571428572,0.4516129032258065,0.4516129032258065
structural,hamming,python,format_100,1.0,0.0,0.0,0.0,0.1136094674556213,0.38392857142857145,0.38392857142857145,0.2919254658385093,0.14285714285714285,0.5483870967741935,0.5483870967741935,1.0,1.0,0.8863905325443787,0.6160714285714286,0.6160714285714286,0.7080745341614907,0.8571428571428572,0.4516129032258065,0.4516129032258065
structural,hamming,python,lexical_025,0.0,0.25,0.0,0.0,0.16753926701570682,0.38392857142857145,0.38392857142857145,0.2919254658385093,0.14285714285714285,0.5483870967741935,0.5483870967741935,1.0,1.0,0.8324607329842932,0.6160714285714286,0.6160714285714286,0.7080745341614907,0.8571428571428572,0.4516129032258065,0.4516129032258065
structural,hamming,python,lexical_050,0.0,0.5,0.0,0.0,0.16753926701570682,0.38392857142857145,0.38392857142857145,0.2919254658385093,0.14285714285714285,0.5483870967741935,0.5483870967741935,1.0,1.0,0.8324607329842932,0.6160714285714286,0.6160714285714286,0.7080745341614907,0.8571428571428572,0.4516129032258065,0.4516129032258065
structural,hamming,python,lexical_075,0.0,0.75,0.0,0.0,0.16753926701570682,0.38392857142857145,0.38392857142857145,0.2919254658385093,0.14285714285714285,0.5483870967741935,0.5483870967741935,1.0,1.0,0.8324607329842932,0.6160714285714286,0.6160714285714286,0.7080745341614907,0.8571428571428572,0.4516129032258065,0.4516129032258065
structural,hamming,python,lexical_100,0.0,1.0,0.0,0.0,0.16753926701570682,0.38392857142857145,0.38392857142857145,0.2919254658385093,0.14285714285714285,0.5483870967741935,0.5483870967741935,1.0,1.0,0.8324607329842932,0.6160714285714286,0.6160714285714286,0.7080745341614907,0.8571428571428572,0.4516129032258065,0.4516129032258065
structural,hamming,python,structural_025,0.0,0.0,0.25,0.0,0.16991150442477876,0.4,0.4,0.3092105263157895,0.14285714285714285,0.6071428571428571,0.6071428571428571,1.0,0.875,0.8300884955752212,0.6,0.6,0.6907894736842105,0.8571428571428572,0.3928571428571429,0.3928571428571429
structural,hamming,python,structural_050,0.0,0.0,0.5,0.0,0.17401812688821752,0.43,0.43,0.34306569343065696,0.14285714285714285,0.7391304347826086,0.7391304347826086,1.0,0.6666666666666666,0.8259818731117825,0.5700000000000001,0.5700000000000001,0.656934306569343,0.8571428571428572,0.26086956521739135,0.26086956521739135
structural,hamming,python,structural_075,0.0,0.0,0.75,0.0,0.17744916820702403,0.4574468085106383,0.4574468085106383,0.376,0.14285714285714285,0.8947368421052632,0.8947368421052632,1.0,0.5,0.822550831792976,0.5425531914893618,0.5425531914893618,0.624,0.8571428571428572,0.10526315789473684,0.10526315789473684
structural,hamming,python,structural_100,0.0,0.0,1.0,0.0,0.179215930304916,0.4725274725274725,0.4725274725274725,0.3949579831932773,0.14285714285714285,1.0,1.0,1.0,0.4166666666666667,0.820784069695084,0.5274725274725275,0.5274725274725275,0.6050420168067228,0.8571428571428572,0.0,0.0
structural,hamming,python,deletion_025,0.0,0.0,0.0,0.25,0.210989010989011,0.450261780104712,0.450261780104712,0.35074626865671643,0.18181818181818182,0.6071428571428571,0.6071428571428571,0.75,1.0,0.789010989010989,0.549738219895288,0.549738219895288,0.6492537313432836,0.8181818181818181,0.3928571428571429,0.3928571428571429
structural,hamming,python,deletion_050,0.0,0.0,0.0,0.5,0.2826300294406281,0.5341614906832298,0.5341614906832298,0.42727272727272725,0.25,0.6538461538461539,0.6538461538461539,0.5,1.0,0.7173699705593719,0.4658385093167702,0.4658385093167702,0.5727272727272728,0.75,0.34615384615384615,0.34615384615384615
structural,hamming,python,deletion_075,0.0,0.0,0.0,0.75,0.4383561643835616,0.688,0.688,0.5875,0.4,0.7727272727272727,0.7727272727272727,0.25,1.0,0.5616438356164384,0.31200000000000006,0.31200000000000006,0.4125,0.6,0.2272727272727273,0.2272727272727273
structural,hamming,python,deletion_100,0.0,0.0,0.0,1.0,1.0,1.0,1.0,1.0,1.0,1.0,1.0,0.0,0.0,0.0,0.0,0.0,0.0,0.0,0.0,0.0
structural,hamming,python,mixed_low,0.25,0.25,0.25,0.25,0.1971252566735113,0.48863636363636365,0.48863636363636365,0.3949579831932773,0.18181818181818182,0.7391304347826086,0.7391304347826086,0.75,0.7777777777777778,0.8028747433264887,0.5113636363636364,0.5113636363636364,0.6050420168067228,0.8181818181818181,0.26086956521739135,0.26086956521739135
structural,hamming,python,mixed_high,0.5,0.5,0.5,0.5,0.2467866323907455,0.6142857142857143,0.6142857142857143,0.5280898876404494,0.25,0.8947368421052632,0.8947368421052632,0.5,0.5833333333333334,0.7532133676092545,0.3857142857142857,0.3857142857142857,0.4719101123595506,0.75,0.10526315789473684,0.10526315789473684
structural,hamming,javascript,baseline,0.0,0.0,0.0,0.0,0.2599880739415623,0.40350877192982454,0.40350877192982454,0.28488372093023256,0.1724137931034483,0.4117647058823529,0.7058823529411765,1.0,1.0,0.7400119260584377,0.5964912280701755,0.5964912280701755,0.7151162790697674,0.8275862068965517,0.5882352941176471,0.2941176470588235
structural,hamming,javascript,format_025,0.25,0.0,0.0,0.0,0.23253333333333334,0.40350877192982454,0.40350877192982454,0.28488372093023256,0.1724137931034483,0.4117647058823529,0.7058823529411765,1.0,1.0,0.7674666666666666,0.5964912280701755,0.5964912280701755,0.7151162790697674,0.8275862068965517,0.5882352941176471,0.2941176470588235
structural,hamming,javascript,format_050,0.5,0.0,0.0,0.0,0.21032320308731306,0.40350877192982454,0.40350877192982454,0.28488372093023256,0.1724137931034483,0.4117647058823529,0.7058823529411765,1.0,1.0,0.789676796912687,0.5964912280701755,0.5964912280701755,0.7151162790697674,0.8275862068965517,0.5882352941176471,0.2941176470588235
structural,hamming,javascript,format_100,1.0,0.0,0.0,0.0,0.1765897124341839,0.40350877192982454,0.40350877192982454,0.28488372093023256,0.1724137931034483,0.4117647058823529,0.7058823529411765,1.0,1.0,0.8234102875658161,0.5964912280701755,0.5964912280701755,0.7151162790697674,0.8275862068965517,0.5882352941176471,0.2941176470588235
structural,hamming,javascript,lexical_025,0.0,0.25,0.0,0.0,0.2599880739415623,0.40350877192982454,0.40350877192982454,0.28488372093023256,0.1724137931034483,0.4117647058823529,0.7058823529411765,1.0,1.0,0.7400119260584377,0.5964912280701755,0.5964912280701755,0.7151162790697674,0.8275862068965517,0.5882352941176471,0.2941176470588235
structural,hamming,javascript,lexical_050,0.0,0.5,0.0,0.0,0.2599880739415623,0.40350877192982454,0.40350877192982454,0.28488372093023256,0.1724137931034483,0.4117647058823529,0.7058823529411765,1.0,1.0,0.7400119260584377,0.5964912280701755,0.5964912280701755,0.7151162790697674,0.8275862068965517,0.5882352941176471,0.2941176470588235
structural,hamming,javascript,lexical_075,0.0,0.75,0.0,0.0,0.2599880739415623,0.40350877192982454,0.40350877192982454,0.28488372093023256,0.1724137931034483,0.4117647058823529,0.7058823529411765,1.0,1.0,0.7400119260584377,0.5964912280701755,0.5964912280701755,0.7151162790697674,0.8275862068965517,0.5882352941176471,0.2941176470588235
structural,hamming,javascript,lexical_100,0.0,1.0,0.0,0.0,0.2599880739415623,0.40350877192982454,0.40350877192982454,0.28488372093023256,0.1724137931034483,0.4117647058823529,0.7058823529411765,1.0,1.0,0.7400119260584377,0.5964912280701755,0.5964912280701755,0.7151162790697674,0.8275862068965517,0.5882352941176471,0.2941176470588235
structural,hamming,javascript,structural_025,0.0,0.0,0.25,0.0,0.2713130056004978,0.42857142857142855,0.42857142857142855,0.3333333333333333,0.1724137931034483,0.5121951219512195,0.7560975609756098,1.0,0.7916666666666666,0.7286869943995022,0.5714285714285714,0.5714285714285714,0.6666666666666667,0.8275862068965517,0.4878048780487805,0.24390243902439024
structural,hamming,javascript,structural_050,0.0,0.0,0.5,0.0,0.27859424920127795,0.44516129032258067,0.44516129032258067,0.3712121212121212,0.1724137931034483,0.6,0.8,1.0,0.6666666666666666,0.721405750798722,0.5548387096774193,0.5548387096774193,0.6287878787878788,0.8275862068965517,0.4,0.19999999999999996
structural,hamming,javascript,structural_075,0.0,0.0,0.75,0.0,0.28110896196002577,0.45098039215686275,0.45098039215686275,0.3858267716535433,0.1724137931034483,0.6363636363636364,0.8181818181818182,1.0,0.625,0.7188910380399742,0.5490196078431373,0.5490196078431373,0.6141732283464567,0.8275862068965517,0.36363636363636365,0.18181818181818177
structural,hamming,javascript,structural_100,0.0,0.0,1.0,0.0,0.29720518064076346,0.48936170212765956,0.48936170212765956,0.5051546391752577,0.1724137931034483,1.0,1.0,1.0,0.375,0.7027948193592366,0.5106382978723405,0.5106382978723405,0.4948453608247423,0.8275862068965517,0.0,0.0
structural,hamming,javascript,deletion_025,0.0,0.0,0.0,0.25,0.31344356578001437,0.46308724832214765,0.46308724832214765,0.32666666666666666,0.21739130434782608,0.44680851063829785,0.723404255319149,0.75,1.0,0.6865564342199857,0.5369127516778524,0.5369127516778524,0.6733333333333333,0.782608695652174,0.5531914893617021,0.276595744680851
structural,hamming,javascript,deletion_050,0.0,0.0,0.0,0.5,0.40482822655524603,0.5609756097560976,0.5609756097560976,0.4152542372881356,0.29411764705882354,0.5384615384615384,0.7692307692307693,0.5,1.0,0.5951717734447539,0.4390243902439024,0.4390243902439024,0.5847457627118644,0.7058823529411764,0.46153846153846156,0.23076923076923073
structural,hamming,javascript,deletion_075,0.0,0.0,0.0,0.75,0.582109479305741,0.7263157894736842,0.7263157894736842,0.6049382716049383,0.45454545454545453,0.7241379310344828,0.8620689655172413,0.25,1.0,0.417890520694259,0.27368421052631575,0.27368421052631575,0.3950617283950617,0.5454545454545454,0.27586206896551724,0.13793103448275867
structural,hamming,javascript,deletion_100,0.0,0.0,0.0,1.0,1.0,1.0,1.0,1.0,1.0,1.0,1.0,0.0,0.0,0.0,0.0,0.0,0.0,0.0,0.0,0.0
structural,hamming,javascript,mixed_low,0.25,0.25,0.25,0.25,0.30298818624044477,0.5036496350364964,0.5036496350364964,0.4083333333333333,0.21739130434782608,0.6,0.8,0.75,0.7777777777777778,0.6970118137595552,0.4963503649635036,0.4963503649635036,0.5916666666666667,0.782608695652174,0.4,0.19999999999999996
structural,hamming,javascript,mixed_high,0.5,0.5,0.5,0.5,0.36182572614107883,0.6106194690265486,0.6106194690265486,0.5268817204301075,0.29411764705882354,0.7241379310344828,0.8620689655172413,0.5,0.6666666666666666,0.6381742738589211,0.3893805309734514,0.3893805309734514,0.4731182795698925,0.7058823529411764,0.27586206896551724,0.13793103448275867
structural,isogram,python,baseline,0.0,0.0,0.0,0.0,0.1450522433927474,0.38190954773869346,0.38190954773869346,0.2826086956521739,0.1111111111111111,0.6086956521739131,0.6086956521739131,1.0,1.0,0.8549477566072526,0.6180904522613065,0.6180904522613065,0.7173913043478262,0.8888888888888888,0.3913043478260869,0.3913043478260869
structural,isogram,python,format_025,0.25,0.0,0.0,0.0,0.12889131622064445,0.38190954773869346,0.38190954773869346,0.2826086956521739,0.1111111111111111,0.6086956521739131,0.6086956521739131,1.0,1.0,0.8711086837793556,0.6180904522613065,0.6180904522613065,0.7173913043478262,0.8888888888888888,0.3913043478260869,0.3913043478260869
structural,isogram,python,format_050,0.5,0.0,0.0,0.0,0.11597051597051597,0.38190954773869346,0.38190954773869346,0.2826086956521739,0.1111111111111111,0.6086956521739131,0.6086956521739131,1.0,1.0,0.884029484029484,0.6180904522613065,0.6180904522613065,0.7173913043478262,0.8888888888888888,0.3913043478260869,0.3913043478260869
structural,isogram,python,format_100,1.0,0.0,0.0,0.0,0.09660253786328285,0.38190954773869346,0.38190954773869346,0.2826086956521739,0.1111111111111111,0.6086956521739131,0.6086956521739131,1.0,1.0,0.9033974621367171,0.6180904522613065,0.6180904522613065,0.7173913043478262,0.8888888888888888,0.3913043478260869,0.3913043478260869
structural,isogram,python,lexical_025,0.0,0.25,0.0,0.0,0.1450522433927474,0.38190954773869346,0.38190954773869346,0.2826086956521739,0.1111111111111111,0.6086956521739131,0.6086956521739131,1.0,1.0,0.8549477566072526,0.6180904522613065,0.6180904522613065,0.7173913043478262,0.8888888888888888,0.3913043478260869,0.3913043478260869
structural,isogram,python,lexical_050,0.0,0.5,0.0,0.0,0.1450522433927474,0.38190954773869346,0.38190954773869346,0.2826086956521739,0.1111111111111111,0.6086956521739131,0.6086956521739131,1.0,1.0,0.8549477566072526,0.6180904522613065,0.6180904522613065,0.7173913043478262,0.8888888888888888,0.3913043478260869,0.3913043478260869
structural,isogram,python,lexical_075,0.0,0.75,0.0,0.0,0.1450522433927474,0.38190954773869346,0.38190954773869346,0.2826086956521739,0.1111111111111111,0.6086956521739131,0.6086956521739131,1.0,1.0,0.8549477566072526,0.6180904522613065,0.6180904522613065,0.7173913043478262,0.8888888888888888,0.3913043478260869,0.3913043478260869
structural,isogram,python,lexical_100,0.0,1.0,0.0,0.0,0.1450522433927474,0.38190954773869346,0.38190954773869346,0.2826086956521739,0.1111111111111111,0.6086956521739131,0.6086956521739131,1.0,1.0,0.8549477566072526,0.6180904522613065,0.6180904522613065,0.7173913043478262,0.8888888888888888,0.3913043478260869,0.3913043478260869
structural,isogram,python,structural_025,0.0,0.0,0.25,0.0,0.14796238244514107,0.40641711229946526,0.40641711229946526,0.30952380952380953,0.1111111111111111,0.7368421052631579,0.7368421052631579,1.0,0.8333333333333334,0.852037617554859,0.5935828877005347,0.5935828877005347,0.6904761904761905,0.8888888888888888,0.26315789473684215,0.26315789473684215
structural,isogram,python,structural_050,0.0,0.0,0.5,0.0,0.1472239550842171,0.4,0.4,0.3023255813953488,0.1111111111111111,0.7,0.7,1.0,0.875,0.8527760449157828,0.6,0.6,0.6976744186046512,0.8888888888888888,0.30000000000000004,0.30000000000000004
structural,isogram,python,structural_075,0.0,0.0,0.75,0.0,0.1509916826615483,0.4342857142857143,0.4342857142857143,0.34210526315789475,0.1111111111111111,0.9333333333333333,0.9333333333333333,1.0,0.6666666666666666,0.8490083173384517,0.5657142857142857,0.5657142857142857,0.6578947368421053,0.8888888888888888,0.06666666666666665,0.06666666666666665
structural,isogram,python,structural_100,0.0,0.0,1.0,0.0,0.1517684887459807,0.4418604651162791,0.4418604651162791,0.35135135135135137,0.1111111111111111,1.0,1.0,1.0,0.625,0.8482315112540193,0.5581395348837209,0.5581395348837209,0.6486486486486487,0.8888888888888888,0.0,0.0
structural,isogram,python,deletion_025,0.0,0.0,0.0,0.25,0.18195836545875096,0.4342857142857143,0.4342857142857143,0.325,0.14285714285714285,0.6086956521739131,0.6086956521739131,0.75,1.0,0.818041634541249,0.5657142857142857,0.5657142857142857,0.675,0.8571428571428572,0.3913043478260869,0.3913043478260869
structural,isogram,python,deletion_050,0.0,0.0,0.0,0.5,0.24815983175604628,0.5241379310344828,0.5241379310344828,0.40625,0.2,0.6666666666666666,0.6666666666666666,0.5,1.0,0.7518401682439537,0.4758620689655172,0.4758620689655172,0.59375,0.8,0.33333333333333337,0.33333333333333337
structural,isogram,python,deletion_075,0.0,0.0,0.0,0.75,0.4118673647469459,0.7378640776699029,0.7378640776699029,0.65,0.3333333333333333,0.9333333333333333,0.9333333333333333,0.25,1.0,0.588132635253054,0.2621359223300971,0.2621359223300971,0.35,0.6666666666666667,0.06666666666666665,0.06666666666666665
structural,isogram,python,deletion_100,0.0,0.0,0.0,1.0,1.0,1.0,1.0,1.0,1.0,1.0,1.0,0.0,0.0,0.0,0.0,0.0,0.0,0.0,0.0,0.0
structural,isogram,python,mixed_low,0.25,0.25,0.25,0.25,0.16941852117731515,0.475,0.475,0.37142857142857144,0.14285714285714285,0.7777777777777778,0.7777777777777778,0.75,0.8888888888888888,0.8305814788226848,0.525,0.525,0.6285714285714286,0.8571428571428572,0.2222222222222222,0.2222222222222222
structural,isogram,python,mixed_high,0.5,0.5,0.5,0.5,0.20719929762949957,0.5467625899280576,0.5467625899280576,0.43333333333333335,0.2,0.7368421052631579,0.7368421052631579,0.5,1.0,0.7928007023705004,0.4532374100719424,0.4532374100719424,0.5666666666666667,0.8,0.26315789473684215,0.26315789473684215
structural,isogram,javascript,baseline,0.0,0.0,0.0,0.0,0.19906479625918505,0.35135135135135137,0.35135135135135137,0.22857142857142856,0.04,0.4,0.7,1.0,1.0,0.800935203740815,0.6486486486486487,0.6486486486486487,0.7714285714285715,0.96,0.6,0.30000000000000004
structural,isogram,javascript,format_025,0.25,0.0,0.0,0.0,0.17581120943952802,0.35135135135135137,0.35135135135135137,0.22857142857142856,0.04,0.4,0.7,1.0,1.0,0.824188790560472,0.6486486486486487,0.6486486486486487,0.7714285714285715,0.96,0.6,0.30000000000000004
structural,isogram,javascript,format_050,0.5,0.0,0.0,0.0,0.15742208135235078,0.35135135135135137,0.35135135135135137,0.22857142857142856,0.04,0.4,0.7,1.0,1.0,0.8425779186476492,0.6486486486486487,0.6486486486486487,0.7714285714285715,0.96,0.6,0.30000000000000004
structural,isogram,javascript,format_100,1.0,0.0,0.0,0.0,0.13018785495849716,0.35135135135135137,0.35135135135135137,0.22857142857142856,0.04,0.4,0.7,1.0,1.0,0.8698121450415028,0.6486486486486487,0.6486486486486487,0.7714285714285715,0.96,0.6,0.30000000000000004
structural,isogram,javascript,lexical_025,0.0,0.25,0.0,0.0,0.19906479625918505,0.35135135135135137,0.35135135135135137,0.22857142857142856,0.04,0.4,0.7,1.0,1.0,0.800935203740815,0.6486486486486487,0.6486486486486487,0.7714285714285715,0.96,0.6,0.30000000000000004
structural,isogram,javascript,lexical_050,0.0,0.5,0.0,0.0,0.19906479625918505,0.35135135135135137,0.35135135135135137,0.22857142857142856,0.04,0.4,0.7,1.0,1.0,0.800935203740815,0.6486486486486487,0.6486486486486487,0.7714285714285715,0.96,0.6,0.30000000000000004
structural,isogram,javascript,lexical_075,0.0,0.75,0.0,0.0,0.19906479625918505,0.35135135135135137,0.35135135135135137,0.22857142857142856,0.04,0.4,0.7,1.0,1.0,0.800935203740815,0.6486486486486487,0.6486486486486487,0.7714285714285715,0.96,0.6,0.30000000000000004
structural,isogram,javascript,lexical_100,0.0,1.0,0.0,0.0,0.19906479625918505,0.35135135135135137,0.35135135135135137,0.22857142857142856,0.04,0.4,0.7,1.0,1.0,0.800935203740815,0.6486486486486487,0.6486486486486487,0.7714285714285715,0.96,0.6,0.30000000000000004
structural,isogram,javascript,structural_025,0.0,0.0,0.25,0.0,0.20481099656357388,0.36619718309859156,0.36619718309859156,0.256,0.04,0.47058823529411764,0.7352941176470589,1.0,0.875,0.7951890034364262,0.6338028169014085,0.6338028169014085,0.744,0.96,0.5294117647058824,0.2647058823529411
structural,isogram,javascript,structural_050,0.0,0.0,0.5,0.0,0.21300929235167976,0.3880597014925373,0.3880597014925373,0.3047619047619048,0.04,0.6153846153846154,0.8076923076923077,1.0,0.7083333333333334,0.7869907076483202,0.6119402985074627,0.6119402985074627,0.6952380952380952,0.96,0.3846153846153846,0.1923076923076923
structural,isogram,javascript,structural_075,0.0,0.0,0.75,0.0,0.21300929235167976,0.3880597014925373,0.3880597014925373,0.3047619047619048,0.04,0.6153846153846154,0.8076923076923077,1.0,0.7083333333333334,0.7869907076483202,0.6119402985074627,0.6119402985074627,0.6952380952380952,0.96,0.3846153846153846,0.1923076923076923
structural,isogram,javascript,structural_100,0.0,0.0,1.0,0.0,0.22422874341610233,0.41935483870967744,0.41935483870967744,0.4,0.04,1.0,1.0,1.0,0.5,0.7757712565838977,0.5806451612903225,0.5806451612903225,0.6,0.96,0.0,0.0
structural,isogram,javascript,deletion_025,0.0,0.0,0.0,0.25,0.24895572263993315,0.41935483870967744,0.41935483870967744,0.2831858407079646,0.05263157894736842,0.47058823529411764,0.7352941176470589,0.75,1.0,0.7510442773600668,0.5806451612903225,0.5806451612903225,0.7168141592920354,0.9473684210526316,0.5294117647058824,0.2647058823529411
structural,isogram,javascript,deletion_050,0.0,0.0,0.0,0.5,0.32711306256860595,0.5098039215686274,0.5098039215686274,0.3516483516483517,0.07692307692307693,0.5333333333333333,0.7666666666666666,0.5,1.0,0.672886937431394,0.4901960784313726,0.4901960784313726,0.6483516483516483,0.9230769230769231,0.4666666666666667,0.2333333333333334
structural,isogram,javascript,deletion_075,0.0,0.0,0.0,0.75,0.4991624790619765,0.6842105263157895,0.6842105263157895,0.5423728813559322,0.14285714285714285,0.7272727272727273,0.8636363636363636,0.25,1.0,0.5008375209380235,0.3157894736842105,0.3157894736842105,0.4576271186440678,0.8571428571428572,0.2727272727272727,0.13636363636363635
structural,isogram,javascript,deletion_100,0.0,0.0,0.0,1.0,1.0,1.0,1.0,1.0,1.0,1.0,1.0,0.0,0.0,0.0,0.0,0.0,0.0,0.0,0.0,0.0
structural,isogram,javascript,mixed_low,0.25,0.25,0.25,0.25,0.22661596958174904,0.4262295081967213,0.4262295081967213,0.2962962962962963,0.05263157894736842,0.5,0.75,0.75,0.9444444444444444,0.773384030418251,0.5737704918032787,0.5737704918032787,0.7037037037037037,0.9473684210526316,0.5,0.25
structural,isogram,javascript,mixed_high,0.5,0.5,0.5,0.5,0.28300094966761635,0.5531914893617021,0.5531914893617021,0.4507042253521127,0.07692307692307693,0.7272727272727273,0.8636363636363636,0.5,0.8333333333333334,0.7169990503323836,0.44680851063829785,0.44680851063829785,0.5492957746478873,0.9230769230769231,0.2727272727272727,0.13636363636363635
structural,triangle,python,baseline,0.0,0.0,0.0,0.0,0.25908372827804105,0.5132075471698113,0.5132075471698113,0.46153846153846156,0.22580645161290322,0.7317073170731707,0.7317073170731707,1.0,1.0,0.740916271721959,0.4867924528301887,0.4867924528301887,0.5384615384615384,0.7741935483870968,0.2682926829268293,0.2682926829268293
structural,triangle,python,format_025,0.25,0.0,0.0,0.0,0.23395149786019973,0.5132075471698113,0.5132075471698113,0.46153846153846156,0.22580645161290322,0.7317073170731707,0.7317073170731707,1.0,1.0,0.7660485021398002,0.4867924528301887,0.4867924528301887,0.5384615384615384,0.7741935483870968,0.2682926829268293,0.2682926829268293
structural,triangle,python,format_050,0.5,0.0,0.0,0.0,0.21326397919375814,0.5132075471698113,0.5132075471698113,0.46153846153846156,0.22580645161290322,0.7317073170731707,0.7317073170731707,1.0,1.0,0.7867360208062418,0.4867924528301887,0.4867924528301887,0.5384615384615384,0.7741935483870968,0.2682926829268293,0.2682926829268293
structural,triangle,python,format_100,1.0,0.0,0.0,0.0,0.18121546961325966,0.5132075471698113,0.5132075471698113,0.46153846153846156,0.22580645161290322,0.7317073170731707,0.7317073170731707,1.0,1.0,0.8187845303867404,0.4867924528301887,0.4867924528301887,0.5384615384615384,0.7741935483870968,0.2682926829268293,0.2682926829268293
structural,triangle,python,lexical_025,0.0,0.25,0.0,0.0,0.25908372827804105,0.5132075471698113,0.5132075471698113,0.46153846153846156,0.22580645161290322,0.7317073170731707,0.7317073170731707,1.0,1.0,0.740916271721959,0.4867924528301887,0.4867924528301887,0.5384615384615384,0.7741935483870968,0.2682926829268293,0.2682926829268293
structural,triangle,python,lexical_050,0.0,0.5,0.0,0.0,0.25908372827804105,0.5132075471698113,0.5132075471698113,0.46153846153846156,0.22580645161290322,0.7317073170731707,0.7317073170731707,1.0,1.0,0.740916271721959,0.4867924528301887,0.4867924528301887,0.5384615384615384,0.7741935483870968,0.2682926829268293,0.2682926829268293
structural,triangle,python,lexical_075,0.0,0.75,0.0,0.0,0.25908372827804105,0.5132075471698113,0.5132075471698113,0.46153846153846156,0.22580645161290322,0.7317073170731707,0.7317073170731707,1.0,1.0,0.740916271721959,0.4867924528301887,0.4867924528301887,0.5384615384615384,0.7741935483870968,0.2682926829268293,0.2682926829268293
structural,triangle,python,lexical_100,0.0,1.0,0.0,0.0,0.25908372827804105,0.5132075471698113,0.5132075471698113,0.46153846153846156,0.22580645161290322,0.7317073170731707,0.7317073170731707,1.0,1.0,0.740916271721959,0.4867924528301887,0.4867924528301887,0.5384615384615384,0.7741935483870968,0.2682926829268293,0.2682926829268293
structural,triangle,python,structural_025,0.0,0.0,0.25,0.0,0.2624,0.53125,0.53125,0.4838709677419355,0.22580645161290322,0.7894736842105263,0.7894736842105263,1.0,0.875,0.7376,0.46875,0.46875,0.5161290322580645,0.7741935483870968,0.21052631578947367,0.21052631578947367
structural,triangle,python,structural_050,0.0,0.0,0.5,0.0,0.26465841850457233,0.544,0.544,0.5,0.22580645161290322,0.8333333333333334,0.8333333333333334,1.0,0.7916666666666666,0.7353415814954276,0.45599999999999996,0.45599999999999996,0.5,0.7741935483870968,0.16666666666666663,0.16666666666666663
structural,triangle,python,structural_075,0.0,0.0,0.75,0.0,0.27047828477185265,0.5787234042553191,0.5787234042553191,0.5454545454545454,0.22580645161290322,0.967741935483871,0.967741935483871,1.0,0.5833333333333334,0.7295217152281473,0.4212765957446809,0.4212765957446809,0.4545454545454546,0.7741935483870968,0.032258064516129004,0.032258064516129004
structural,triangle,python,structural_100,0.0,0.0,1.0,0.0,0.27167310877967976,0.5862068965517241,0.5862068965517241,0.5555555555555556,0.22580645161290322,1.0,1.0,1.0,0.5416666666666666,0.7283268912203202,0.4137931034482759,0.4137931034482759,0.4444444444444444,0.7741935483870968,0.0,0.0
structural,triangle,python,deletion_025,0.0,0.0,0.0,0.25,0.31844660194174756,0.5862068965517241,0.5862068965517241,0.5357142857142857,0.28,0.7894736842105263,0.7894736842105263,0.75,1.0,0.6815533980582524,0.4137931034482759,0.4137931034482759,0.4642857142857143,0.72,0.21052631578947367,0.21052631578947367
structural,triangle,python,deletion_050,0.0,0.0,0.0,0.5,0.4103419516263553,0.6732673267326733,0.6732673267326733,0.625,0.3684210526315789,0.8333333333333334,0.8333333333333334,0.5,1.0,0.5896580483736447,0.3267326732673267,0.3267326732673267,0.375,0.631578947368421,0.16666666666666663,0.16666666666666663
structural,triangle,python,deletion_075,0.0,0.0,0.0,0.75,0.5878136200716846,0.8192771084337349,0.8192771084337349,0.7894736842105263,0.5384615384615384,0.9375,0.9375,0.25,1.0,0.4121863799283154,0.1807228915662651,0.1807228915662651,0.21052631578947367,0.46153846153846156,0.0625,0.0625
structural,triangle,python,deletion_100,0.0,0.0,0.0,1.0,1.0,1.0,1.0,1.0,1.0,1.0,1.0,0.0,0.0,0.0,0.0,0.0,0.0,0.0,0.0,0.0
structural,triangle,python,mixed_low,0.25,0.25,0.25,0.25,0.2954954954954955,0.6017699115044248,0.6017699115044248,0.5555555555555556,0.28,0.8333333333333334,0.8333333333333334,0.75,0.8888888888888888,0.7045045045045045,0.3982300884955752,0.3982300884955752,0.4444444444444444,0.72,0.16666666666666663,0.16666666666666663
structural,triangle,python,mixed_high,0.5,0.5,0.5,0.5,0.3588621444201313,0.7157894736842105,0.7157894736842105,0.6818181818181818,0.3684210526315789,0.9375,0.9375,0.5,0.8333333333333334,0.6411378555798687,0.28421052631578947,0.28421052631578947,0.31818181818181823,0.631578947368421,0.0625,0.0625
structural,triangle,javascript,baseline,0.0,0.0,0.0,0.0,0.3017934446505875,0.4819277108433735,0.4819277108433735,0.42758620689655175,0.22580645161290322,0.6956521739130435,0.8478260869565217,1.0,1.0,0.6982065553494126,0.5180722891566265,0.5180722891566265,0.5724137931034483,0.7741935483870968,0.30434782608695654,0.15217391304347827
structural,triangle,javascript,format_025,0.25,0.0,0.0,0.0,0.26887052341597795,0.4819277108433735,0.4819277108433735,0.42758620689655175,0.22580645161290322,0.6956521739130435,0.8478260869565217,1.0,1.0,0.731129476584022,0.5180722891566265,0.5180722891566265,0.5724137931034483,0.7741935483870968,0.30434782608695654,0.15217391304347827
structural,triangle,javascript,format_050,0.5,0.0,0.0,0.0,0.24242424242424243,0.4819277108433735,0.4819277108433735,0.42758620689655175,0.22580645161290322,0.6956521739130435,0.8478260869565217,1.0,1.0,0.7575757575757576,0.5180722891566265,0.5180722891566265,0.5724137931034483,0.7741935483870968,0.30434782608695654,0.15217391304347827
structural,triangle,javascript,format_100,1.0,0.0,0.0,0.0,0.2025736820257368,0.4819277108433735,0.4819277108433735,0.42758620689655175,0.22580645161290322,0.6956521739130435,0.8478260869565217,1.0,1.0,0.7974263179742632,0.5180722891566265,0.5180722891566265,0.5724137931034483,0.7741935483870968,0.30434782608695654,0.15217391304347827
structural,triangle,javascript,lexical_025,0.0,0.25,0.0,0.0,0.3017934446505875,0.4819277108433735,0.4819277108433735,0.42758620689655175,0.22580645161290322,0.6956521739130435,0.8478260869565217,1.0,1.0,0.6982065553494126,0.5180722891566265,0.5180722891566265,0.5724137931034483,0.7741935483870968,0.30434782608695654,0.15217391304347827
structural,triangle,javascript,lexical_050,0.0,0.5,0.0,0.0,0.3017934446505875,0.4819277108433735,0.4819277108433735,0.42758620689655175,0.22580645161290322,0.6956521739130435,0.8478260869565217,1.0,1.0,0.6982065553494126,0.5180722891566265,0.5180722891566265,0.5724137931034483,0.7741935483870968,0.30434782608695654,0.15217391304347827
structural,triangle,javascript,lexical_075,0.0,0.75,0.0,0.0,0.3017934446505875,0.4819277108433735,0.4819277108433735,0.42758620689655175,0.22580645161290322,0.6956521739130435,0.8478260869565217,1.0,1.0,0.6982065553494126,0.5180722891566265,0.5180722891566265,0.5724137931034483,0.7741935483870968,0.30434782608695654,0.15217391304347827
structural,triangle,javascript,lexical_100,0.0,1.0,0.0,0.0,0.3017934446505875,0.4819277108433735,0.4819277108433735,0.42758620689655175,0.22580645161290322,0.6956521739130435,0.8478260869565217,1.0,1.0,0.6982065553494126,0.5180722891566265,0.5180722891566265,0.5724137931034483,0.7741935483870968,0.30434782608695654,0.15217391304347827
structural,triangle,javascript,structural_025,0.0,0.0,0.25,0.0,0.30711139081183136,0.49382716049382713,0.49382716049382713,0.45925925925925926,0.22580645161290322,0.7619047619047619,0.8809523809523809,1.0,0.9166666666666666,0.6928886091881686,0.5061728395061729,0.5061728395061729,0.5407407407407407,0.7741935483870968,0.23809523809523814,0.11904761904761907
structural,triangle,javascript,structural_050,0.0,0.0,0.5,0.0,0.3126201153106983,0.5063291139240507,0.5063291139240507,0.496,0.22580645161290322,0.8421052631578947,0.9210526315789473,1.0,0.8333333333333334,0.6873798846893018,0.49367088607594933,0.49367088607594933,0.504,0.7741935483870968,0.1578947368421053,0.07894736842105265
structural,triangle,javascript,structural_075,0.0,0.0,0.75,0.0,0.31833007175472927,0.5194805194805194,0.5194805194805194,0.5391304347826087,0.22580645161290322,0.9411764705882353,0.9705882352941176,1.0,0.75,0.6816699282452707,0.48051948051948057,0.48051948051948057,0.4608695652173913,0.7741935483870968,0.05882352941176472,0.02941176470588236
structural,triangle,javascript,structural_100,0.0,0.0,1.0,0.0,0.32126398946675444,0.5263157894736842,0.5263157894736842,0.5636363636363636,0.22580645161290322,1.0,1.0,1.0,0.7083333333333334,0.6787360105332456,0.4736842105263158,0.4736842105263158,0.4363636363636364,0.7741935483870968,0.0,0.0
structural,triangle,javascript,deletion_025,0.0,0.0,0.0,0.25,0.3666416228399699,0.5555555555555556,0.5555555555555556,0.5040650406504065,0.28,0.7619047619047619,0.8809523809523809,0.75,1.0,0.6333583771600301,0.4444444444444444,0.4444444444444444,0.49593495934959353,0.72,0.23809523809523814,0.11904761904761907
structural,triangle,javascript,deletion_050,0.0,0.0,0.0,0.5,0.44894204231830726,0.625,0.625,0.5344827586206896,0.3684210526315789,0.7272727272727273,0.8636363636363636,0.5,1.0,0.5510579576816927,0.375,0.375,0.4655172413793104,0.631578947368421,0.2727272727272727,0.13636363636363635
structural,triangle,javascript,deletion_075,0.0,0.0,0.0,0.75,0.6200762388818297,0.7692307692307693,0.7692307692307693,0.6966292134831461,0.5384615384615384,0.8421052631578947,0.9210526315789473,0.25,1.0,0.3799237611181703,0.23076923076923073,0.23076923076923073,0.3033707865168539,0.46153846153846156,0.1578947368421053,0.07894736842105265
structural,triangle,javascript,deletion_100,0.0,0.0,0.0,1.0,1.0,1.0,1.0,1.0,1.0,1.0,1.0,0.0,0.0,0.0,0.0,0.0,0.0,0.0,0.0,0.0
structural,triangle,javascript,mixed_low,0.25,0.25,0.25,0.25,0.33039945836154366,0.547945205479452,0.547945205479452,0.484375,0.28,0.7272727272727273,0.8636363636363636,0.75,1.0,0.6696005416384563,0.452054794520548,0.452054794520548,0.515625,0.72,0.2727272727272727,0.13636363636363635
structural,triangle,javascript,mixed_high,0.5,0.5,0.5,0.5,0.39707078925956063,0.6666666666666666,0.6666666666666666,0.6458333333333334,0.3684210526315789,0.8888888888888888,0.9444444444444444,0.5,0.9166666666666666,0.6029292107404394,0.33333333333333337,0.33333333333333337,0.35416666666666663,0.631578947368421,0.11111111111111116,0.05555555555555558
structural,luhn,python,baseline,0.0,0.0,0.0,0.0,0.34521055067098566,0.5714285714285714,0.5714285714285714,0.49767441860465117,0.25,0.7073170731707317,0.7073170731707317,1.0,1.0,0.6547894493290143,0.4285714285714286,0.4285714285714286,0.5023255813953489,0.75,0.29268292682926833,0.29268292682926833
structural,luhn,python,format_025,0.25,0.0,0.0,0.0,0.31543340380549684,0.5714285714285714,0.5714285714285714,0.49767441860465117,0.25,0.7073170731707317,0.7073170731707317,1.0,1.0,0.6845665961945031,0.4285714285714286,0.4285714285714286,0.5023255813953489,0.75,0.29268292682926833,0.29268292682926833
structural,luhn,python,format_050,0.5,0.0,0.0,0.0,0.29038536395484627,0.5714285714285714,0.5714285714285714,0.49767441860465117,0.25,0.7073170731707317,0.7073170731707317,1.0,1.0,0.7096146360451537,0.4285714285714286,0.4285714285714286,0.5023255813953489,0.75,0.29268292682926833,0.29268292682926833
structural,luhn,python,format_100,1.0,0.0,0.0,0.0,0.25058784010749074,0.5714285714285714,0.5714285714285714,0.49767441860465117,0.25,0.7073170731707317,0.7073170731707317,1.0,1.0,0.7494121598925092,0.4285714285714286,0.4285714285714286,0.5023255813953489,0.75,0.29268292682926833,0.29268292682926833
structural,luhn,python,lexical_025,0.0,0.25,0.0,0.0,0.34521055067098566,0.5714285714285714,0.5714285714285714,0.49767441860465117,0.25,0.7073170731707317,0.7073170731707317,1.0,1.0,0.6547894493290143,0.4285714285714286,0.4285714285714286,0.5023255813953489,0.75,0.29268292682926833,0.29268292682926833
structural,luhn,python,lexical_050,0.0,0.5,0.0,0.0,0.34521055067098566,0.5714285714285714,0.5714285714285714,0.49767441860465117,0.25,0.7073170731707317,0.7073170731707317,1.0,1.0,0.6547894493290143,0.4285714285714286,0.4285714285714286,0.5023255813953489,0.75,0.29268292682926833,0.29268292682926833
structural,luhn,python,lexical_075,0.0,0.75,0.0,0.0,0.34521055067098566,0.5714285714285714,0.5714285714285714,0.49767441860465117,0.25,0.7073170731707317,0.7073170731707317,1.0,1.0,0.6547894493290143,0.4285714285714286,0.4285714285714286,0.5023255813953489,0.75,0.29268292682926833,0.29268292682926833
structural,luhn,python,lexical_100,0.0,1.0,0.0,0.0,0.34521055067098566,0.5714285714285714,0.5714285714285714,0.49767441860465117,0.25,0.7073170731707317,0.7073170731707317,1.0,1.0,0.6547894493290143,0.4285714285714286,0.4285714285714286,0.5023255813953489,0.75,0.29268292682926833,0.29268292682926833
structural,luhn,python,structural_025,0.0,0.0,0.25,0.0,0.34908750584932147,0.5886287625418061,0.5886287625418061,0.5194174757281553,0.25,0.7631578947368421,0.7631578947368421,1.0,0.875,0.6509124941506785,0.41137123745819393,0.41137123745819393,0.48058252427184467,0.75,0.23684210526315785,0.23684210526315785
structural,luhn,python,structural_050,0.0,0.0,0.5,0.0,0.35439429928741095,0.6132404181184669,0.6132404181184669,0.5515463917525774,0.25,0.8529411764705882,0.8529411764705882,1.0,0.7083333333333334,0.645605700712589,0.38675958188153314,0.38675958188153314,0.44845360824742264,0.75,0.1470588235294118,0.1470588235294118
structural,luhn,python,structural_075,0.0,0.0,0.75,0.0,0.3584814992791927,0.6330935251798561,0.6330935251798561,0.5783783783783784,0.25,0.9354838709677419,0.9354838709677419,1.0,0.5833333333333334,0.6415185007208073,0.36690647482014394,0.36690647482014394,0.42162162162162165,0.75,0.06451612903225812,0.06451612903225812
structural,luhn,python,structural_100,0.0,0.0,1.0,0.0,0.3612590799031477,0.6470588235294118,0.6470588235294118,0.5977653631284916,0.25,1.0,1.0,1.0,0.5,0.6387409200968523,0.3529411764705882,0.3529411764705882,0.4022346368715084,0.75,0.0,0.0
structural,luhn,python,deletion_025,0.0,0.0,0.0,0.25,0.4110192837465565,0.6330935251798561,0.6330935251798561,0.5602094240837696,0.3076923076923077,0.7435897435897436,0.7435897435897436,0.75,1.0,0.5889807162534435,0.36690647482014394,0.36690647482014394,0.4397905759162304,0.6923076923076923,0.2564102564102564,0.2564102564102564
structural,luhn,python,deletion_050,0.0,0.0,0.0,0.5,0.5134205092911218,0.7272727272727273,0.7272727272727273,0.6645962732919255,0.4,0.8285714285714286,0.8285714285714286,0.5,1.0,0.4865794907088782,0.2727272727272727,0.2727272727272727,0.3354037267080745,0.6,0.17142857142857137,0.17142857142857137
structural,luhn,python,deletion_075,0.0,0.0,0.0,0.75,0.6690582959641256,0.8186046511627907,0.8186046511627907,0.7642857142857142,0.5714285714285714,0.8529411764705882,0.8529411764705882,0.25,1.0,0.3309417040358744,0.1813953488372093,0.1813953488372093,0.23571428571428577,0.4285714285714286,0.1470588235294118,0.1470588235294118
structural,luhn,python,deletion_100,0.0,0.0,0.0,1.0,1.0,1.0,1.0,1.0,1.0,1.0,1.0,0.0,0.0,0.0,0.0,0.0,0.0,0.0,0.0,0.0
structural,luhn,python,mixed_low,0.25,0.25,0.25,0.25,0.39037153322867607,0.6692015209125475,0.6692015209125475,0.6079545454545454,0.3076923076923077,0.8529411764705882,0.8529411764705882,0.75,0.8333333333333334,0.6096284667713239,0.3307984790874525,0.3307984790874525,0.3920454545454546,0.6923076923076923,0.1470588235294118,0.1470588235294118
structural,luhn,python,mixed_high,0.5,0.5,0.5,0.5,0.4523953911461492,0.7364016736401674,0.7364016736401674,0.6772151898734177,0.4,0.8529411764705882,0.8529411764705882,0.5,0.8333333333333334,0.5476046088538509,0.2635983263598326,0.2635983263598326,0.32278481012658233,0.6,0.1470588235294118,0.1470588235294118
structural,luhn,javascript,baseline,0.0,0.0,0.0,0.0,0.41960991038481815,0.6150234741784038,0.6150234741784038,0.5575757575757576,0.2,0.7619047619047619,0.8809523809523809,1.0,1.0,0.5803900896151819,0.38497652582159625,0.38497652582159625,0.4424242424242424,0.8,0.23809523809523814,0.11904761904761907
structural,luhn,javascript,format_025,0.25,0.0,0.0,0.0,0.3799522673031026,0.6150234741784038,0.6150234741784038,0.5575757575757576,0.2,0.7619047619047619,0.8809523809523809,1.0,1.0,0.6200477326968974,0.38497652582159625,0.38497652582159625,0.4424242424242424,0.8,0.23809523809523814,0.11904761904761907
structural,luhn,javascript,format_050,0.5,0.0,0.0,0.0,0.3471434801569996,0.6150234741784038,0.6150234741784038,0.5575757575757576,0.2,0.7619047619047619,0.8809523809523809,1.0,1.0,0.6528565198430004,0.38497652582159625,0.38497652582159625,0.4424242424242424,0.8,0.23809523809523814,0.11904761904761907
structural,luhn,javascript,format_100,1.0,0.0,0.0,0.0,0.29602082558571957,0.6150234741784038,0.6150234741784038,0.5575757575757576,0.2,0.7619047619047619,0.8809523809523809,1.0,1.0,0.7039791744142805,0.38497652582159625,0.38497652582159625,0.4424242424242424,0.8,0.23809523809523814,0.11904761904761907
structural,luhn,javascript,lexical_025,0.0,0.25,0.0,0.0,0.41960991038481815,0.6150234741784038,0.6150234741784038,0.5575757575757576,0.2,0.7619047619047619,0.8809523809523809,1.0,1.0,0.5803900896151819,0.38497652582159625,0.38497652582159625,0.4424242424242424,0.8,0.23809523809523814,0.11904761904761907
structural,luhn,javascript,lexical_050,0.0,0.5,0.0,0.0,0.41960991038481815,0.6150234741784038,0.6150234741784038,0.5575757575757576,0.2,0.7619047619047619,0.8809523809523809,1.0,1.0,0.5803900896151819,0.38497652582159625,0.38497652582159625,0.4424242424242424,0.8,0.23809523809523814,0.11904761904761907
structural,luhn,javascript,lexical_075,0.0,0.75,0.0,0.0,0.41960991038481815,0.6150234741784038,0.6150234741784038,0.5575757575757576,0.2,0.7619047619047619,0.8809523809523809,1.0,1.0,0.5803900896151819,0.38497652582159625,0.38497652582159625,0.4424242424242424,0.8,0.23809523809523814,0.11904761904761907
structural,luhn,javascript,lexical_100,0.0,1.0,0.0,0.0,0.41960991038481815,0.6150234741784038,0.6150234741784038,0.5575757575757576,0.2,0.7619047619047619,0.8809523809523809,1.0,1.0,0.5803900896151819,0.38497652582159625,0.38497652582159625,0.4424242424242424,0.8,0.23809523809523814,0.11904761904761907
structural,luhn,javascript,structural_025,0.0,0.0,0.25,0.0,0.42589620117710003,0.6267942583732058,0.6267942583732058,0.5935483870967742,0.2,0.8421052631578947,0.9210526315789473,1.0,0.9166666666666666,0.5741037988229,0.3732057416267942,0.3732057416267942,0.40645161290322585,0.8,0.1578947368421053,0.07894736842105265
structural,luhn,javascript,structural_050,0.0,0.0,0.5,0.0,0.42911051212938006,0.6328502415458938,0.6328502415458938,0.6133333333333333,0.2,0.8888888888888888,0.9444444444444444,1.0,0.875,0.5708894878706199,0.36714975845410625,0.36714975845410625,0.3866666666666667,0.8,0.11111111111111116,0.05555555555555558
structural,luhn,javascript,structural_075,0.0,0.0,0.75,0.0,0.4323737099402499,0.6390243902439025,0.6390243902439025,0.6344827586206897,0.2,0.9411764705882353,0.9705882352941176,1.0,0.8333333333333334,0.5676262900597502,0.36097560975609755,0.36097560975609755,0.3655172413793103,0.8,0.05882352941176472,0.02941176470588236
structural,luhn,javascript,structural_100,0.0,0.0,1.0,0.0,0.43568691844553914,0.645320197044335,0.645320197044335,0.6571428571428571,0.2,1.0,1.0,1.0,0.7916666666666666,0.5643130815544608,0.35467980295566504,0.35467980295566504,0.34285714285714286,0.8,0.0,0.0
structural,luhn,javascript,deletion_025,0.0,0.0,0.0,0.25,0.4898461538461538,0.6787564766839378,0.6787564766839378,0.6216216216216216,0.25,0.8,0.9,0.75,1.0,0.5101538461538462,0.3212435233160622,0.3212435233160622,0.3783783783783784,0.75,0.19999999999999996,0.09999999999999998
structural,luhn,javascript,deletion_050,0.0,0.0,0.0,0.5,0.5944734876773712,0.7660818713450293,0.7660818713450293,0.7301587301587301,0.3333333333333333,0.8888888888888888,0.9444444444444444,0.5,1.0,0.4055265123226288,0.23391812865497075,0.23391812865497075,0.2698412698412699,0.6666666666666667,0.11111111111111116,0.05555555555555558
structural,luhn,javascript,deletion_075,0.0,0.0,0.0,0.75,0.7559354226020892,0.8791946308724832,0.8791946308724832,0.8846153846153846,0.5,1.0,1.0,0.25,1.0,0.24406457739791076,0.12080536912751683,0.12080536912751683,0.11538461538461542,0.5,0.0,0.0
structural,luhn,javascript,deletion_100,0.0,0.0,0.0,1.0,1.0,1.0,1.0,1.0,1.0,1.0,1.0,0.0,0.0,0.0,0.0,0.0,0.0,0.0,0.0,0.0
structural,luhn,javascript,mixed_low,0.25,0.25,0.25,0.25,0.45668387837062535,0.6858638743455497,0.6858638743455497,0.6433566433566433,0.25,0.8421052631578947,0.9210526315789473,0.75,0.9444444444444444,0.5433161216293747,0.31413612565445026,0.31413612565445026,0.35664335664335667,0.75,0.1578947368421053,0.07894736842105265
structural,luhn,javascript,mixed_high,0.5,0.5,0.5,0.5,0.5226526592252134,0.7751479289940828,0.7751479289940828,0.7603305785123967,0.3333333333333333,0.9411764705882353,0.9705882352941176,0.5,0.8333333333333334,0.4773473407747866,0.2248520710059172,0.2248520710059172,0.23966942148760328,0.6666666666666667,0.05882352941176472,0.02941176470588236
structural,darts,python,baseline,0.0,0.0,0.0,0.0,0.19482663731425426,0.34782608695652173,0.34782608695652173,0.27586206896551724,0.22580645161290322,0.3793103448275862,0.3793103448275862,1.0,1.0,0.8051733626857458,0.6521739130434783,0.6521739130434783,0.7241379310344828,0.7741935483870968,0.6206896551724138,0.6206896551724138
structural,darts,python,format_025,0.25,0.0,0.0,0.0,0.1751608114794656,0.34782608695652173,0.34782608695652173,0.27586206896551724,0.22580645161290322,0.3793103448275862,0.3793103448275862,1.0,1.0,0.8248391885205344,0.6521739130434783,0.6521739130434783,0.7241379310344828,0.7741935483870968,0.6206896551724138,0.6206896551724138
structural,darts,python,format_050,0.5,0.0,0.0,0.0,0.15910112359550563,0.34782608695652173,0.34782608695652173,0.27586206896551724,0.22580645161290322,0.3793103448275862,0.3793103448275862,1.0,1.0,0.8408988764044943,0.6521739130434783,0.6521739130434783,0.7241379310344828,0.7741935483870968,0.6206896551724138,0.6206896551724138
structural,darts,python,format_100,1.0,0.0,0.0,0.0,0.13444739840486136,0.34782608695652173,0.34782608695652173,0.27586206896551724,0.22580645161290322,0.3793103448275862,0.3793103448275862,1.0,1.0,0.8655526015951387,0.6521739130434783,0.6521739130434783,0.7241379310344828,0.7741935483870968,0.6206896551724138,0.6206896551724138
structural,darts,python,lexical_025,0.0,0.25,0.0,0.0,0.19482663731425426,0.34782608695652173,0.34782608695652173,0.27586206896551724,0.22580645161290322,0.3793103448275862,0.3793103448275862,1.0,1.0,0.8051733626857458,0.6521739130434783,0.6521739130434783,0.7241379310344828,0.7741935483870968,0.6206896551724138,0.6206896551724138
structural,darts,python,lexical_050,0.0,0.5,0.0,0.0,0.19482663731425426,0.34782608695652173,0.34782608695652173,0.27586206896551724,0.22580645161290322,0.3793103448275862,0.3793103448275862,1.0,1.0,0.8051733626857458,0.6521739130434783,0.6521739130434783,0.7241379310344828,0.7741935483870968,0.6206896551724138,0.6206896551724138
structural,darts,python,lexical_075,0.0,0.75,0.0,0.0,0.19482663731425426,0.34782608695652173,0.34782608695652173,0.27586206896551724,0.22580645161290322,0.3793103448275862,0.3793103448275862,1.0,1.0,0.8051733626857458,0.6521739130434783,0.6521739130434783,0.7241379310344828,0.7741935483870968,0.6206896551724138,0.6206896551724138
structural,darts,python,lexical_100,0.0,1.0,0.0,0.0,0.19482663731425426,0.34782608695652173,0.34782608695652173,0.27586206896551724,0.22580645161290322,0.3793103448275862,0.3793103448275862,1.0,1.0,0.8051733626857458,0.6521739130434783,0.6521739130434783,0.7241379310344828,0.7741935483870968,0.6206896551724138,0.6206896551724138
structural,darts,python,structural_025,0.0,0.0,0.25,0.0,0.1992121553179516,0.37209302325581395,0.37209302325581395,0.3018867924528302,0.22580645161290322,0.4583333333333333,0.45833333333333326,1.0,0.7916666666666666,0.8007878446820484,0.627906976744186,0.627906976744186,0.6981132075471699,0.7741935483870968,0.5416666666666667,0.5416666666666667
structural,darts,python,structural_050,0.0,0.0,0.5,0.0,0.20193953223046207,0.3883495145631068,0.3883495145631068,0.32,0.22580645161290322,0.5238095238095238,0.5238095238095238,1.0,0.6666666666666666,0.798060467769538,0.6116504854368932,0.6116504854368932,0.6799999999999999,0.7741935483870968,0.47619047619047616,0.47619047619047616
structural,darts,python,structural_075,0.0,0.0,0.75,0.0,0.20959147424511546,0.43956043956043955,0.43956043956043955,0.38095238095238093,0.22580645161290322,0.8461538461538461,0.8461538461538461,1.0,0.3333333333333333,0.7904085257548845,0.5604395604395604,0.5604395604395604,0.6190476190476191,0.7741935483870968,0.15384615384615385,0.15384615384615385
structural,darts,python,structural_100,0.0,0.0,1.0,0.0,0.21159593544530783,0.45454545454545453,0.45454545454545453,0.4,0.22580645161290322,1.0,1.0,1.0,0.25,0.7884040645546921,0.5454545454545454,0.5454545454545454,0.6,0.7741935483870968,0.0,0.0
structural,darts,python,deletion_025,0.0,0.0,0.0,0.25,0.24464409122322045,0.418848167539267,0.418848167539267,0.3404255319148936,0.28,0.4583333333333333,0.45833333333333326,0.75,1.0,0.7553559087767796,0.581151832460733,0.581151832460733,0.6595744680851063,0.72,0.5416666666666667,0.5416666666666667
structural,darts,python,deletion_050,0.0,0.0,0.0,0.5,0.3286908077994429,0.5263157894736842,0.5263157894736842,0.4444444444444444,0.3684210526315789,0.5789473684210527,0.5789473684210527,0.5,1.0,0.6713091922005572,0.4736842105263158,0.4736842105263158,0.5555555555555556,0.631578947368421,0.42105263157894735,0.42105263157894735
structural,darts,python,deletion_075,0.0,0.0,0.0,0.75,0.4896265560165975,0.6722689075630253,0.6722689075630253,0.5925925925925926,0.5384615384615384,0.6875,0.6875,0.25,1.0,0.5103734439834025,0.32773109243697474,0.32773109243697474,0.40740740740740744,0.46153846153846156,0.3125,0.3125
structural,darts,python,deletion_100,0.0,0.0,0.0,1.0,1.0,1.0,1.0,1.0,1.0,1.0,1.0,0.0,0.0,0.0,0.0,0.0,0.0,0.0,0.0,0.0
structural,darts,python,mixed_low,0.25,0.25,0.25,0.25,0.22823984526112184,0.44692737430167595,0.44692737430167595,0.37209302325581395,0.28,0.55,0.55,0.75,0.7222222222222222,0.7717601547388782,0.553072625698324,0.553072625698324,0.627906976744186,0.72,0.44999999999999996,0.44999999999999996
structural,darts,python,mixed_high,0.5,0.5,0.5,0.5,0.2798418972332016,0.547945205479452,0.547945205479452,0.47058823529411764,0.3684210526315789,0.6470588235294118,0.6470588235294118,0.5,0.5833333333333334,0.7201581027667985,0.452054794520548,0.452054794520548,0.5294117647058824,0.631578947368421,0.3529411764705882,0.3529411764705882
structural,darts,javascript,baseline,0.0,0.0,0.0,0.0,0.21005728835136855,0.32894736842105265,0.32894736842105265,0.22641509433962265,0.22580645161290322,0.2682926829268293,0.6341463414634146,1.0,1.0,0.7899427116486315,0.6710526315789473,0.6710526315789473,0.7735849056603774,0.7741935483870968,0.7317073170731707,0.36585365853658536
structural,darts,javascript,format_025,0.25,0.0,0.0,0.0,0.18654607122668174,0.32894736842105265,0.32894736842105265,0.22641509433962265,0.22580645161290322,0.2682926829268293,0.6341463414634146,1.0,1.0,0.8134539287733182,0.6710526315789473,0.6710526315789473,0.7735849056603774,0.7741935483870968,0.7317073170731707,0.36585365853658536
structural,darts,javascript,format_050,0.5,0.0,0.0,0.0,0.1677681748856126,0.32894736842105265,0.32894736842105265,0.22641509433962265,0.22580645161290322,0.2682926829268293,0.6341463414634146,1.0,1.0,0.8322318251143874,0.6710526315789473,0.6710526315789473,0.7735849056603774,0.7741935483870968,0.7317073170731707,0.36585365853658536
structural,darts,javascript,format_100,1.0,0.0,0.0,0.0,0.1396529834955565,0.32894736842105265,0.32894736842105265,0.22641509433962265,0.22580645161290322,0.2682926829268293,0.6341463414634146,1.0,1.0,0.8603470165044436,0.6710526315789473,0.6710526315789473,0.7735849056603774,0.7741935483870968,0.7317073170731707,0.36585365853658536
structural,darts,javascript,lexical_025,0.0,0.25,0.0,0.0,0.21005728835136855,0.32894736842105265,0.32894736842105265,0.22641509433962265,0.22580645161290322,0.2682926829268293,0.6341463414634146,1.0,1.0,0.7899427116486315,0.6710526315789473,0.6710526315789473,0.7735849056603774,0.7741935483870968,0.7317073170731707,0.36585365853658536
structural,darts,javascript,lexical_050,0.0,0.5,0.0,0.0,0.21005728835136855,0.32894736842105265,0.32894736842105265,0.22641509433962265,0.22580645161290322,0.2682926829268293,0.6341463414634146,1.0,1.0,0.7899427116486315,0.6710526315789473,0.6710526315789473,0.7735849056603774,0.7741935483870968,0.7317073170731707,0.36585365853658536
structural,darts,javascript,lexical_075,0.0,0.75,0.0,0.0,0.21005728835136855,0.32894736842105265,0.32894736842105265,0.22641509433962265,0.22580645161290322,0.2682926829268293,0.6341463414634146,1.0,1.0,0.7899427116486315,0.6710526315789473,0.6710526315789473,0.7735849056603774,0.7741935483870968,0.7317073170731707,0.36585365853658536
structural,darts,javascript,lexical_100,0.0,1.0,0.0,0.0,0.21005728835136855,0.32894736842105265,0.32894736842105265,0.22641509433962265,0.22580645161290322,0.2682926829268293,0.6341463414634146,1.0,1.0,0.7899427116486315,0.6710526315789473,0.6710526315789473,0.7735849056603774,0.7741935483870968,0.7317073170731707,0.36585365853658536
structural,darts,javascript,structural_025,0.0,0.0,0.25,0.0,0.21386908619572262,0.33783783783783783,0.33783783783783783,0.24161073825503357,0.22580645161290322,0.2972972972972973,0.6486486486486487,1.0,0.9166666666666666,0.7861309138042774,0.6621621621621622,0.6621621621621622,0.7583892617449665,0.7741935483870968,0.7027027027027026,0.3513513513513513
structural,darts,javascript,structural_050,0.0,0.0,0.5,0.0,0.2240325865580448,0.36231884057971014,0.36231884057971014,0.2903225806451613,0.22580645161290322,0.4074074074074074,0.7037037037037037,1.0,0.7083333333333334,0.7759674134419552,0.6376811594202898,0.6376811594202898,0.7096774193548387,0.7741935483870968,0.5925925925925926,0.2962962962962963
structural,darts,javascript,structural_075,0.0,0.0,0.75,0.0,0.23521026372059872,0.390625,0.390625,0.36363636363636365,0.22580645161290322,0.6470588235294118,0.8235294117647058,1.0,0.5,0.7647897362794013,0.609375,0.609375,0.6363636363636364,0.7741935483870968,0.3529411764705882,0.17647058823529416
structural,darts,javascript,structural_100,0.0,0.0,1.0,0.0,0.24246877296105804,0.4098360655737705,0.4098360655737705,0.42857142857142855,0.22580645161290322,1.0,1.0,1.0,0.375,0.7575312270389419,0.5901639344262295,0.5901639344262295,0.5714285714285714,0.7741935483870968,0.0,0.0
structural,darts,javascript,deletion_025,0.0,0.0,0.0,0.25,0.25680933852140075,0.38461538461538464,0.38461538461538464,0.26277372262773724,0.28,0.2972972972972973,0.6486486486486487,0.75,1.0,0.7431906614785992,0.6153846153846154,0.6153846153846154,0.7372262773722628,0.72,0.7027027027027026,0.3513513513513513
structural,darts,javascript,deletion_050,0.0,0.0,0.0,0.5,0.35522066738428415,0.5102040816326531,0.5102040816326531,0.4,0.3684210526315789,0.4782608695652174,0.7391304347826086,0.5,1.0,0.6447793326157158,0.4897959183673469,0.4897959183673469,0.6,0.631578947368421,0.5217391304347826,0.26086956521739135
structural,darts,javascript,deletion_075,0.0,0.0,0.0,0.75,0.5132192846034215,0.6578947368421053,0.6578947368421053,0.5294117647058824,0.5384615384615384,0.5789473684210527,0.7894736842105263,0.25,1.0,0.4867807153965785,0.3421052631578947,0.3421052631578947,0.47058823529411764,0.46153846153846156,0.42105263157894735,0.21052631578947367
structural,darts,javascript,deletion_100,0.0,0.0,0.0,1.0,1.0,1.0,1.0,1.0,1.0,1.0,1.0,0.0,0.0,0.0,0.0,0.0,0.0,0.0,0.0,0.0
structural,darts,javascript,mixed_low,0.25,0.25,0.25,0.25,0.24756189047261815,0.423728813559322,0.423728813559322,0.3364485981308411,0.28,0.44,0.72,0.75,0.7777777777777778,0.7524381095273819,0.576271186440678,0.576271186440678,0.6635514018691588,0.72,0.56,0.28
structural,darts,javascript,mixed_high,0.5,0.5,0.5,0.5,0.30414746543778803,0.5434782608695652,0.5434782608695652,0.48,0.3684210526315789,0.6470588235294118,0.8235294117647058,0.5,0.5833333333333334,0.695852534562212,0.4565217391304348,0.4565217391304348,0.52,0.631578947368421,0.3529411764705882,0.17647058823529416
structural,armstrong,python,baseline,0.0,0.0,0.0,0.0,0.148720999405116,0.3669724770642202,0.3669724770642202,0.3006134969325153,0.1111111111111111,0.5483870967741935,0.5483870967741935,1.0,1.0,0.851279000594884,0.6330275229357798,0.6330275229357798,0.6993865030674846,0.8888888888888888,0.4516129032258065,0.4516129032258065
structural,armstrong,python,format_025,0.25,0.0,0.0,0.0,0.13262599469496023,0.3669724770642202,0.3669724770642202,0.3006134969325153,0.1111111111111111,0.5483870967741935,0.5483870967741935,1.0,1.0,0.8673740053050398,0.6330275229357798,0.6330275229357798,0.6993865030674846,0.8888888888888888,0.4516129032258065,0.4516129032258065
structural,armstrong,python,format_050,0.5,0.0,0.0,0.0,0.11967448539971279,0.3669724770642202,0.3669724770642202,0.3006134969325153,0.1111111111111111,0.5483870967741935,0.5483870967741935,1.0,1.0,0.8803255146002872,0.6330275229357798,0.6330275229357798,0.6993865030674846,0.8888888888888888,0.4516129032258065,0.4516129032258065
structural,armstrong,python,format_100,1.0,0.0,0.0,0.0,0.1001201441730076,0.3669724770642202,0.3669724770642202,0.3006134969325153,0.1111111111111111,0.5483870967741935,0.5483870967741935,1.0,1.0,0.8998798558269924,0.6330275229357798,0.6330275229357798,0.6993865030674846,0.8888888888888888,0.4516129032258065,0.4516129032258065
structural,armstrong,python,lexical_025,0.0,0.25,0.0,0.0,0.148720999405116,0.3669724770642202,0.3669724770642202,0.3006134969325153,0.1111111111111111,0.5483870967741935,0.5483870967741935,1.0,1.0,0.851279000594884,0.6330275229357798,0.6330275229357798,0.6993865030674846,0.8888888888888888,0.4516129032258065,0.4516129032258065
structural,armstrong,python,lexical_050,0.0,0.5,0.0,0.0,0.148720999405116,0.3669724770642202,0.3669724770642202,0.3006134969325153,0.1111111111111111,0.5483870967741935,0.5483870967741935,1.0,1.0,0.851279000594884,0.6330275229357798,0.6330275229357798,0.6993865030674846,0.8888888888888888,0.4516129032258065,0.4516129032258065
structural,armstrong,python,lexical_075,0.0,0.75,0.0,0.0,0.148720999405116,0.3669724770642202,0.3669724770642202,0.3006134969325153,0.1111111111111111,0.5483870967741935,0.5483870967741935,1.0,1.0,0.851279000594884,0.6330275229357798,0.6330275229357798,0.6993865030674846,0.8888888888888888,0.4516129032258065,0.4516129032258065
structural,armstrong,python,lexical_100,0.0,1.0,0.0,0.0,0.148720999405116,0.3669724770642202,0.3669724770642202,0.3006134969325153,0.1111111111111111,0.5483870967741935,0.5483870967741935,1.0,1.0,0.851279000594884,0.6330275229357798,0.6330275229357798,0.6993865030674846,0.8888888888888888,0.4516129032258065,0.4516129032258065
structural,armstrong,python,structural_025,0.0,0.0,0.25,0.0,0.15234613040828762,0.39408866995073893,0.39408866995073893,0.3310810810810811,0.1111111111111111,0.6538461538461539,0.6538461538461539,1.0,0.7916666666666666,0.8476538695917124,0.6059113300492611,0.6059113300492611,0.6689189189189189,0.8888888888888888,0.34615384615384615,0.34615384615384615
structural,armstrong,python,structural_050,0.0,0.0,0.5,0.0,0.15309246785058175,0.4,0.4,0.33793103448275863,0.1111111111111111,0.68,0.68,1.0,0.75,0.8469075321494183,0.6,0.6,0.6620689655172414,0.8888888888888888,0.31999999999999995,0.31999999999999995
structural,armstrong,python,structural_075,0.0,0.0,0.75,0.0,0.15693659761456372,0.43243243243243246,0.43243243243243246,0.3769230769230769,0.1111111111111111,0.85,0.85,1.0,0.5416666666666666,0.8430634023854363,0.5675675675675675,0.5675675675675675,0.6230769230769231,0.8888888888888888,0.15000000000000002,0.15000000000000002
structural,armstrong,python,structural_100,0.0,0.0,1.0,0.0,0.15933715742511154,0.45454545454545453,0.45454545454545453,0.4049586776859504,0.1111111111111111,1.0,1.0,1.0,0.4166666666666667,0.8406628425748884,0.5454545454545454,0.5454545454545454,0.5950413223140496,0.8888888888888888,0.0,0.0
structural,armstrong,python,deletion_025,0.0,0.0,0.0,0.25,0.19069412662090007,0.44692737430167595,0.44692737430167595,0.3769230769230769,0.14285714285714285,0.6538461538461539,0.6538461538461539,0.75,1.0,0.8093058733790999,0.553072625698324,0.553072625698324,0.6230769230769231,0.8571428571428572,0.34615384615384615,0.34615384615384615
structural,armstrong,python,deletion_050,0.0,0.0,0.0,0.5,0.2612330198537095,0.547945205479452,0.547945205479452,0.47572815533980584,0.2,0.7391304347826086,0.7391304347826086,0.5,1.0,0.7387669801462905,0.452054794520548,0.452054794520548,0.5242718446601942,0.8,0.26086956521739135,0.26086956521739135
structural,armstrong,python,deletion_075,0.0,0.0,0.0,0.75,0.40387722132471726,0.6722689075630253,0.6722689075630253,0.5975609756097561,0.3333333333333333,0.7727272727272727,0.7727272727272727,0.25,1.0,0.5961227786752827,0.32773109243697474,0.32773109243697474,0.4024390243902439,0.6666666666666667,0.2272727272727273,0.2272727272727273
structural,armstrong,python,deletion_100,0.0,0.0,0.0,1.0,1.0,1.0,1.0,1.0,1.0,1.0,1.0,0.0,0.0,0.0,0.0,0.0,0.0,0.0,0.0,0.0
structural,armstrong,python,mixed_low,0.25,0.25,0.25,0.25,0.17277125086385625,0.44692737430167595,0.44692737430167595,0.3769230769230769,0.14285714285714285,0.6538461538461539,0.6538461538461539,0.75,0.8888888888888888,0.8272287491361437,0.553072625698324,0.553072625698324,0.6230769230769231,0.8571428571428572,0.34615384615384615,0.34615384615384615
structural,armstrong,python,mixed_high,0.5,0.5,0.5,0.5,0.2168256721595837,0.5594405594405595,0.5594405594405595,0.49,0.2,0.7727272727272727,0.7727272727272727,0.5,0.6666666666666666,0.7831743278404163,0.4405594405594405,0.4405594405594405,0.51,0.8,0.2272727272727273,0.2272727272727273
structural,armstrong,javascript,baseline,0.0,0.0,0.0,0.0,0.21273801707156928,0.36,0.36,0.23943661971830985,0.04,0.42857142857142855,0.7142857142857143,1.0,1.0,0.7872619829284307,0.64,0.64,0.7605633802816901,0.96,0.5714285714285714,0.2857142857142857
structural,armstrong,javascript,format_025,0.25,0.0,0.0,0.0,0.1882626380011621,0.36,0.36,0.23943661971830985,0.04,0.42857142857142855,0.7142857142857143,1.0,1.0,0.811737361998838,0.64,0.64,0.7605633802816901,0.96,0.5714285714285714,0.2857142857142857
structural,armstrong,javascript,format_050,0.5,0.0,0.0,0.0,0.16883793642522146,0.36,0.36,0.23943661971830985,0.04,0.42857142857142855,0.7142857142857143,1.0,1.0,0.8311620635747785,0.64,0.64,0.7605633802816901,0.96,0.5714285714285714,0.2857142857142857
structural,armstrong,javascript,format_100,1.0,0.0,0.0,0.0,0.13995680345572353,0.36,0.36,0.23943661971830985,0.04,0.42857142857142855,0.7142857142857143,1.0,1.0,0.8600431965442765,0.64,0.64,0.7605633802816901,0.96,0.5714285714285714,0.2857142857142857
structural,armstrong,javascript,lexical_025,0.0,0.25,0.0,0.0,0.21273801707156928,0.36,0.36,0.23943661971830985,0.04,0.42857142857142855,0.7142857142857143,1.0,1.0,0.7872619829284307,0.64,0.64,0.7605633802816901,0.96,0.5714285714285714,0.2857142857142857
structural,armstrong,javascript,lexical_050,0.0,0.5,0.0,0.0,0.21273801707156928,0.36,0.36,0.23943661971830985,0.04,0.42857142857142855,0.7142857142857143,1.0,1.0,0.7872619829284307,0.64,0.64,0.7605633802816901,0.96,0.5714285714285714,0.2857142857142857
structural,armstrong,javascript,lexical_075,0.0,0.75,0.0,0.0,0.21273801707156928,0.36,0.36,0.23943661971830985,0.04,0.42857142857142855,0.7142857142857143,1.0,1.0,0.7872619829284307,0.64,0.64,0.7605633802816901,0.96,0.5714285714285714,0.2857142857142857
structural,armstrong,javascript,lexical_100,0.0,1.0,0.0,0.0,0.21273801707156928,0.36,0.36,0.23943661971830985,0.04,0.42857142857142855,0.7142857142857143,1.0,1.0,0.7872619829284307,0.64,0.64,0.7605633802816901,0.96,0.5714285714285714,0.2857142857142857
structural,armstrong,javascript,structural_025,0.0,0.0,0.25,0.0,0.22298692360633174,0.38571428571428573,0.38571428571428573,0.2905982905982906,0.04,0.5625,0.78125,1.0,0.7916666666666666,0.7770130763936682,0.6142857142857143,0.6142857142857143,0.7094017094017093,0.96,0.4375,0.21875
structural,armstrong,javascript,structural_050,0.0,0.0,0.5,0.0,0.22085889570552147,0.38028169014084506,0.38028169014084506,0.2786885245901639,0.04,0.5294117647058824,0.7647058823529412,1.0,0.8333333333333334,0.7791411042944785,0.619718309859155,0.619718309859155,0.7213114754098361,0.96,0.47058823529411764,0.23529411764705876
structural,armstrong,javascript,structural_075,0.0,0.0,0.75,0.0,0.22736842105263158,0.39705882352941174,0.39705882352941174,0.3177570093457944,0.04,0.6428571428571429,0.8214285714285714,1.0,0.7083333333333334,0.7726315789473684,0.6029411764705883,0.6029411764705883,0.6822429906542056,0.96,0.3571428571428571,0.1785714285714286
structural,armstrong,javascript,structural_100,0.0,0.0,1.0,0.0,0.23911439114391145,0.42857142857142855,0.42857142857142855,0.4146341463414634,0.04,1.0,1.0,1.0,0.5,0.7608856088560886,0.5714285714285714,0.5714285714285714,0.5853658536585367,0.96,0.0,0.0
structural,armstrong,javascript,deletion_025,0.0,0.0,0.0,0.25,0.2589928057553957,0.4153846153846154,0.4153846153846154,0.272,0.05263157894736842,0.45,0.7250000000000001,0.75,1.0,0.7410071942446044,0.5846153846153845,0.5846153846153845,0.728,0.9473684210526316,0.55,0.2749999999999999
structural,armstrong,javascript,deletion_050,0.0,0.0,0.0,0.5,0.3457844183564568,0.5192307692307693,0.5192307692307693,0.3655913978494624,0.07692307692307693,0.5625,0.78125,0.5,1.0,0.6542155816435432,0.4807692307692307,0.4807692307692307,0.6344086021505376,0.9230769230769231,0.4375,0.21875
structural,armstrong,javascript,deletion_075,0.0,0.0,0.0,0.75,0.4976958525345622,0.6585365853658537,0.6585365853658537,0.4788732394366197,0.14285714285714285,0.6428571428571429,0.8214285714285714,0.25,1.0,0.5023041474654377,0.3414634146341463,0.3414634146341463,0.5211267605633803,0.8571428571428572,0.3571428571428571,0.1785714285714286
structural,armstrong,javascript,deletion_100,0.0,0.0,0.0,1.0,1.0,1.0,1.0,1.0,1.0,1.0,1.0,0.0,0.0,0.0,0.0,0.0,0.0,0.0,0.0,0.0
structural,armstrong,javascript,mixed_low,0.25,0.25,0.25,0.25,0.23911439114391145,0.42857142857142855,0.42857142857142855,0.2956521739130435,0.05263157894736842,0.5,0.75,0.75,0.8888888888888888,0.7608856088560886,0.5714285714285714,0.5714285714285714,0.7043478260869565,0.9473684210526316,0.5,0.25
structural,armstrong,javascript,mixed_high,0.5,0.5,0.5,0.5,0.3002780352177943,0.5625,0.5625,0.4657534246575342,0.07692307692307693,0.75,0.875,0.5,0.75,0.6997219647822057,0.4375,0.4375,0.5342465753424658,0.9230769230769231,0.25,0.125
structural,nucleotide_count,python,baseline,0.0,0.0,0.0,0.0,0.09258084971464807,0.23333333333333334,0.23333333333333334,0.14285714285714285,0.07692307692307693,0.36363636363636365,0.36363636363636365,1.0,1.0,0.9074191502853519,0.7666666666666666,0.7666666666666666,0.8571428571428572,0.9230769230769231,0.6363636363636364,0.6363636363636364
structural,nucleotide_count,python,format_025,0.25,0.0,0.0,0.0,0.0819764177428411,0.23333333333333334,0.23333333333333334,0.14285714285714285,0.07692307692307693,0.36363636363636365,0.36363636363636365,1.0,1.0,0.9180235822571589,0.7666666666666666,0.7666666666666666,0.8571428571428572,0.9230769230769231,0.6363636363636364,0.6363636363636364
structural,nucleotide_count,python,format_050,0.5,0.0,0.0,0.0,0.07355163727959697,0.23333333333333334,0.23333333333333334,0.14285714285714285,0.07692307692307693,0.36363636363636365,0.36363636363636365,1.0,1.0,0.926448362720403,0.7666666666666666,0.7666666666666666,0.8571428571428572,0.9230769230769231,0.6363636363636364,0.6363636363636364
structural,nucleotide_count,python,format_100,1.0,0.0,0.0,0.0,0.061011282908483074,0.23333333333333334,0.23333333333333334,0.14285714285714285,0.07692307692307693,0.36363636363636365,0.36363636363636365,1.0,1.0,0.9389887170915169,0.7666666666666666,0.7666666666666666,0.8571428571428572,0.9230769230769231,0.6363636363636364,0.6363636363636364
structural,nucleotide_count,python,lexical_025,0.0,0.25,0.0,0.0,0.09258084971464807,0.23333333333333334,0.23333333333333334,0.14285714285714285,0.07692307692307693,0.36363636363636365,0.36363636363636365,1.0,1.0,0.9074191502853519,0.7666666666666666,0.7666666666666666,0.8571428571428572,0.9230769230769231,0.6363636363636364,0.6363636363636364
structural,nucleotide_count,python,lexical_050,0.0,0.5,0.0,0.0,0.09258084971464807,0.23333333333333334,0.23333333333333334,0.14285714285714285,0.07692307692307693,0.36363636363636365,0.36363636363636365,1.0,1.0,0.9074191502853519,0.7666666666666666,0.7666666666666666,0.8571428571428572,0.9230769230769231,0.6363636363636364,0.6363636363636364
structural,nucleotide_count,python,lexical_075,0.0,0.75,0.0,0.0,0.09258084971464807,0.23333333333333334,0.23333333333333334,0.14285714285714285,0.07692307692307693,0.36363636363636365,0.36363636363636365,1.0,1.0,0.9074191502853519,0.7666666666666666,0.7666666666666666,0.8571428571428572,0.9230769230769231,0.6363636363636364,0.6363636363636364
structural,nucleotide_count,python,lexical_100,0.0,1.0,0.0,0.0,0.09258084971464807,0.23333333333333334,0.23333333333333334,0.14285714285714285,0.07692307692307693,0.36363636363636365,0.36363636363636365,1.0,1.0,0.9074191502853519,0.7666666666666666,0.7666666666666666,0.8571428571428572,0.9230769230769231,0.6363636363636364,0.6363636363636364
structural,nucleotide_count,python,structural_025,0.0,0.0,0.25,0.0,0.09449838187702266,0.25,0.25,0.15702479338842976,0.07692307692307693,0.4444444444444444,0.4444444444444444,1.0,0.8333333333333334,0.9055016181229774,0.75,0.75,0.8429752066115702,0.9230769230769231,0.5555555555555556,0.5555555555555556
structural,nucleotide_count,python,structural_050,0.0,0.0,0.5,0.0,0.09598948060486522,0.2641509433962264,0.2641509433962264,0.16964285714285715,0.07692307692307693,0.5333333333333333,0.5333333333333333,1.0,0.7083333333333334,0.9040105193951348,0.7358490566037736,0.7358490566037736,0.8303571428571428,0.9230769230769231,0.4666666666666667,0.4666666666666667
structural,nucleotide_count,python,structural_075,0.0,0.0,0.75,0.0,0.09752839011356046,0.28,0.28,0.18446601941747573,0.07692307692307693,0.6666666666666666,0.6666666666666667,1.0,0.5833333333333334,0.9024716098864396,0.72,0.72,0.8155339805825242,0.9230769230769231,0.33333333333333337,0.33333333333333326
structural,nucleotide_count,python,structural_100,0.0,0.0,1.0,0.0,0.09965870307167235,0.30434782608695654,0.30434782608695654,0.2087912087912088,0.07692307692307693,1.0,1.0,1.0,0.4166666666666667,0.9003412969283277,0.6956521739130435,0.6956521739130435,0.7912087912087912,0.9230769230769231,0.0,0.0
structural,nucleotide_count,python,deletion_025,0.0,0.0,0.0,0.25,0.11783696529459241,0.27450980392156865,0.27450980392156865,0.16964285714285715,0.1,0.38095238095238093,0.38095238095238093,0.75,1.0,0.8821630347054076,0.7254901960784313,0.7254901960784313,0.8303571428571428,0.9,0.6190476190476191,0.6190476190476191
structural,nucleotide_count,python,deletion_050,0.0,0.0,0.0,0.5,0.16647662485746864,0.358974358974359,0.358974358974359,0.23170731707317074,0.14285714285714285,0.47058823529411764,0.47058823529411764,0.5,1.0,0.8335233751425314,0.641025641025641,0.641025641025641,0.7682926829268293,0.8571428571428572,0.5294117647058824,0.5294117647058824
structural,nucleotide_count,python,deletion_075,0.0,0.0,0.0,0.75,0.2879684418145957,0.5384615384615384,0.5384615384615384,0.3877551020408163,0.25,0.6666666666666666,0.6666666666666667,0.25,1.0,0.7120315581854043,0.46153846153846156,0.46153846153846156,0.6122448979591837,0.75,0.33333333333333337,0.33333333333333326
structural,nucleotide_count,python,deletion_100,0.0,0.0,0.0,1.0,1.0,1.0,1.0,1.0,1.0,1.0,1.0,0.0,0.0,0.0,0.0,0.0,0.0,0.0,0.0,0.0
structural,nucleotide_count,python,mixed_low,0.25,0.25,0.25,0.25,0.10743193524650478,0.2857142857142857,0.2857142857142857,0.1792452830188679,0.1,0.42105263157894735,0.42105263157894735,0.75,0.8888888888888888,0.8925680647534953,0.7142857142857143,0.7142857142857143,0.8207547169811321,0.9,0.5789473684210527,0.5789473684210527
structural,nucleotide_count,python,mixed_high,0.5,0.5,0.5,0.5,0.14024975984630164,0.4117647058823529,0.4117647058823529,0.2835820895522388,0.14285714285714285,0.6666666666666666,0.6666666666666667,0.5,0.8333333333333334,0.8597502401536984,0.5882352941176471,0.5882352941176471,0.7164179104477613,0.8571428571428572,0.33333333333333337,0.33333333333333326
structural,nucleotide_count,javascript,baseline,0.0,0.0,0.0,0.0,0.1649048625792812,0.32857142857142857,0.32857142857142857,0.23134328358208955,0.07692307692307693,0.37142857142857144,0.6857142857142857,1.0,1.0,0.8350951374207188,0.6714285714285715,0.6714285714285715,0.7686567164179104,0.9230769230769231,0.6285714285714286,0.3142857142857143
structural,nucleotide_count,javascript,format_025,0.25,0.0,0.0,0.0,0.14471243042671614,0.32857142857142857,0.32857142857142857,0.23134328358208955,0.07692307692307693,0.37142857142857144,0.6857142857142857,1.0,1.0,0.8552875695732839,0.6714285714285715,0.6714285714285715,0.7686567164179104,0.9230769230769231,0.6285714285714286,0.3142857142857143
structural,nucleotide_count,javascript,format_050,0.5,0.0,0.0,0.0,0.12892561983471074,0.32857142857142857,0.32857142857142857,0.23134328358208955,0.07692307692307693,0.37142857142857144,0.6857142857142857,1.0,1.0,0.8710743801652893,0.6714285714285715,0.6714285714285715,0.7686567164179104,0.9230769230769231,0.6285714285714286,0.3142857142857143
structural,nucleotide_count,javascript,format_100,1.0,0.0,0.0,0.0,0.10583446404341927,0.32857142857142857,0.32857142857142857,0.23134328358208955,0.07692307692307693,0.37142857142857144,0.6857142857142857,1.0,1.0,0.8941655359565808,0.6714285714285715,0.6714285714285715,0.7686567164179104,0.9230769230769231,0.6285714285714286,0.3142857142857143
structural,nucleotide_count,javascript,lexical_025,0.0,0.25,0.0,0.0,0.1649048625792812,0.32857142857142857,0.32857142857142857,0.23134328358208955,0.07692307692307693,0.37142857142857144,0.6857142857142857,1.0,1.0,0.8350951374207188,0.6714285714285715,0.6714285714285715,0.7686567164179104,0.9230769230769231,0.6285714285714286,0.3142857142857143
structural,nucleotide_count,javascript,lexical_050,0.0,0.5,0.0,0.0,0.1649048625792812,0.32857142857142857,0.32857142857142857,0.23134328358208955,0.07692307692307693,0.37142857142857144,0.6857142857142857,1.0,1.0,0.8350951374207188,0.6714285714285715,0.6714285714285715,0.7686567164179104,0.9230769230769231,0.6285714285714286,0.3142857142857143
structural,nucleotide_count,javascript,lexical_075,0.0,0.75,0.0,0.0,0.1649048625792812,0.32857142857142857,0.32857142857142857,0.23134328358208955,0.07692307692307693,0.37142857142857144,0.6857142857142857,1.0,1.0,0.8350951374207188,0.6714285714285715,0.6714285714285715,0.7686567164179104,0.9230769230769231,0.6285714285714286,0.3142857142857143
structural,nucleotide_count,javascript,lexical_100,0.0,1.0,0.0,0.0,0.1649048625792812,0.32857142857142857,0.32857142857142857,0.23134328358208955,0.07692307692307693,0.37142857142857144,0.6857142857142857,1.0,1.0,0.8350951374207188,0.6714285714285715,0.6714285714285715,0.7686567164179104,0.9230769230769231,0.6285714285714286,0.3142857142857143
structural,nucleotide_count,javascript,structural_025,0.0,0.0,0.25,0.0,0.16654804270462634,0.3333333333333333,0.3333333333333333,0.24031007751937986,0.07692307692307693,0.3939393939393939,0.696969696969697,1.0,0.9583333333333334,0.8334519572953737,0.6666666666666667,0.6666666666666667,0.7596899224806202,0.9230769230769231,0.6060606060606061,0.303030303030303
structural,nucleotide_count,javascript,structural_050,0.0,0.0,0.5,0.0,0.17168011738811445,0.3484848484848485,0.3484848484848485,0.2719298245614035,0.07692307692307693,0.48148148148148145,0.7407407407407407,1.0,0.8333333333333334,0.8283198826118856,0.6515151515151515,0.6515151515151515,0.7280701754385965,0.9230769230769231,0.5185185185185186,0.2592592592592593
structural,nucleotide_count,javascript,structural_075,0.0,0.0,0.75,0.0,0.17713853141559424,0.36507936507936506,0.36507936507936506,0.31313131313131315,0.07692307692307693,0.6190476190476191,0.8095238095238095,1.0,0.7083333333333334,0.8228614685844058,0.6349206349206349,0.6349206349206349,0.6868686868686869,0.9230769230769231,0.38095238095238093,0.19047619047619047
structural,nucleotide_count,javascript,structural_100,0.0,0.0,1.0,0.0,0.18498023715415018,0.3898305084745763,0.3898305084745763,0.3924050632911392,0.07692307692307693,1.0,1.0,1.0,0.5416666666666666,0.8150197628458498,0.6101694915254237,0.6101694915254237,0.6075949367088608,0.9230769230769231,0.0,0.0
structural,nucleotide_count,javascript,deletion_025,0.0,0.0,0.0,0.25,0.21176470588235294,0.40350877192982454,0.40350877192982454,0.30392156862745096,0.1,0.48148148148148145,0.7407407407407407,0.75,1.0,0.788235294117647,0.5964912280701755,0.5964912280701755,0.696078431372549,0.9,0.5185185185185186,0.2592592592592593
structural,nucleotide_count,javascript,deletion_050,0.0,0.0,0.0,0.5,0.2809123649459784,0.48936170212765956,0.48936170212765956,0.36470588235294116,0.14285714285714285,0.52,0.76,0.5,1.0,0.7190876350540216,0.5106382978723405,0.5106382978723405,0.6352941176470588,0.8571428571428572,0.48,0.24
structural,nucleotide_count,javascript,deletion_075,0.0,0.0,0.0,0.75,0.4508670520231214,0.6764705882352942,0.6764705882352942,0.5849056603773585,0.25,0.7647058823529411,0.8823529411764706,0.25,1.0,0.5491329479768786,0.32352941176470584,0.32352941176470584,0.41509433962264153,0.75,0.23529411764705888,0.11764705882352944
structural,nucleotide_count,javascript,deletion_100,0.0,0.0,0.0,1.0,1.0,1.0,1.0,1.0,1.0,1.0,1.0,0.0,0.0,0.0,0.0,0.0,0.0,0.0,0.0,0.0
structural,nucleotide_count,javascript,mixed_low,0.25,0.25,0.25,0.25,0.18705035971223022,0.39655172413793105,0.39655172413793105,0.2897196261682243,0.1,0.4482758620689655,0.7241379310344828,0.75,0.8888888888888888,0.8129496402877698,0.603448275862069,0.603448275862069,0.7102803738317758,0.9,0.5517241379310345,0.27586206896551724
structural,nucleotide_count,javascript,mixed_high,0.5,0.5,0.5,0.5,0.2333000997008973,0.5111111111111111,0.5111111111111111,0.41333333333333333,0.14285714285714285,0.6190476190476191,0.8095238095238095,0.5,0.75,0.7666999002991027,0.48888888888888893,0.48888888888888893,0.5866666666666667,0.8571428571428572,0.38095238095238093,0.19047619047619047
structural,reverse_text,python,baseline,0.0,0.0,0.0,0.0,0.05294506949040371,0.1686746987951807,0.1686746987951807,0.10236220472440945,0.04,0.17647058823529413,0.17647058823529416,1.0,1.0,0.9470549305095963,0.8313253012048193,0.8313253012048193,0.8976377952755905,0.96,0.8235294117647058,0.8235294117647058
structural,reverse_text,python,format_025,0.25,0.0,0.0,0.0,0.04664723032069971,0.1686746987951807,0.1686746987951807,0.10236220472440945,0.04,0.17647058823529413,0.17647058823529416,1.0,1.0,0.9533527696793003,0.8313253012048193,0.8313253012048193,0.8976377952755905,0.96,0.8235294117647058,0.8235294117647058
structural,reverse_text,python,format_050,0.5,0.0,0.0,0.0,0.041688379364252216,0.1686746987951807,0.1686746987951807,0.10236220472440945,0.04,0.17647058823529413,0.17647058823529416,1.0,1.0,0.9583116206357478,0.8313253012048193,0.8313253012048193,0.8976377952755905,0.96,0.8235294117647058,0.8235294117647058
structural,reverse_text,python,format_100,1.0,0.0,0.0,0.0,0.034379028792436615,0.1686746987951807,0.1686746987951807,0.10236220472440945,0.04,0.17647058823529413,0.17647058823529416,1.0,1.0,0.9656209712075634,0.8313253012048193,0.8313253012048193,0.8976377952755905,0.96,0.8235294117647058,0.8235294117647058
structural,reverse_text,python,lexical_025,0.0,0.25,0.0,0.0,0.05294506949040371,0.1686746987951807,0.1686746987951807,0.10236220472440945,0.04,0.17647058823529413,0.17647058823529416,1.0,1.0,0.9470549305095963,0.8313253012048193,0.8313253012048193,0.8976377952755905,0.96,0.8235294117647058,0.8235294117647058
structural,reverse_text,python,lexical_050,0.0,0.5,0.0,0.0,0.05294506949040371,0.1686746987951807,0.1686746987951807,0.10236220472440945,0.04,0.17647058823529413,0.17647058823529416,1.0,1.0,0.9470549305095963,0.8313253012048193,0.8313253012048193,0.8976377952755905,0.96,0.8235294117647058,0.8235294117647058
structural,reverse_text,python,lexical_075,0.0,0.75,0.0,0.0,0.05294506949040371,0.1686746987951807,0.1686746987951807,0.10236220472440945,0.04,0.17647058823529413,0.17647058823529416,1.0,1.0,0.9470549305095963,0.8313253012048193,0.8313253012048193,0.8976377952755905,0.96,0.8235294117647058,0.8235294117647058
structural,reverse_text,python,lexical_100,0.0,1.0,0.0,0.0,0.05294506949040371,0.1686746987951807,0.1686746987951807,0.10236220472440945,0.04,0.17647058823529413,0.17647058823529416,1.0,1.0,0.9470549305095963,0.8313253012048193,0.8313253012048193,0.8976377952755905,0.96,0.8235294117647058,0.8235294117647058
structural,reverse_text,python,structural_025,0.0,0.0,0.25,0.0,0.054384772263766146,0.18543046357615894,0.18543046357615894,0.11607142857142858,0.04,0.25,0.25,1.0,0.7916666666666666,0.9456152277362339,0.814569536423841,0.814569536423841,0.8839285714285714,0.96,0.75,0.75
structural,reverse_text,python,structural_050,0.0,0.0,0.5,0.0,0.055286800276434005,0.19718309859154928,0.19718309859154928,0.1262135922330097,0.04,0.3333333333333333,0.33333333333333326,1.0,0.6666666666666666,0.944713199723566,0.8028169014084507,0.8028169014084507,0.8737864077669903,0.96,0.6666666666666667,0.6666666666666667
structural,reverse_text,python,structural_075,0.0,0.0,0.75,0.0,0.055286800276434005,0.19718309859154928,0.19718309859154928,0.1262135922330097,0.04,0.3333333333333333,0.33333333333333326,1.0,0.6666666666666666,0.944713199723566,0.8028169014084507,0.8028169014084507,0.8737864077669903,0.96,0.6666666666666667,0.6666666666666667
structural,reverse_text,python,structural_100,0.0,0.0,1.0,0.0,0.057183702644746245,0.22580645161290322,0.22580645161290322,0.15294117647058825,0.04,1.0,1.0,1.0,0.4166666666666667,0.9428162973552537,0.7741935483870968,0.7741935483870968,0.8470588235294118,0.96,0.0,0.0
structural,reverse_text,python,deletion_025,0.0,0.0,0.0,0.25,0.06962576153176675,0.2153846153846154,0.2153846153846154,0.13402061855670103,0.05263157894736842,0.23076923076923078,0.23076923076923084,0.75,1.0,0.9303742384682332,0.7846153846153846,0.7846153846153846,0.865979381443299,0.9473684210526316,0.7692307692307692,0.7692307692307692
structural,reverse_text,python,deletion_050,0.0,0.0,0.0,0.5,0.099626400996264,0.28,0.28,0.1780821917808219,0.07692307692307693,0.2727272727272727,0.2727272727272727,0.5,1.0,0.900373599003736,0.72,0.72,0.821917808219178,0.9230769230769231,0.7272727272727273,0.7272727272727273
structural,reverse_text,python,deletion_075,0.0,0.0,0.0,0.75,0.18475750577367206,0.45901639344262296,0.45901639344262296,0.325,0.14285714285714285,0.5,0.5,0.25,1.0,0.8152424942263279,0.540983606557377,0.540983606557377,0.675,0.8571428571428572,0.5,0.5
structural,reverse_text,python,deletion_100,0.0,0.0,0.0,1.0,1.0,1.0,1.0,1.0,1.0,1.0,1.0,0.0,0.0,0.0,0.0,0.0,0.0,0.0,0.0,0.0
structural,reverse_text,python,mixed_low,0.25,0.25,0.25,0.25,0.063441712926249,0.23140495867768596,0.23140495867768596,0.14772727272727273,0.05263157894736842,0.3,0.30000000000000004,0.75,0.8333333333333334,0.936558287073751,0.768595041322314,0.768595041322314,0.8522727272727273,0.9473684210526316,0.7,0.7
structural,reverse_text,python,mixed_high,0.5,0.5,0.5,0.5,0.0827300930713547,0.32941176470588235,0.32941176470588235,0.22413793103448276,0.07692307692307693,0.5,0.5,0.5,0.6666666666666666,0.9172699069286453,0.6705882352941177,0.6705882352941177,0.7758620689655172,0.9230769230769231,0.5,0.5
structural,reverse_text,javascript,baseline,0.0,0.0,0.0,0.0,0.09482129832239242,0.184,0.184,0.09558823529411764,0.04,0.14285714285714285,0.5714285714285714,1.0,1.0,0.9051787016776076,0.8160000000000001,0.8160000000000001,0.9044117647058824,0.96,0.8571428571428572,0.4285714285714286
structural,reverse_text,javascript,format_025,0.25,0.0,0.0,0.0,0.082855321861058,0.184,0.184,0.09558823529411764,0.04,0.14285714285714285,0.5714285714285714,1.0,1.0,0.917144678138942,0.8160000000000001,0.8160000000000001,0.9044117647058824,0.96,0.8571428571428572,0.4285714285714286
structural,reverse_text,javascript,format_050,0.5,0.0,0.0,0.0,0.07357102433503113,0.184,0.184,0.09558823529411764,0.04,0.14285714285714285,0.5714285714285714,1.0,1.0,0.9264289756649688,0.8160000000000001,0.8160000000000001,0.9044117647058824,0.96,0.8571428571428572,0.4285714285714286
structural,reverse_text,javascript,format_100,1.0,0.0,0.0,0.0,0.06010171058714748,0.184,0.184,0.09558823529411764,0.04,0.14285714285714285,0.5714285714285714,1.0,1.0,0.9398982894128525,0.8160000000000001,0.8160000000000001,0.9044117647058824,0.96,0.8571428571428572,0.4285714285714286
structural,reverse_text,javascript,lexical_025,0.0,0.25,0.0,0.0,0.09482129832239242,0.184,0.184,0.09558823529411764,0.04,0.14285714285714285,0.5714285714285714,1.0,1.0,0.9051787016776076,0.8160000000000001,0.8160000000000001,0.9044117647058824,0.96,0.8571428571428572,0.4285714285714286
structural,reverse_text,javascript,lexical_050,0.0,0.5,0.0,0.0,0.09482129832239242,0.184,0.184,0.09558823529411764,0.04,0.14285714285714285,0.5714285714285714,1.0,1.0,0.9051787016776076,0.8160000000000001,0.8160000000000001,0.9044117647058824,0.96,0.8571428571428572,0.4285714285714286
structural,reverse_text,javascript,lexical_075,0.0,0.75,0.0,0.0,0.09482129832239242,0.184,0.184,0.09558823529411764,0.04,0.14285714285714285,0.5714285714285714,1.0,1.0,0.9051787016776076,0.8160000000000001,0.8160000000000001,0.9044117647058824,0.96,0.8571428571428572,0.4285714285714286
structural,reverse_text,javascript,lexical_100,0.0,1.0,0.0,0.0,0.09482129832239242,0.184,0.184,0.09558823529411764,0.04,0.14285714285714285,0.5714285714285714,1.0,1.0,0.9051787016776076,0.8160000000000001,0.8160000000000001,0.9044117647058824,0.96,0.8571428571428572,0.4285714285714286
structural,reverse_text,javascript,structural_025,0.0,0.0,0.25,0.0,0.09992313604919292,0.2,0.2,0.11711711711711711,0.04,0.2,0.6,1.0,0.7916666666666666,0.9000768639508071,0.8,0.8,0.8828828828828829,0.96,0.8,0.4
structural,reverse_text,javascript,structural_050,0.0,0.0,0.5,0.0,0.10325655281969817,0.21100917431192662,0.21100917431192662,0.13541666666666666,0.04,0.2631578947368421,0.631578947368421,1.0,0.6666666666666666,0.8967434471803019,0.7889908256880733,0.7889908256880733,0.8645833333333334,0.96,0.736842105263158,0.368421052631579
structural,reverse_text,javascript,structural_075,0.0,0.0,0.75,0.0,0.10560519902518278,0.21904761904761905,0.21904761904761905,0.1511627906976744,0.04,0.3333333333333333,0.6666666666666666,1.0,0.5833333333333334,0.8943948009748173,0.780952380952381,0.780952380952381,0.8488372093023255,0.96,0.6666666666666667,0.33333333333333337
structural,reverse_text,javascript,structural_100,0.0,0.0,1.0,0.0,0.1119724375538329,0.24210526315789474,0.24210526315789474,0.21311475409836064,0.04,1.0,1.0,1.0,0.375,0.8880275624461671,0.7578947368421053,0.7578947368421053,0.7868852459016393,0.96,0.0,0.0
structural,reverse_text,javascript,deletion_025,0.0,0.0,0.0,0.25,0.12138188608776844,0.22772277227722773,0.22772277227722773,0.11926605504587157,0.05263157894736842,0.1724137931034483,0.5862068965517241,0.75,1.0,0.8786181139122315,0.7722772277227723,0.7722772277227723,0.8807339449541285,0.9473684210526316,0.8275862068965517,0.4137931034482759
structural,reverse_text,javascript,deletion_050,0.0,0.0,0.0,0.5,0.17173051519154559,0.30666666666666664,0.30666666666666664,0.16883116883116883,0.07692307692307693,0.23809523809523808,0.6190476190476191,0.5,1.0,0.8282694848084544,0.6933333333333334,0.6933333333333334,0.8311688311688312,0.9230769230769231,0.7619047619047619,0.38095238095238093
structural,reverse_text,javascript,deletion_075,0.0,0.0,0.0,0.75,0.29345372460496616,0.46938775510204084,0.46938775510204084,0.28888888888888886,0.14285714285714285,0.38461538461538464,0.6923076923076923,0.25,1.0,0.7065462753950338,0.5306122448979591,0.5306122448979591,0.7111111111111111,0.8571428571428572,0.6153846153846154,0.3076923076923077
structural,reverse_text,javascript,deletion_100,0.0,0.0,0.0,1.0,1.0,1.0,1.0,1.0,1.0,1.0,1.0,0.0,0.0,0.0,0.0,0.0,0.0,0.0,0.0,0.0
structural,reverse_text,javascript,mixed_low,0.25,0.25,0.25,0.25,0.1147396293027361,0.25274725274725274,0.25274725274725274,0.15476190476190477,0.05263157894736842,0.2631578947368421,0.631578947368421,0.75,0.7777777777777778,0.8852603706972639,0.7472527472527473,0.7472527472527473,0.8452380952380952,0.9473684210526316,0.736842105263158,0.368421052631579
structural,reverse_text,javascript,mixed_high,0.5,0.5,0.5,0.5,0.14925373134328357,0.36507936507936506,0.36507936507936506,0.2765957446808511,0.07692307692307693,0.5555555555555556,0.7777777777777778,0.5,0.6666666666666666,0.8507462686567164,0.6349206349206349,0.6349206349206349,0.7234042553191489,0.9230769230769231,0.4444444444444444,0.2222222222222222
hybrid,leap_year,python,baseline,0.0,0.0,0.0,0.0,0.12060301507537688,0.325,0.325,0.23404255319148937,0.07692307692307693,0.2,0.19999999999999996,1.0,1.0,0.8793969849246231,0.675,0.675,0.7659574468085106,0.9230769230769231,0.8,0.8
hybrid,leap_year,python,format_025,0.25,0.0,0.0,0.0,0.10519724483406387,0.325,0.325,0.23404255319148937,0.07692307692307693,0.2,0.19999999999999996,1.0,1.0,0.8948027551659361,0.675,0.675,0.7659574468085106,0.9230769230769231,0.8,0.8
hybrid,leap_year,python,format_050,0.5,0.0,0.0,0.0,0.09328151027207107,0.325,0.325,0.23404255319148937,0.07692307692307693,0.2,0.19999999999999996,1.0,1.0,0.9067184897279289,0.675,0.675,0.7659574468085106,0.9230769230769231,0.8,0.8
hybrid,leap_year,python,format_100,1.0,0.0,0.0,0.0,0.07605251244907198,0.325,0.325,0.23404255319148937,0.07692307692307693,0.2,0.19999999999999996,1.0,1.0,0.923947487550928,0.675,0.675,0.7659574468085106,0.9230769230769231,0.8,0.8
hybrid,leap_year,python,lexical_025,0.0,0.25,0.0,0.0,0.12025769506084466,0.325,0.325,0.23404255319148937,0.07692307692307693,0.2,0.19999999999999996,1.0,0.9166666666666666,0.8797423049391553,0.675,0.675,0.7659574468085106,0.9230769230769231,0.8,0.8
hybrid,leap_year,python,lexical_050,0.0,0.5,0.0,0.0,0.12008577555396711,0.325,0.325,0.23404255319148937,0.07692307692307693,0.2,0.19999999999999996,1.0,0.875,0.8799142244460328,0.675,0.675,0.7659574468085106,0.9230769230769231,0.8,0.8
hybrid,leap_year,python,lexical_075,0.0,0.75,0.0,0.0,0.11974340698503208,0.325,0.325,0.23404255319148937,0.07692307692307693,0.2,0.19999999999999996,1.0,0.7916666666666666,0.880256593014968,0.675,0.675,0.7659574468085106,0.9230769230769231,0.8,0.8
hybrid,leap_year,python,lexical_100,0.0,1.0,0.0,0.0,0.11940298507462686,0.325,0.325,0.23404255319148937,0.07692307692307693,0.2,0.19999999999999996,1.0,0.7083333333333334,0.8805970149253731,0.675,0.675,0.7659574468085106,0.9230769230769231,0.8,0.8
hybrid,leap_year,python,structural_025,0.0,0.0,0.25,0.0,0.12200435729847495,0.33766233766233766,0.33766233766233766,0.24444444444444444,0.07692307692307693,0.21739130434782608,0.21739130434782605,1.0,0.9166666666666666,0.8779956427015251,0.6623376623376623,0.6623376623376623,0.7555555555555555,0.9230769230769231,0.782608695652174,0.782608695652174
hybrid,leap_year,python,structural_050,0.0,0.0,0.5,0.0,0.12416851441241686,0.3586206896551724,0.3586206896551724,0.2619047619047619,0.07692307692307693,0.25,0.25,1.0,0.7916666666666666,0.8758314855875832,0.6413793103448275,0.6413793103448275,0.7380952380952381,0.9230769230769231,0.75,0.75
hybrid,leap_year,python,structural_075,0.0,0.0,0.75,0.0,0.12490706319702602,0.36619718309859156,0.36619718309859156,0.2682926829268293,0.07692307692307693,0.2631578947368421,0.26315789473684204,1.0,0.75,0.875092936802974,0.6338028169014085,0.6338028169014085,0.7317073170731707,0.9230769230769231,0.736842105263158,0.736842105263158
hybrid,leap_year,python,structural_100,0.0,0.0,1.0,0.0,0.12641083521444696,0.38235294117647056,0.38235294117647056,0.28205128205128205,0.07692307692307693,0.29411764705882354,0.2941176470588236,1.0,0.6666666666666666,0.873589164785553,0.6176470588235294,0.6176470588235294,0.717948717948718,0.9230769230769231,0.7058823529411764,0.7058823529411764
hybrid,leap_year,python,deletion_025,0.0,0.0,0.0,0.25,0.15426997245179064,0.39097744360902253,0.39097744360902253,0.2894736842105263,0.1,0.25,0.25,0.75,1.0,0.8457300275482094,0.6090225563909775,0.6090225563909775,0.7105263157894737,0.9,0.75,0.75
hybrid,leap_year,python,deletion_050,0.0,0.0,0.0,0.5,0.22134387351778656,0.5098039215686274,0.5098039215686274,0.38823529411764707,0.16666666666666666,0.3333333333333333,0.33333333333333326,0.5,1.0,0.7786561264822134,0.4901960784313726,0.4901960784313726,0.611764705882353,0.8333333333333334,0.6666666666666667,0.6666666666666667
hybrid,leap_year,python,deletion_075,0.0,0.0,0.0,0.75,0.36129032258064514,0.6842105263157895,0.6842105263157895,0.5789473684210527,0.25,0.5555555555555556,0.5555555555555556,0.25,1.0,0.6387096774193548,0.3157894736842105,0.3157894736842105,0.42105263157894735,0.75,0.4444444444444444,0.4444444444444444
hybrid,leap_year,python,deletion_100,0.0,0.0,0.0,1.0,1.0,1.0,1.0,1.0,1.0,1.0,1.0,0.0,0.0,0.0,0.0,0.0,0.0,0.0,0.0,0.0
hybrid,leap_year,python,mixed_low,0.25,0.25,0.25,0.25,0.14225232853513972,0.43333333333333335,0.43333333333333335,0.32038834951456313,0.1111111111111111,0.29411764705882354,0.2941176470588236,0.75,0.7777777777777778,0.8577476714648603,0.5666666666666667,0.5666666666666667,0.6796116504854368,0.8888888888888888,0.7058823529411764,0.7058823529411764
hybrid,leap_year,python,mixed_high,0.5,0.5,0.5,0.5,0.16650148662041625,0.5048543689320388,0.5048543689320388,0.4230769230769231,0.1,0.5,0.5,0.5,0.5833333333333334,0.8334985133795838,0.49514563106796117,0.49514563106796117,0.5769230769230769,0.9,0.5,0.5
hybrid,leap_year,javascript,baseline,0.0,0.0,0.0,0.0,0.14080242240726723,0.2692307692307692,0.2692307692307692,0.19166666666666668,0.07692307692307693,0.18518518518518517,0.37037037037037035,1.0,1.0,0.8591975775927327,0.7307692307692308,0.7307692307692308,0.8083333333333333,0.9230769230769231,0.8148148148148149,0.6296296296296297
hybrid,leap_year,javascript,format_025,0.25,0.0,0.0,0.0,0.12244897959183673,0.2692307692307692,0.2692307692307692,0.19166666666666668,0.07692307692307693,0.18518518518518517,0.37037037037037035,1.0,1.0,0.8775510204081632,0.7307692307692308,0.7307692307692308,0.8083333333333333,0.9230769230769231,0.8148148148148149,0.6296296296296297
hybrid,leap_year,javascript,format_050,0.5,0.0,0.0,0.0,0.10832847990681421,0.2692307692307692,0.2692307692307692,0.19166666666666668,0.07692307692307693,0.18518518518518517,0.37037037037037035,1.0,1.0,0.8916715200931857,0.7307692307692308,0.7307692307692308,0.8083333333333333,0.9230769230769231,0.8148148148148149,0.6296296296296297
hybrid,leap_year,javascript,format_100,1.0,0.0,0.0,0.0,0.08802650260293422,0.2692307692307692,0.2692307692307692,0.19166666666666668,0.07692307692307693,0.18518518518518517,0.37037037037037035,1.0,1.0,0.9119734973970658,0.7307692307692308,0.7307692307692308,0.8083333333333333,0.9230769230769231,0.8148148148148149,0.6296296296296297
hybrid,leap_year,javascript,lexical_025,0.0,0.25,0.0,0.0,0.14037735849056604,0.2692307692307692,0.2692307692307692,0.19166666666666668,0.07692307692307693,0.18518518518518517,0.37037037037037035,1.0,0.9166666666666666,0.8596226415094339,0.7307692307692308,0.7307692307692308,0.8083333333333333,0.9230769230769231,0.8148148148148149,0.6296296296296297
hybrid,leap_year,javascript,lexical_050,0.0,0.5,0.0,0.0,0.13974455296769348,0.2692307692307692,0.2692307692307692,0.19166666666666668,0.07692307692307693,0.18518518518518517,0.37037037037037035,1.0,0.7916666666666666,0.8602554470323065,0.7307692307692308,0.7307692307692308,0.8083333333333333,0.9230769230769231,0.8148148148148149,0.6296296296296297
hybrid,leap_year,javascript,lexical_075,0.0,0.75,0.0,0.0,0.13974455296769348,0.2692307692307692,0.2692307692307692,0.19166666666666668,0.07692307692307693,0.18518518518518517,0.37037037037037035,1.0,0.7916666666666666,0.8602554470323065,0.7307692307692308,0.7307692307692308,0.8083333333333333,0.9230769230769231,0.8148148148148149,0.6296296296296297
hybrid,leap_year,javascript,lexical_100,0.0,1.0,0.0,0.0,0.1393258426966292,0.2692307692307692,0.2692307692307692,0.19166666666666668,0.07692307692307693,0.18518518518518517,0.37037037037037035,1.0,0.7083333333333334,0.8606741573033708,0.7307692307692308,0.7307692307692308,0.8083333333333333,0.9230769230769231,0.8148148148148149,0.6296296296296297
hybrid,leap_year,javascript,structural_025,0.0,0.0,0.25,0.0,0.1423106350420811,0.27450980392156865,0.27450980392156865,0.2,0.07692307692307693,0.2,0.36,1.0,0.9583333333333334,0.8576893649579189,0.7254901960784313,0.7254901960784313,0.8,0.9230769230769231,0.8,0.64
hybrid,leap_year,javascript,structural_050,0.0,0.0,0.5,0.0,0.14385150812064965,0.28,0.28,0.20909090909090908,0.07692307692307693,0.21739130434782608,0.34782608695652173,1.0,0.9166666666666666,0.8561484918793504,0.72,0.72,0.7909090909090909,0.9230769230769231,0.782608695652174,0.6521739130434783
hybrid,leap_year,javascript,structural_075,0.0,0.0,0.75,0.0,0.145426114151681,0.2857142857142857,0.2857142857142857,0.21904761904761905,0.07692307692307693,0.23809523809523808,0.33333333333333326,1.0,0.875,0.854573885848319,0.7142857142857143,0.7142857142857143,0.780952380952381,0.9230769230769231,0.7619047619047619,0.6666666666666667
hybrid,leap_year,javascript,structural_100,0.0,0.0,1.0,0.0,0.1486810551558753,0.2978723404255319,0.2978723404255319,0.24210526315789474,0.07692307692307693,0.29411764705882354,0.2941176470588236,1.0,0.7916666666666666,0.8513189448441247,0.7021276595744681,0.7021276595744681,0.7578947368421053,0.9230769230769231,0.7058823529411764,0.7058823529411764
hybrid,leap_year,javascript,deletion_025,0.0,0.0,0.0,0.25,0.18470705064548162,0.358974358974359,0.358974358974359,0.26136363636363635,0.14285714285714285,0.2631578947368421,0.3157894736842105,0.75,1.0,0.8152929493545183,0.641025641025641,0.641025641025641,0.7386363636363636,0.8571428571428572,0.736842105263158,0.6842105263157895
hybrid,leap_year,javascript,deletion_050,0.0,0.0,0.0,0.5,0.240620957309185,0.4057971014492754,0.4057971014492754,0.2911392405063291,0.14285714285714285,0.2631578947368421,0.4736842105263157,0.5,1.0,0.759379042690815,0.5942028985507246,0.5942028985507246,0.7088607594936709,0.8571428571428572,0.736842105263158,0.5263157894736843
hybrid,leap_year,javascript,deletion_075,0.0,0.0,0.0,0.75,0.4087912087912088,0.6436781609195402,0.6436781609195402,0.5111111111111111,0.5,0.5,0.5,0.25,1.0,0.5912087912087912,0.3563218390804598,0.3563218390804598,0.48888888888888893,0.5,0.5,0.5
hybrid,leap_year,javascript,deletion_100,0.0,0.0,0.0,1.0,1.0,1.0,1.0,1.0,1.0,1.0,1.0,0.0,0.0,0.0,0.0,0.0,0.0,0.0,0.0,0.0
hybrid,leap_year,javascript,mixed_low,0.25,0.25,0.25,0.25,0.15911035072711718,0.32558139534883723,0.32558139534883723,0.24210526315789474,0.09090909090909091,0.23809523809523808,0.4285714285714286,0.75,0.9444444444444444,0.8408896492728828,0.6744186046511628,0.6744186046511628,0.7578947368421053,0.9090909090909091,0.7619047619047619,0.5714285714285714
hybrid,leap_year,javascript,mixed_high,0.5,0.5,0.5,0.5,0.19850586979722518,0.448,0.448,0.3484848484848485,0.16666666666666666,0.35714285714285715,0.4285714285714286,0.5,0.75,0.8014941302027748,0.552,0.552,0.6515151515151515,0.8333333333333334,0.6428571428571428,0.5714285714285714
hybrid,collatz_steps,python,baseline,0.0,0.0,0.0,0.0,0.24088943792464484,0.463768115942029,0.463768115942029,0.3392857142857143,0.3333333333333333,0.38235294117647056,0.38235294117647056,1.0,1.0,0.7591105620753551,0.536231884057971,0.536231884057971,0.6607142857142857,0.6666666666666667,0.6176470588235294,0.6176470588235294
hybrid,collatz_steps,python,format_025,0.25,0.0,0.0,0.0,0.21393307734503567,0.463768115942029,0.463768115942029,0.3392857142857143,0.3333333333333333,0.38235294117647056,0.38235294117647056,1.0,1.0,0.7860669226549644,0.536231884057971,0.536231884057971,0.6607142857142857,0.6666666666666667,0.6176470588235294,0.6176470588235294
hybrid,collatz_steps,python,format_050,0.5,0.0,0.0,0.0,0.19240256536753825,0.463768115942029,0.463768115942029,0.3392857142857143,0.3333333333333333,0.38235294117647056,0.38235294117647056,1.0,1.0,0.8075974346324617,0.536231884057971,0.536231884057971,0.6607142857142857,0.6666666666666667,0.6176470588235294,0.6176470588235294
hybrid,collatz_steps,python,format_100,1.0,0.0,0.0,0.0,0.1601642710472279,0.463768115942029,0.463768115942029,0.3392857142857143,0.3333333333333333,0.38235294117647056,0.38235294117647056,1.0,1.0,0.839835728952772,0.536231884057971,0.536231884057971,0.6607142857142857,0.6666666666666667,0.6176470588235294,0.6176470588235294
hybrid,collatz_steps,python,lexical_025,0.0,0.25,0.0,0.0,0.24,0.463768115942029,0.463768115942029,0.3392857142857143,0.3333333333333333,0.38235294117647056,0.38235294117647056,1.0,0.875,0.76,0.536231884057971,0.536231884057971,0.6607142857142857,0.6666666666666667,0.6176470588235294,0.6176470588235294
hybrid,collatz_steps,python,lexical_050,0.0,0.5,0.0,0.0,0.23970497848801475,0.463768115942029,0.463768115942029,0.3392857142857143,0.3333333333333333,0.38235294117647056,0.38235294117647056,1.0,0.8333333333333334,0.7602950215119852,0.536231884057971,0.536231884057971,0.6607142857142857,0.6666666666666667,0.6176470588235294,0.6176470588235294
hybrid,collatz_steps,python,lexical_075,0.0,0.75,0.0,0.0,0.23882424984690753,0.463768115942029,0.463768115942029,0.3392857142857143,0.3333333333333333,0.38235294117647056,0.38235294117647056,1.0,0.7083333333333334,0.7611757501530925,0.536231884057971,0.536231884057971,0.6607142857142857,0.6666666666666667,0.6176470588235294,0.6176470588235294
hybrid,collatz_steps,python,lexical_100,0.0,1.0,0.0,0.0,0.23824068417837507,0.463768115942029,0.463768115942029,0.3392857142857143,0.3333333333333333,0.38235294117647056,0.38235294117647056,1.0,0.625,0.7617593158216249,0.536231884057971,0.536231884057971,0.6607142857142857,0.6666666666666667,0.6176470588235294,0.6176470588235294
hybrid,collatz_steps,python,structural_025,0.0,0.0,0.25,0.0,0.2445141065830721,0.48484848484848486,0.48484848484848486,0.3584905660377358,0.3333333333333333,0.41935483870967744,0.4193548387096775,1.0,0.875,0.755485893416928,0.5151515151515151,0.5151515151515151,0.6415094339622642,0.6666666666666667,0.5806451612903225,0.5806451612903225
hybrid,collatz_steps,python,structural_050,0.0,0.0,0.5,0.0,0.24574669187145556,0.49230769230769234,0.49230769230769234,0.36538461538461536,0.3333333333333333,0.43333333333333335,0.43333333333333335,1.0,0.8333333333333334,0.7542533081285444,0.5076923076923077,0.5076923076923077,0.6346153846153846,0.6666666666666667,0.5666666666666667,0.5666666666666667
hybrid,collatz_steps,python,structural_075,0.0,0.0,0.75,0.0,0.24824952259707192,0.5079365079365079,0.5079365079365079,0.38,0.3333333333333333,0.4642857142857143,0.4642857142857143,1.0,0.75,0.7517504774029281,0.4920634920634921,0.4920634920634921,0.62,0.6666666666666667,0.5357142857142857,0.5357142857142857
hybrid,collatz_steps,python,structural_100,0.0,0.0,1.0,0.0,0.25210084033613445,0.5333333333333333,0.5333333333333333,0.40425531914893614,0.3333333333333333,0.52,0.52,1.0,0.625,0.7478991596638656,0.4666666666666667,0.4666666666666667,0.5957446808510638,0.6666666666666667,0.48,0.48
hybrid,collatz_steps,python,deletion_025,0.0,0.0,0.0,0.25,0.30162412993039445,0.5454545454545454,0.5454545454545454,0.41007194244604317,0.42857142857142855,0.4482758620689655,0.4482758620689655,0.75,1.0,0.6983758700696056,0.4545454545454546,0.4545454545454546,0.5899280575539568,0.5714285714285714,0.5517241379310345,0.5517241379310345
hybrid,collatz_steps,python,deletion_050,0.0,0.0,0.0,0.5,0.3983656792645557,0.6575342465753424,0.6575342465753424,0.5229357798165137,0.5454545454545454,0.5652173913043478,0.5652173913043478,0.5,1.0,0.6016343207354443,0.34246575342465757,0.34246575342465757,0.47706422018348627,0.4545454545454546,0.4347826086956522,0.4347826086956522
hybrid,collatz_steps,python,deletion_075,0.0,0.0,0.0,0.75,0.5693430656934306,0.8,0.8,0.7037037037037037,0.6666666666666666,0.7647058823529411,0.7647058823529411,0.25,1.0,0.43065693430656937,0.19999999999999996,0.19999999999999996,0.2962962962962963,0.33333333333333337,0.23529411764705888,0.23529411764705888
hybrid,collatz_steps,python,deletion_100,0.0,0.0,0.0,1.0,1.0,1.0,1.0,1.0,1.0,1.0,1.0,0.0,0.0,0.0,0.0,0.0,0.0,0.0,0.0,0.0
hybrid,collatz_steps,python,mixed_low,0.25,0.25,0.25,0.25,0.27253668763102723,0.5614035087719298,0.5614035087719298,0.4318181818181818,0.4,0.5,0.5,0.75,0.7222222222222222,0.7274633123689728,0.4385964912280702,0.4385964912280702,0.5681818181818181,0.6,0.5,0.5
hybrid,collatz_steps,python,mixed_high,0.5,0.5,0.5,0.5,0.3263598326359833,0.6442953020134228,0.6442953020134228,0.5089285714285714,0.5454545454545454,0.5416666666666666,0.5416666666666666,0.5,0.8333333333333334,0.6736401673640167,0.3557046979865772,0.3557046979865772,0.4910714285714286,0.4545454545454546,0.45833333333333337,0.45833333333333337
hybrid,collatz_steps,javascript,baseline,0.0,0.0,0.0,0.0,0.25272610647851185,0.4444444444444444,0.4444444444444444,0.3006535947712418,0.25,0.36585365853658536,0.5365853658536586,1.0,1.0,0.7472738935214882,0.5555555555555556,0.5555555555555556,0.6993464052287581,0.75,0.6341463414634146,0.46341463414634143
hybrid,collatz_steps,javascript,format_025,0.25,0.0,0.0,0.0,0.2242458736482641,0.4444444444444444,0.4444444444444444,0.3006535947712418,0.25,0.36585365853658536,0.5365853658536586,1.0,1.0,0.7757541263517359,0.5555555555555556,0.5555555555555556,0.6993464052287581,0.75,0.6341463414634146,0.46341463414634143
hybrid,collatz_steps,javascript,format_050,0.5,0.0,0.0,0.0,0.20153452685421994,0.4444444444444444,0.4444444444444444,0.3006535947712418,0.25,0.36585365853658536,0.5365853658536586,1.0,1.0,0.7984654731457801,0.5555555555555556,0.5555555555555556,0.6993464052287581,0.75,0.6341463414634146,0.46341463414634143
hybrid,collatz_steps,javascript,format_100,1.0,0.0,0.0,0.0,0.16758826031475968,0.4444444444444444,0.4444444444444444,0.3006535947712418,0.25,0.36585365853658536,0.5365853658536586,1.0,1.0,0.8324117396852403,0.5555555555555556,0.5555555555555556,0.6993464052287581,0.75,0.6341463414634146,0.46341463414634143
hybrid,collatz_steps,javascript,lexical_025,0.0,0.25,0.0,0.0,0.25207933461292387,0.4444444444444444,0.4444444444444444,0.3006535947712418,0.25,0.36585365853658536,0.5365853658536586,1.0,0.9166666666666666,0.7479206653870761,0.5555555555555556,0.5555555555555556,0.6993464052287581,0.75,0.6341463414634146,0.46341463414634143
hybrid,collatz_steps,javascript,lexical_050,0.0,0.5,0.0,0.0,0.25175718849840256,0.4444444444444444,0.4444444444444444,0.3006535947712418,0.25,0.36585365853658536,0.5365853658536586,1.0,0.875,0.7482428115015974,0.5555555555555556,0.5555555555555556,0.6993464052287581,0.75,0.6341463414634146,0.46341463414634143
hybrid,collatz_steps,javascript,lexical_075,0.0,0.75,0.0,0.0,0.25175718849840256,0.4444444444444444,0.4444444444444444,0.3006535947712418,0.25,0.36585365853658536,0.5365853658536586,1.0,0.875,0.7482428115015974,0.5555555555555556,0.5555555555555556,0.6993464052287581,0.75,0.6341463414634146,0.46341463414634143
hybrid,collatz_steps,javascript,lexical_100,0.0,1.0,0.0,0.0,0.2507956715467855,0.4444444444444444,0.4444444444444444,0.3006535947712418,0.25,0.36585365853658536,0.5365853658536586,1.0,0.75,0.7492043284532145,0.5555555555555556,0.5555555555555556,0.6993464052287581,0.75,0.6341463414634146,0.46341463414634143
hybrid,collatz_steps,javascript,structural_025,0.0,0.0,0.25,0.0,0.2573481384715872,0.45714285714285713,0.45714285714285713,0.32167832167832167,0.25,0.40540540540540543,0.5405405405405406,1.0,0.9166666666666666,0.7426518615284128,0.5428571428571429,0.5428571428571429,0.6783216783216783,0.75,0.5945945945945945,0.45945945945945943
hybrid,collatz_steps,javascript,structural_050,0.0,0.0,0.5,0.0,0.25972313777191824,0.463768115942029,0.463768115942029,0.3333333333333333,0.25,0.42857142857142855,0.5428571428571428,1.0,0.875,0.7402768622280818,0.536231884057971,0.536231884057971,0.6666666666666667,0.75,0.5714285714285714,0.4571428571428572
hybrid,collatz_steps,javascript,structural_075,0.0,0.0,0.75,0.0,0.264607118871726,0.47761194029850745,0.47761194029850745,0.359375,0.25,0.4838709677419355,0.5483870967741935,1.0,0.7916666666666666,0.735392881128274,0.5223880597014925,0.5223880597014925,0.640625,0.75,0.5161290322580645,0.4516129032258065
hybrid,collatz_steps,javascript,structural_100,0.0,0.0,1.0,0.0,0.26967830253251196,0.49230769230769234,0.49230769230769234,0.3898305084745763,0.25,0.5555555555555556,0.5555555555555556,1.0,0.7083333333333334,0.730321697467488,0.5076923076923077,0.5076923076923077,0.6101694915254237,0.75,0.4444444444444444,0.4444444444444444
hybrid,collatz_steps,javascript,deletion_025,0.0,0.0,0.0,0.25,0.31048069345941687,0.5224489795918368,0.5224489795918368,0.35658914728682173,0.36363636363636365,0.4166666666666667,0.5555555555555556,0.75,1.0,0.6895193065405831,0.4775510204081632,0.4775510204081632,0.6434108527131783,0.6363636363636364,0.5833333333333333,0.4444444444444444
hybrid,collatz_steps,javascript,deletion_050,0.0,0.0,0.0,0.5,0.4024514811031665,0.6095238095238096,0.6095238095238096,0.45098039215686275,0.4,0.5172413793103449,0.6551724137931034,0.5,1.0,0.5975485188968335,0.3904761904761904,0.3904761904761904,0.5490196078431373,0.6,0.48275862068965514,0.3448275862068966
hybrid,collatz_steps,javascript,deletion_075,0.0,0.0,0.0,0.75,0.5854383358098069,0.7757575757575758,0.7757575757575758,0.6666666666666666,0.5714285714285714,0.75,0.8,0.25,1.0,0.41456166419019314,0.22424242424242424,0.22424242424242424,0.33333333333333337,0.4285714285714286,0.25,0.19999999999999996
hybrid,collatz_steps,javascript,deletion_100,0.0,0.0,0.0,1.0,1.0,1.0,1.0,1.0,1.0,1.0,1.0,0.0,0.0,0.0,0.0,0.0,0.0,0.0,0.0,0.0
hybrid,collatz_steps,javascript,mixed_low,0.25,0.25,0.25,0.25,0.2869628550619082,0.5378151260504201,0.5378151260504201,0.39316239316239315,0.3333333333333333,0.4838709677419355,0.5806451612903225,0.75,0.8333333333333334,0.7130371449380918,0.46218487394957986,0.46218487394957986,0.6068376068376069,0.6666666666666667,0.5161290322580645,0.4193548387096775
hybrid,collatz_steps,javascript,mixed_high,0.5,0.5,0.5,0.5,0.3447069116360455,0.6464646464646465,0.6464646464646465,0.5287356321839081,0.4,0.6521739130434783,0.6956521739130435,0.5,0.6666666666666666,0.6552930883639545,0.3535353535353535,0.3535353535353535,0.47126436781609193,0.6,0.34782608695652173,0.30434782608695654
hybrid,raindrops,python,baseline,0.0,0.0,0.0,0.0,0.23365079365079366,0.49230769230769234,0.49230769230769234,0.37735849056603776,0.25,0.46875,0.46875,1.0,1.0,0.7663492063492063,0.5076923076923077,0.5076923076923077,0.6226415094339622,0.75,0.53125,0.53125
hybrid,raindrops,python,format_025,0.25,0.0,0.0,0.0,0.20685778527262508,0.49230769230769234,0.49230769230769234,0.37735849056603776,0.25,0.46875,0.46875,1.0,1.0,0.7931422147273749,0.5076923076923077,0.5076923076923077,0.6226415094339622,0.75,0.53125,0.53125
hybrid,raindrops,python,format_050,0.5,0.0,0.0,0.0,0.18557740796772568,0.49230769230769234,0.49230769230769234,0.37735849056603776,0.25,0.46875,0.46875,1.0,1.0,0.8144225920322743,0.5076923076923077,0.5076923076923077,0.6226415094339622,0.75,0.53125,0.53125
hybrid,raindrops,python,format_100,1.0,0.0,0.0,0.0,0.15391049769970724,0.49230769230769234,0.49230769230769234,0.37735849056603776,0.25,0.46875,0.46875,1.0,1.0,0.8460895023002928,0.5076923076923077,0.5076923076923077,0.6226415094339622,0.75,0.53125,0.53125
hybrid,raindrops,python,lexical_025,0.0,0.25,0.0,0.0,0.23365079365079366,0.49230769230769234,0.49230769230769234,0.37735849056603776,0.25,0.46875,0.46875,1.0,1.0,0.7663492063492063,0.5076923076923077,0.5076923076923077,0.6226415094339622,0.75,0.53125,0.53125
hybrid,raindrops,python,lexical_050,0.0,0.5,0.0,0.0,0.232764073371284,0.49230769230769234,0.49230769230769234,0.37735849056603776,0.25,0.46875,0.46875,1.0,0.875,0.767235926628716,0.5076923076923077,0.5076923076923077,0.6226415094339622,0.75,0.53125,0.53125
hybrid,raindrops,python,lexical_075,0.0,0.75,0.0,0.0,0.232764073371284,0.49230769230769234,0.49230769230769234,0.37735849056603776,0.25,0.46875,0.46875,1.0,0.875,0.767235926628716,0.5076923076923077,0.5076923076923077,0.6226415094339622,0.75,0.53125,0.53125
hybrid,raindrops,python,lexical_100,0.0,1.0,0.0,0.0,0.2324699936828806,0.49230769230769234,0.49230769230769234,0.37735849056603776,0.25,0.46875,0.46875,1.0,0.8333333333333334,0.7675300063171194,0.5076923076923077,0.5076923076923077,0.6226415094339622,0.75,0.53125,0.53125
hybrid,raindrops,python,structural_025,0.0,0.0,0.25,0.0,0.23365079365079366,0.49230769230769234,0.49230769230769234,0.37735849056603776,0.25,0.46875,0.46875,1.0,1.0,0.7663492063492063,0.5076923076923077,0.5076923076923077,0.6226415094339622,0.75,0.53125,0.53125
hybrid,raindrops,python,structural_050,0.0,0.0,0.5,0.0,0.23604874919820398,0.5079365079365079,0.5079365079365079,0.39215686274509803,0.25,0.5,0.5,1.0,0.9166666666666666,0.763951250801796,0.4920634920634921,0.4920634920634921,0.607843137254902,0.75,0.5,0.5
hybrid,raindrops,python,structural_075,0.0,0.0,0.75,0.0,0.23726627981947132,0.5161290322580645,0.5161290322580645,0.4,0.25,0.5172413793103449,0.5172413793103448,1.0,0.875,0.7627337201805287,0.4838709677419355,0.4838709677419355,0.6,0.75,0.48275862068965514,0.48275862068965525
hybrid,raindrops,python,structural_100,0.0,0.0,1.0,0.0,0.23973941368078175,0.5333333333333333,0.5333333333333333,0.4166666666666667,0.25,0.5555555555555556,0.5555555555555556,1.0,0.7916666666666666,0.7602605863192182,0.4666666666666667,0.4666666666666667,0.5833333333333333,0.75,0.4444444444444444,0.4444444444444444
hybrid,raindrops,python,deletion_025,0.0,0.0,0.0,0.25,0.29183187946074546,0.5647058823529412,0.5647058823529412,0.4411764705882353,0.3333333333333333,0.5172413793103449,0.5172413793103448,0.75,1.0,0.7081681205392545,0.43529411764705883,0.43529411764705883,0.5588235294117647,0.6666666666666667,0.48275862068965514,0.48275862068965525
hybrid,raindrops,python,deletion_050,0.0,0.0,0.0,0.5,0.3751274209989806,0.6620689655172414,0.6620689655172414,0.5607476635514018,0.36363636363636365,0.6818181818181818,0.6818181818181818,0.5,1.0,0.6248725790010194,0.33793103448275863,0.33793103448275863,0.4392523364485982,0.6363636363636364,0.31818181818181823,0.31818181818181823
hybrid,raindrops,python,deletion_075,0.0,0.0,0.0,0.75,0.5435745937961596,0.7804878048780488,0.7804878048780488,0.6896551724137931,0.5714285714285714,0.75,0.75,0.25,1.0,0.4564254062038404,0.2195121951219512,0.2195121951219512,0.31034482758620685,0.4285714285714286,0.25,0.25
hybrid,raindrops,python,deletion_100,0.0,0.0,0.0,1.0,1.0,1.0,1.0,1.0,1.0,1.0,1.0,0.0,0.0,0.0,0.0,0.0,0.0,0.0,0.0,0.0
hybrid,raindrops,python,mixed_low,0.25,0.25,0.25,0.25,0.25608907446068196,0.5549132947976878,0.5549132947976878,0.45112781954887216,0.26666666666666666,0.5769230769230769,0.5769230769230769,0.75,0.9444444444444444,0.743910925539318,0.4450867052023122,0.4450867052023122,0.5488721804511278,0.7333333333333334,0.42307692307692313,0.42307692307692313
hybrid,raindrops,python,mixed_high,0.5,0.5,0.5,0.5,0.32139737991266376,0.7007299270072993,0.7007299270072993,0.5825242718446602,0.4444444444444444,0.6818181818181818,0.6818181818181818,0.5,0.6666666666666666,0.6786026200873363,0.2992700729927007,0.2992700729927007,0.41747572815533984,0.5555555555555556,0.31818181818181823,0.31818181818181823
hybrid,raindrops,javascript,baseline,0.0,0.0,0.0,0.0,0.23112278397898883,0.42028985507246375,0.42028985507246375,0.2913907284768212,0.25,0.36585365853658536,0.5365853658536586,1.0,1.0,0.7688772160210111,0.5797101449275363,0.5797101449275363,0.7086092715231789,0.75,0.6341463414634146,0.46341463414634143
hybrid,raindrops,javascript,format_025,0.25,0.0,0.0,0.0,0.20453224869262057,0.42028985507246375,0.42028985507246375,0.2913907284768212,0.25,0.36585365853658536,0.5365853658536586,1.0,1.0,0.7954677513073795,0.5797101449275363,0.5797101449275363,0.7086092715231789,0.75,0.6341463414634146,0.46341463414634143
hybrid,raindrops,javascript,format_050,0.5,0.0,0.0,0.0,0.18342886920270973,0.42028985507246375,0.42028985507246375,0.2913907284768212,0.25,0.36585365853658536,0.5365853658536586,1.0,1.0,0.8165711307972903,0.5797101449275363,0.5797101449275363,0.7086092715231789,0.75,0.6341463414634146,0.46341463414634143
hybrid,raindrops,javascript,format_100,1.0,0.0,0.0,0.0,0.15205183585313176,0.42028985507246375,0.42028985507246375,0.2913907284768212,0.25,0.36585365853658536,0.5365853658536586,1.0,1.0,0.8479481641468682,0.5797101449275363,0.5797101449275363,0.7086092715231789,0.75,0.6341463414634146,0.46341463414634143
hybrid,raindrops,javascript,lexical_025,0.0,0.25,0.0,0.0,0.23081967213114754,0.42028985507246375,0.42028985507246375,0.2913907284768212,0.25,0.36585365853658536,0.5365853658536586,1.0,0.9583333333333334,0.7691803278688525,0.5797101449275363,0.5797101449275363,0.7086092715231789,0.75,0.6341463414634146,0.46341463414634143
hybrid,raindrops,javascript,lexical_050,0.0,0.5,0.0,0.0,0.23081967213114754,0.42028985507246375,0.42028985507246375,0.2913907284768212,0.25,0.36585365853658536,0.5365853658536586,1.0,0.9583333333333334,0.7691803278688525,0.5797101449275363,0.5797101449275363,0.7086092715231789,0.75,0.6341463414634146,0.46341463414634143
hybrid,raindrops,javascript,lexical_075,0.0,0.75,0.0,0.0,0.2302158273381295,0.42028985507246375,0.42028985507246375,0.2913907284768212,0.25,0.36585365853658536,0.5365853658536586,1.0,0.875,0.7697841726618705,0.5797101449275363,0.5797101449275363,0.7086092715231789,0.75,0.6341463414634146,0.46341463414634143
hybrid,raindrops,javascript,lexical_100,0.0,1.0,0.0,0.0,0.2302158273381295,0.42028985507246375,0.42028985507246375,0.2913907284768212,0.25,0.36585365853658536,0.5365853658536586,1.0,0.875,0.7697841726618705,0.5797101449275363,0.5797101449275363,0.7086092715231789,0.75,0.6341463414634146,0.46341463414634143
hybrid,raindrops,javascript,structural_025,0.0,0.0,0.25,0.0,0.2354515050167224,0.43283582089552236,0.43283582089552236,0.3120567375886525,0.25,0.40540540540540543,0.5405405405405406,1.0,0.9166666666666666,0.7645484949832776,0.5671641791044777,0.5671641791044777,0.6879432624113475,0.75,0.5945945945945945,0.45945945945945943
hybrid,raindrops,javascript,structural_050,0.0,0.0,0.5,0.0,0.23994546693933197,0.4461538461538462,0.4461538461538462,0.33587786259541985,0.25,0.45454545454545453,0.5454545454545455,1.0,0.8333333333333334,0.7600545330606681,0.5538461538461539,0.5538461538461539,0.6641221374045801,0.75,0.5454545454545454,0.4545454545454545
hybrid,raindrops,javascript,structural_075,0.0,0.0,0.75,0.0,0.24225739848589126,0.453125,0.453125,0.3492063492063492,0.25,0.4838709677419355,0.5483870967741935,1.0,0.7916666666666666,0.7577426015141088,0.546875,0.546875,0.6507936507936508,0.75,0.5161290322580645,0.4516129032258065
hybrid,raindrops,javascript,structural_100,0.0,0.0,1.0,0.0,0.24701754385964914,0.46774193548387094,0.46774193548387094,0.3793103448275862,0.25,0.5555555555555556,0.5555555555555556,1.0,0.7083333333333334,0.7529824561403509,0.532258064516129,0.532258064516129,0.6206896551724138,0.75,0.4444444444444444,0.4444444444444444
hybrid,raindrops,javascript,deletion_025,0.0,0.0,0.0,0.25,0.28137490007993604,0.47540983606557374,0.47540983606557374,0.33587786259541985,0.2857142857142857,0.40540540540540543,0.5945945945945946,0.75,1.0,0.718625099920064,0.5245901639344263,0.5245901639344263,0.6641221374045801,0.7142857142857143,0.5945945945945945,0.4054054054054054
hybrid,raindrops,javascript,deletion_050,0.0,0.0,0.0,0.5,0.38136511375947996,0.6170212765957447,0.6170212765957447,0.46808510638297873,0.5,0.5555555555555556,0.6296296296296297,0.5,1.0,0.61863488624052,0.3829787234042553,0.3829787234042553,0.5319148936170213,0.5,0.4444444444444444,0.37037037037037035
hybrid,raindrops,javascript,deletion_075,0.0,0.0,0.0,0.75,0.5423728813559322,0.7388535031847133,0.7388535031847133,0.6111111111111112,0.5714285714285714,0.6818181818181818,0.7727272727272727,0.25,1.0,0.4576271186440678,0.2611464968152867,0.2611464968152867,0.38888888888888884,0.4285714285714286,0.31818181818181823,0.2272727272727273
hybrid,raindrops,javascript,deletion_100,0.0,0.0,0.0,1.0,1.0,1.0,1.0,1.0,1.0,1.0,1.0,0.0,0.0,0.0,0.0,0.0,0.0,0.0,0.0,0.0
hybrid,raindrops,javascript,mixed_low,0.25,0.25,0.25,0.25,0.25977859778597784,0.4915254237288136,0.4915254237288136,0.36363636363636365,0.2857142857142857,0.45454545454545453,0.6060606060606061,0.75,0.9444444444444444,0.7402214022140221,0.5084745762711864,0.5084745762711864,0.6363636363636364,0.7142857142857143,0.5454545454545454,0.3939393939393939
hybrid,raindrops,javascript,mixed_high,0.5,0.5,0.5,0.5,0.32087511394712853,0.6203208556149733,0.6203208556149733,0.5301204819277109,0.36363636363636365,0.6818181818181818,0.7272727272727273,0.5,0.8333333333333334,0.6791248860528715,0.3796791443850267,0.3796791443850267,0.4698795180722891,0.6363636363636364,0.31818181818181823,0.2727272727272727
hybrid,grains,python,baseline,0.0,0.0,0.0,0.0,0.08237986270022883,0.2608695652173913,0.2608695652173913,0.13559322033898305,0.07692307692307693,0.18181818181818182,0.18181818181818188,1.0,1.0,0.9176201372997712,0.7391304347826086,0.7391304347826086,0.864406779661017,0.9230769230769231,0.8181818181818181,0.8181818181818181
hybrid,grains,python,format_025,0.25,0.0,0.0,0.0,0.07128712871287128,0.2608695652173913,0.2608695652173913,0.13559322033898305,0.07692307692307693,0.18181818181818182,0.18181818181818188,1.0,1.0,0.9287128712871288,0.7391304347826086,0.7391304347826086,0.864406779661017,0.9230769230769231,0.8181818181818181,0.8181818181818181
hybrid,grains,python,format_050,0.5,0.0,0.0,0.0,0.06282722513089005,0.2608695652173913,0.2608695652173913,0.13559322033898305,0.07692307692307693,0.18181818181818182,0.18181818181818188,1.0,1.0,0.93717277486911,0.7391304347826086,0.7391304347826086,0.864406779661017,0.9230769230769231,0.8181818181818181,0.8181818181818181
hybrid,grains,python,format_100,1.0,0.0,0.0,0.0,0.05077574047954866,0.2608695652173913,0.2608695652173913,0.13559322033898305,0.07692307692307693,0.18181818181818182,0.18181818181818188,1.0,1.0,0.9492242595204513,0.7391304347826086,0.7391304347826086,0.864406779661017,0.9230769230769231,0.8181818181818181,0.8181818181818181
hybrid,grains,python,lexical_025,0.0,0.25,0.0,0.0,0.08200455580865604,0.2608695652173913,0.2608695652173913,0.13559322033898305,0.07692307692307693,0.18181818181818182,0.18181818181818188,1.0,0.875,0.9179954441913439,0.7391304347826086,0.7391304347826086,0.864406779661017,0.9230769230769231,0.8181818181818181,0.8181818181818181
hybrid,grains,python,lexical_050,0.0,0.5,0.0,0.0,0.0817562452687358,0.2608695652173913,0.2608695652173913,0.13559322033898305,0.07692307692307693,0.18181818181818182,0.18181818181818188,1.0,0.7916666666666666,0.9182437547312642,0.7391304347826086,0.7391304347826086,0.864406779661017,0.9230769230769231,0.8181818181818181,0.8181818181818181
hybrid,grains,python,lexical_075,0.0,0.75,0.0,0.0,0.08150943396226415,0.2608695652173913,0.2608695652173913,0.13559322033898305,0.07692307692307693,0.18181818181818182,0.18181818181818188,1.0,0.7083333333333334,0.9184905660377358,0.7391304347826086,0.7391304347826086,0.864406779661017,0.9230769230769231,0.8181818181818181,0.8181818181818181
hybrid,grains,python,lexical_100,0.0,1.0,0.0,0.0,0.0811419984973704,0.2608695652173913,0.2608695652173913,0.13559322033898305,0.07692307692307693,0.18181818181818182,0.18181818181818188,1.0,0.5833333333333334,0.9188580015026296,0.7391304347826086,0.7391304347826086,0.864406779661017,0.9230769230769231,0.8181818181818181,0.8181818181818181
hybrid,grains,python,structural_025,0.0,0.0,0.25,0.0,0.08288564850345356,0.26666666666666666,0.26666666666666666,0.1391304347826087,0.07692307692307693,0.19047619047619047,0.19047619047619047,1.0,0.9583333333333334,0.9171143514965464,0.7333333333333334,0.7333333333333334,0.8608695652173913,0.9230769230769231,0.8095238095238095,0.8095238095238095
hybrid,grains,python,structural_050,0.0,0.0,0.5,0.0,0.08391608391608392,0.27906976744186046,0.27906976744186046,0.14678899082568808,0.07692307692307693,0.21052631578947367,0.21052631578947367,1.0,0.875,0.916083916083916,0.7209302325581395,0.7209302325581395,0.8532110091743119,0.9230769230769231,0.7894736842105263,0.7894736842105263
hybrid,grains,python,structural_075,0.0,0.0,0.75,0.0,0.08391608391608392,0.27906976744186046,0.27906976744186046,0.14678899082568808,0.07692307692307693,0.21052631578947367,0.21052631578947367,1.0,0.875,0.916083916083916,0.7209302325581395,0.7209302325581395,0.8532110091743119,0.9230769230769231,0.7894736842105263,0.7894736842105263
hybrid,grains,python,structural_100,0.0,0.0,1.0,0.0,0.0855106888361045,0.3,0.3,0.16,0.07692307692307693,0.25,0.25,1.0,0.75,0.9144893111638955,0.7,0.7,0.84,0.9230769230769231,0.75,0.75
hybrid,grains,python,deletion_025,0.0,0.0,0.0,0.25,0.1027592768791627,0.3025210084033613,0.3025210084033613,0.16842105263157894,0.08333333333333333,0.23529411764705882,0.23529411764705888,0.75,1.0,0.8972407231208372,0.6974789915966386,0.6974789915966386,0.8315789473684211,0.9166666666666666,0.7647058823529411,0.7647058823529411
hybrid,grains,python,deletion_050,0.0,0.0,0.0,0.5,0.15362731152204837,0.42857142857142855,0.42857142857142855,0.25,0.14285714285714285,0.3333333333333333,0.33333333333333326,0.5,1.0,0.8463726884779517,0.5714285714285714,0.5714285714285714,0.75,0.8571428571428572,0.6666666666666667,0.6666666666666667
hybrid,grains,python,deletion_075,0.0,0.0,0.0,0.75,0.26277372262773724,0.5714285714285714,0.5714285714285714,0.37209302325581395,0.25,0.4444444444444444,0.4444444444444444,0.25,1.0,0.7372262773722628,0.4285714285714286,0.4285714285714286,0.627906976744186,0.75,0.5555555555555556,0.5555555555555556
hybrid,grains,python,deletion_100,0.0,0.0,0.0,1.0,1.0,1.0,1.0,1.0,1.0,1.0,1.0,0.0,0.0,0.0,0.0,0.0,0.0,0.0,0.0,0.0
hybrid,grains,python,mixed_low,0.25,0.25,0.25,0.25,0.09582963620230701,0.3364485981308411,0.3364485981308411,0.1797752808988764,0.1111111111111111,0.23529411764705882,0.23529411764705888,0.75,0.7777777777777778,0.904170363797693,0.6635514018691588,0.6635514018691588,0.8202247191011236,0.8888888888888888,0.7647058823529411,0.7647058823529411
hybrid,grains,python,mixed_high,0.5,0.5,0.5,0.5,0.1188118811881188,0.42857142857142855,0.42857142857142855,0.25,0.14285714285714285,0.3333333333333333,0.33333333333333326,0.5,0.8333333333333334,0.8811881188118812,0.5714285714285714,0.5714285714285714,0.75,0.8571428571428572,0.6666666666666667,0.6666666666666667
hybrid,grains,javascript,baseline,0.0,0.0,0.0,0.0,0.11683320522674866,0.24271844660194175,0.24271844660194175,0.14285714285714285,0.07692307692307693,0.2,0.5333333333333333,1.0,1.0,0.8831667947732513,0.7572815533980582,0.7572815533980582,0.8571428571428572,0.9230769230769231,0.8,0.4666666666666667
hybrid,grains,javascript,format_025,0.25,0.0,0.0,0.0,0.10140093395597065,0.24271844660194175,0.24271844660194175,0.14285714285714285,0.07692307692307693,0.2,0.5333333333333333,1.0,1.0,0.8985990660440294,0.7572815533980582,0.7572815533980582,0.8571428571428572,0.9230769230769231,0.8,0.4666666666666667
hybrid,grains,javascript,format_050,0.5,0.0,0.0,0.0,0.08956982911019445,0.24271844660194175,0.24271844660194175,0.14285714285714285,0.07692307692307693,0.2,0.5333333333333333,1.0,1.0,0.9104301708898055,0.7572815533980582,0.7572815533980582,0.8571428571428572,0.9230769230769231,0.8,0.4666666666666667
hybrid,grains,javascript,format_100,1.0,0.0,0.0,0.0,0.07262302914476827,0.24271844660194175,0.24271844660194175,0.14285714285714285,0.07692307692307693,0.2,0.5333333333333333,1.0,1.0,0.9273769708552317,0.7572815533980582,0.7572815533980582,0.8571428571428572,0.9230769230769231,0.8,0.4666666666666667
hybrid,grains,javascript,lexical_025,0.0,0.25,0.0,0.0,0.11665387567152724,0.24271844660194175,0.24271844660194175,0.14285714285714285,0.07692307692307693,0.2,0.5333333333333333,1.0,0.9583333333333334,0.8833461243284728,0.7572815533980582,0.7572815533980582,0.8571428571428572,0.9230769230769231,0.8,0.4666666666666667
hybrid,grains,javascript,lexical_050,0.0,0.5,0.0,0.0,0.11629686304514154,0.24271844660194175,0.24271844660194175,0.14285714285714285,0.07692307692307693,0.2,0.5333333333333333,1.0,0.875,0.8837031369548585,0.7572815533980582,0.7572815533980582,0.8571428571428572,0.9230769230769231,0.8,0.4666666666666667
hybrid,grains,javascript,lexical_075,0.0,0.75,0.0,0.0,0.11576542269611577,0.24271844660194175,0.24271844660194175,0.14285714285714285,0.07692307692307693,0.2,0.43333333333333335,1.0,0.75,0.8842345773038842,0.7572815533980582,0.7572815533980582,0.8571428571428572,0.9230769230769231,0.8,0.5666666666666667
hybrid,grains,javascript,lexical_100,0.0,1.0,0.0,0.0,0.1155893536121673,0.24271844660194175,0.24271844660194175,0.14285714285714285,0.07692307692307693,0.2,0.4,1.0,0.7083333333333334,0.8844106463878327,0.7572815533980582,0.7572815533980582,0.8571428571428572,0.9230769230769231,0.8,0.6
hybrid,grains,javascript,structural_025,0.0,0.0,0.25,0.0,0.12073073868149325,0.25773195876288657,0.25773195876288657,0.16346153846153846,0.07692307692307693,0.25,0.5,1.0,0.875,0.8792692613185067,0.7422680412371134,0.7422680412371134,0.8365384615384616,0.9230769230769231,0.75,0.5
hybrid,grains,javascript,structural_050,0.0,0.0,0.5,0.0,0.11940298507462686,0.25252525252525254,0.25252525252525254,0.1559633027522936,0.07692307692307693,0.23076923076923078,0.5128205128205128,1.0,0.9166666666666666,0.8805970149253731,0.7474747474747474,0.7474747474747474,0.8440366972477065,0.9230769230769231,0.7692307692307692,0.4871794871794872
hybrid,grains,javascript,structural_075,0.0,0.0,0.75,0.0,0.12073073868149325,0.25773195876288657,0.25773195876288657,0.16346153846153846,0.07692307692307693,0.25,0.5,1.0,0.875,0.8792692613185067,0.7422680412371134,0.7422680412371134,0.8365384615384616,0.9230769230769231,0.75,0.5
hybrid,grains,javascript,structural_100,0.0,0.0,1.0,0.0,0.12489728841413311,0.27472527472527475,0.27472527472527475,0.19101123595505617,0.07692307692307693,0.3333333333333333,0.4444444444444444,1.0,0.75,0.8751027115858669,0.7252747252747253,0.7252747252747253,0.8089887640449438,0.9230769230769231,0.6666666666666667,0.5555555555555556
hybrid,grains,javascript,deletion_025,0.0,0.0,0.0,0.25,0.14858260019550343,0.2976190476190476,0.2976190476190476,0.17346938775510204,0.1111111111111111,0.23076923076923078,0.5512820512820513,0.75,1.0,0.8514173998044966,0.7023809523809523,0.7023809523809523,0.826530612244898,0.8888888888888888,0.7692307692307692,0.4487179487179487
hybrid,grains,javascript,deletion_050,0.0,0.0,0.0,0.5,0.21378340365682139,0.4,0.4,0.2786885245901639,0.125,0.4,0.6333333333333333,0.5,1.0,0.7862165963431786,0.6,0.6,0.7213114754098361,0.875,0.6,0.3666666666666667
hybrid,grains,javascript,deletion_075,0.0,0.0,0.0,0.75,0.34467120181405897,0.5434782608695652,0.5434782608695652,0.3953488372093023,0.2,0.5,0.75,0.25,1.0,0.655328798185941,0.4565217391304348,0.4565217391304348,0.6046511627906976,0.8,0.5,0.25
hybrid,grains,javascript,deletion_100,0.0,0.0,0.0,1.0,1.0,1.0,1.0,1.0,1.0,1.0,1.0,0.0,0.0,0.0,0.0,0.0,0.0,0.0,0.0,0.0
hybrid,grains,javascript,mixed_low,0.25,0.25,0.25,0.25,0.13487133984028393,0.30864197530864196,0.30864197530864196,0.20238095238095238,0.09090909090909091,0.3,0.55,0.75,0.7777777777777778,0.8651286601597161,0.691358024691358,0.691358024691358,0.7976190476190477,0.9090909090909091,0.7,0.44999999999999996
hybrid,grains,javascript,mixed_high,0.5,0.5,0.5,0.5,0.1643243243243243,0.390625,0.390625,0.25,0.14285714285714285,0.3333333333333333,0.6111111111111112,0.5,1.0,0.8356756756756757,0.609375,0.609375,0.75,0.8571428571428572,0.6666666666666667,0.38888888888888884
hybrid,hamming,python,baseline,0.0,0.0,0.0,0.0,0.19136212624584717,0.450261780104712,0.450261780104712,0.3092105263157895,0.25,0.4722222222222222,0.4722222222222222,1.0,1.0,0.8086378737541529,0.549738219895288,0.549738219895288,0.6907894736842105,0.75,0.5277777777777778,0.5277777777777778
hybrid,hamming,python,format_025,0.25,0.0,0.0,0.0,0.16851960210649503,0.450261780104712,0.450261780104712,0.3092105263157895,0.25,0.4722222222222222,0.4722222222222222,1.0,1.0,0.831480397893505,0.549738219895288,0.549738219895288,0.6907894736842105,0.75,0.5277777777777778,0.5277777777777778
hybrid,hamming,python,format_050,0.5,0.0,0.0,0.0,0.1505488761108207,0.450261780104712,0.450261780104712,0.3092105263157895,0.25,0.4722222222222222,0.4722222222222222,1.0,1.0,0.8494511238891793,0.549738219895288,0.549738219895288,0.6907894736842105,0.75,0.5277777777777778,0.5277777777777778
hybrid,hamming,python,format_100,1.0,0.0,0.0,0.0,0.12408444635932787,0.450261780104712,0.450261780104712,0.3092105263157895,0.25,0.4722222222222222,0.4722222222222222,1.0,1.0,0.8759155536406721,0.549738219895288,0.549738219895288,0.6907894736842105,0.75,0.5277777777777778,0.5277777777777778
hybrid,hamming,python,lexical_025,0.0,0.25,0.0,0.0,0.19060225016545335,0.450261780104712,0.450261780104712,0.3092105263157895,0.25,0.4722222222222222,0.4722222222222222,1.0,0.875,0.8093977498345466,0.549738219895288,0.549738219895288,0.6907894736842105,0.75,0.5277777777777778,0.5277777777777778
hybrid,hamming,python,lexical_050,0.0,0.5,0.0,0.0,0.1908548707753479,0.450261780104712,0.450261780104712,0.3092105263157895,0.25,0.4722222222222222,0.4722222222222222,1.0,0.9166666666666666,0.8091451292246521,0.549738219895288,0.549738219895288,0.6907894736842105,0.75,0.5277777777777778,0.5277777777777778
hybrid,hamming,python,lexical_075,0.0,0.75,0.0,0.0,0.1900990099009901,0.450261780104712,0.450261780104712,0.3092105263157895,0.25,0.4722222222222222,0.4722222222222222,1.0,0.7916666666666666,0.80990099009901,0.549738219895288,0.549738219895288,0.6907894736842105,0.75,0.5277777777777778,0.5277777777777778
hybrid,hamming,python,lexical_100,0.0,1.0,0.0,0.0,0.18959842001316657,0.450261780104712,0.450261780104712,0.3092105263157895,0.25,0.4722222222222222,0.4722222222222222,1.0,0.7083333333333334,0.8104015799868334,0.549738219895288,0.549738219895288,0.6907894736842105,0.75,0.5277777777777778,0.5277777777777778
hybrid,hamming,python,structural_025,0.0,0.0,0.25,0.0,0.19136212624584717,0.450261780104712,0.450261780104712,0.3092105263157895,0.25,0.4722222222222222,0.4722222222222222,1.0,1.0,0.8086378737541529,0.549738219895288,0.549738219895288,0.6907894736842105,0.75,0.5277777777777778,0.5277777777777778
hybrid,hamming,python,structural_050,0.0,0.0,0.5,0.0,0.19658703071672354,0.48863636363636365,0.48863636363636365,0.34306569343065696,0.25,0.5483870967741935,0.5483870967741935,1.0,0.7916666666666666,0.8034129692832764,0.5113636363636364,0.5113636363636364,0.656934306569343,0.75,0.4516129032258065,0.4516129032258065
hybrid,hamming,python,structural_075,0.0,0.0,0.75,0.0,0.19766643788606725,0.49710982658959535,0.49710982658959535,0.35074626865671643,0.25,0.5666666666666667,0.5666666666666667,1.0,0.75,0.8023335621139327,0.5028901734104047,0.5028901734104047,0.6492537313432836,0.75,0.43333333333333335,0.43333333333333335
hybrid,hamming,python,structural_100,0.0,0.0,1.0,0.0,0.19875776397515527,0.5058823529411764,0.5058823529411764,0.35877862595419846,0.25,0.5862068965517241,0.5862068965517241,1.0,0.7083333333333334,0.8012422360248448,0.49411764705882355,0.49411764705882355,0.6412213740458015,0.75,0.4137931034482759,0.4137931034482759
hybrid,hamming,python,deletion_025,0.0,0.0,0.0,0.25,0.24060150375939848,0.524390243902439,0.524390243902439,0.376,0.3076923076923077,0.5483870967741935,0.5483870967741935,0.75,1.0,0.7593984962406015,0.47560975609756095,0.47560975609756095,0.624,0.6923076923076923,0.4516129032258065,0.4516129032258065
hybrid,hamming,python,deletion_050,0.0,0.0,0.0,0.5,0.3175303197353914,0.6013986013986014,0.6013986013986014,0.4519230769230769,0.4,0.6071428571428571,0.6071428571428571,0.5,1.0,0.6824696802646086,0.39860139860139865,0.39860139860139865,0.5480769230769231,0.6,0.3928571428571429,0.3928571428571429
hybrid,hamming,python,deletion_075,0.0,0.0,0.0,0.75,0.4622792937399679,0.7166666666666667,0.7166666666666667,0.5949367088607594,0.5,0.7391304347826086,0.7391304347826086,0.25,1.0,0.5377207062600321,0.2833333333333333,0.2833333333333333,0.40506329113924056,0.5,0.26086956521739135,0.26086956521739135
hybrid,hamming,python,deletion_100,0.0,0.0,0.0,1.0,1.0,1.0,1.0,1.0,1.0,1.0,1.0,0.0,0.0,0.0,0.0,0.0,0.0,0.0,0.0,0.0
hybrid,hamming,python,mixed_low,0.25,0.25,0.25,0.25,0.21768707482993196,0.5443037974683544,0.5443037974683544,0.3949579831932773,0.3076923076923077,0.5862068965517241,0.5862068965517241,0.75,0.7777777777777778,0.782312925170068,0.45569620253164556,0.45569620253164556,0.6050420168067228,0.6923076923076923,0.4137931034482759,0.4137931034482759
hybrid,hamming,python,mixed_high,0.5,0.5,0.5,0.5,0.2689075630252101,0.6615384615384615,0.6615384615384615,0.5053763440860215,0.4444444444444444,0.68,0.6799999999999999,0.5,0.6666666666666666,0.73109243697479,0.3384615384615385,0.3384615384615385,0.4946236559139785,0.5555555555555556,0.31999999999999995,0.32000000000000006
hybrid,hamming,javascript,baseline,0.0,0.0,0.0,0.0,0.2703037817730936,0.45695364238410596,0.45695364238410596,0.30434782608695654,0.29411764705882354,0.42857142857142855,0.5918367346938775,1.0,1.0,0.7296962182269064,0.543046357615894,0.543046357615894,0.6956521739130435,0.7058823529411764,0.5714285714285714,0.40816326530612246
hybrid,hamming,javascript,format_025,0.25,0.0,0.0,0.0,0.24075096631695195,0.45695364238410596,0.45695364238410596,0.30434782608695654,0.29411764705882354,0.42857142857142855,0.5918367346938775,1.0,1.0,0.7592490336830481,0.543046357615894,0.543046357615894,0.6956521739130435,0.7058823529411764,0.5714285714285714,0.40816326530612246
hybrid,hamming,javascript,format_050,0.5,0.0,0.0,0.0,0.21702339472374316,0.45695364238410596,0.45695364238410596,0.30434782608695654,0.29411764705882354,0.42857142857142855,0.5918367346938775,1.0,1.0,0.7829766052762568,0.543046357615894,0.543046357615894,0.6956521739130435,0.7058823529411764,0.5714285714285714,0.40816326530612246
hybrid,hamming,javascript,format_100,1.0,0.0,0.0,0.0,0.1812889812889813,0.45695364238410596,0.45695364238410596,0.30434782608695654,0.29411764705882354,0.42857142857142855,0.5918367346938775,1.0,1.0,0.8187110187110187,0.543046357615894,0.543046357615894,0.6956521739130435,0.7058823529411764,0.5714285714285714,0.40816326530612246
hybrid,hamming,javascript,lexical_025,0.0,0.25,0.0,0.0,0.26996904024767804,0.45695364238410596,0.45695364238410596,0.30434782608695654,0.29411764705882354,0.42857142857142855,0.5918367346938775,1.0,0.9583333333333334,0.730030959752322,0.543046357615894,0.543046357615894,0.6956521739130435,0.7058823529411764,0.5714285714285714,0.40816326530612246
hybrid,hamming,javascript,lexical_050,0.0,0.5,0.0,0.0,0.26930203829524396,0.45695364238410596,0.45695364238410596,0.30434782608695654,0.29411764705882354,0.42857142857142855,0.5918367346938775,1.0,0.875,0.730697961704756,0.543046357615894,0.543046357615894,0.6956521739130435,0.7058823529411764,0.5714285714285714,0.40816326530612246
hybrid,hamming,javascript,lexical_075,0.0,0.75,0.0,0.0,0.2683076923076923,0.45695364238410596,0.45695364238410596,0.30434782608695654,0.29411764705882354,0.42857142857142855,0.5918367346938775,1.0,0.75,0.7316923076923076,0.543046357615894,0.543046357615894,0.6956521739130435,0.7058823529411764,0.5714285714285714,0.40816326530612246
hybrid,hamming,javascript,lexical_100,0.0,1.0,0.0,0.0,0.2679778733866011,0.45695364238410596,0.45695364238410596,0.30434782608695654,0.29411764705882354,0.42857142857142855,0.5918367346938775,1.0,0.7083333333333334,0.7320221266133988,0.543046357615894,0.543046357615894,0.6956521739130435,0.7058823529411764,0.5714285714285714,0.40816326530612246
hybrid,hamming,javascript,structural_025,0.0,0.0,0.25,0.0,0.2750788643533123,0.46938775510204084,0.46938775510204084,0.32450331125827814,0.29411764705882354,0.4666666666666667,0.6,1.0,0.9166666666666666,0.7249211356466877,0.5306122448979591,0.5306122448979591,0.6754966887417219,0.7058823529411764,0.5333333333333333,0.4
hybrid,hamming,javascript,structural_050,0.0,0.0,0.5,0.0,0.2800256904303147,0.4825174825174825,0.4825174825174825,0.3475177304964539,0.29411764705882354,0.5121951219512195,0.6097560975609756,1.0,0.8333333333333334,0.7199743095696853,0.5174825174825175,0.5174825174825175,0.6524822695035462,0.7058823529411764,0.4878048780487805,0.3902439024390244
hybrid,hamming,javascript,structural_075,0.0,0.0,0.75,0.0,0.2825664290343487,0.48936170212765956,0.48936170212765956,0.3602941176470588,0.29411764705882354,0.5384615384615384,0.6153846153846154,1.0,0.7916666666666666,0.7174335709656513,0.5106382978723405,0.5106382978723405,0.6397058823529411,0.7058823529411764,0.46153846153846156,0.3846153846153846
hybrid,hamming,javascript,structural_100,0.0,0.0,1.0,0.0,0.290473017988008,0.5111111111111111,0.5111111111111111,0.4049586776859504,0.29411764705882354,0.6363636363636364,0.6363636363636364,1.0,0.6666666666666666,0.709526982011992,0.48888888888888893,0.48888888888888893,0.5950413223140496,0.7058823529411764,0.36363636363636365,0.36363636363636365
hybrid,hamming,javascript,deletion_025,0.0,0.0,0.0,0.25,0.3275732531930879,0.5207547169811321,0.5207547169811321,0.35507246376811596,0.35714285714285715,0.4772727272727273,0.6363636363636364,0.75,1.0,0.6724267468069121,0.47924528301886793,0.47924528301886793,0.644927536231884,0.6428571428571428,0.5227272727272727,0.36363636363636365
hybrid,hamming,javascript,deletion_050,0.0,0.0,0.0,0.5,0.420443587270974,0.6160714285714286,0.6160714285714286,0.44545454545454544,0.45454545454545453,0.5675675675675675,0.7027027027027027,0.5,1.0,0.579556412729026,0.3839285714285714,0.3839285714285714,0.5545454545454546,0.5454545454545454,0.43243243243243246,0.29729729729729726
hybrid,hamming,javascript,deletion_075,0.0,0.0,0.0,0.75,0.6013793103448276,0.7666666666666667,0.7666666666666667,0.6533333333333333,0.5555555555555556,0.7777777777777778,0.8518518518518519,0.25,1.0,0.3986206896551724,0.23333333333333328,0.23333333333333328,0.3466666666666667,0.4444444444444444,0.2222222222222222,0.14814814814814814
hybrid,hamming,javascript,deletion_100,0.0,0.0,0.0,1.0,1.0,1.0,1.0,1.0,1.0,1.0,1.0,0.0,0.0,0.0,0.0,0.0,0.0,0.0,0.0,0.0
hybrid,hamming,javascript,mixed_low,0.25,0.25,0.25,0.25,0.3055360896986685,0.5476190476190477,0.5476190476190477,0.392,0.38461538461538464,0.5384615384615384,0.6410256410256411,0.75,0.8888888888888888,0.6944639103013315,0.45238095238095233,0.45238095238095233,0.608,0.6153846153846154,0.46153846153846156,0.3589743589743589
hybrid,hamming,javascript,mixed_high,0.5,0.5,0.5,0.5,0.3642439431913116,0.6540284360189573,0.6540284360189573,0.5051546391752577,0.5,0.65625,0.71875,0.5,0.8333333333333334,0.6357560568086884,0.3459715639810427,0.3459715639810427,0.4948453608247423,0.5,0.34375,0.28125
hybrid,isogram,python,baseline,0.0,0.0,0.0,0.0,0.16468946266573622,0.4418604651162791,0.4418604651162791,0.28888888888888886,0.2,0.4666666666666667,0.4666666666666667,1.0,1.0,0.8353105373342637,0.5581395348837209,0.5581395348837209,0.7111111111111111,0.8,0.5333333333333333,0.5333333333333333
hybrid,isogram,python,format_025,0.25,0.0,0.0,0.0,0.14416615760537568,0.4418604651162791,0.4418604651162791,0.28888888888888886,0.2,0.4666666666666667,0.4666666666666667,1.0,1.0,0.8558338423946243,0.5581395348837209,0.5581395348837209,0.7111111111111111,0.8,0.5333333333333333,0.5333333333333333
hybrid,isogram,python,format_050,0.5,0.0,0.0,0.0,0.12819120043454643,0.4418604651162791,0.4418604651162791,0.28888888888888886,0.2,0.4666666666666667,0.4666666666666667,1.0,1.0,0.8718087995654535,0.5581395348837209,0.5581395348837209,0.7111111111111111,0.8,0.5333333333333333,0.5333333333333333
hybrid,isogram,python,format_100,1.0,0.0,0.0,0.0,0.10493552690084482,0.4418604651162791,0.4418604651162791,0.28888888888888886,0.2,0.4666666666666667,0.4666666666666667,1.0,1.0,0.8950644730991552,0.5581395348837209,0.5581395348837209,0.7111111111111111,0.8,0.5333333333333333,0.5333333333333333
hybrid,isogram,python,lexical_025,0.0,0.25,0.0,0.0,0.16445993031358885,0.4418604651162791,0.4418604651162791,0.28888888888888886,0.2,0.4666666666666667,0.4666666666666667,1.0,0.9583333333333334,0.8355400696864111,0.5581395348837209,0.5581395348837209,0.7111111111111111,0.8,0.5333333333333333,0.5333333333333333
hybrid,isogram,python,lexical_050,0.0,0.5,0.0,0.0,0.16400277970813065,0.4418604651162791,0.4418604651162791,0.28888888888888886,0.2,0.4666666666666667,0.4666666666666667,1.0,0.875,0.8359972202918693,0.5581395348837209,0.5581395348837209,0.7111111111111111,0.8,0.5333333333333333,0.5333333333333333
hybrid,isogram,python,lexical_075,0.0,0.75,0.0,0.0,0.16354816354816354,0.4418604651162791,0.4418604651162791,0.28888888888888886,0.2,0.4666666666666667,0.4666666666666667,1.0,0.7916666666666666,0.8364518364518365,0.5581395348837209,0.5581395348837209,0.7111111111111111,0.8,0.5333333333333333,0.5333333333333333
hybrid,isogram,python,lexical_100,0.0,1.0,0.0,0.0,0.16354816354816354,0.4418604651162791,0.4418604651162791,0.28888888888888886,0.2,0.4666666666666667,0.4666666666666667,1.0,0.7916666666666666,0.8364518364518365,0.5581395348837209,0.5581395348837209,0.7111111111111111,0.8,0.5333333333333333,0.5333333333333333
hybrid,isogram,python,structural_025,0.0,0.0,0.25,0.0,0.1656140350877193,0.44970414201183434,0.44970414201183434,0.29545454545454547,0.2,0.4827586206896552,0.48275862068965525,1.0,0.9583333333333334,0.8343859649122807,0.5502958579881656,0.5502958579881656,0.7045454545454546,0.8,0.5172413793103448,0.5172413793103448
hybrid,isogram,python,structural_050,0.0,0.0,0.5,0.0,0.16654904728299225,0.4578313253012048,0.4578313253012048,0.3023255813953488,0.2,0.5,0.5,1.0,0.9166666666666666,0.8334509527170078,0.5421686746987953,0.5421686746987953,0.6976744186046512,0.8,0.5,0.5
hybrid,isogram,python,structural_075,0.0,0.0,0.75,0.0,0.16749467707594037,0.4662576687116564,0.4662576687116564,0.30952380952380953,0.2,0.5185185185185185,0.5185185185185185,1.0,0.875,0.8325053229240597,0.5337423312883436,0.5337423312883436,0.6904761904761905,0.8,0.4814814814814815,0.4814814814814815
hybrid,isogram,python,structural_100,0.0,0.0,1.0,0.0,0.1684511063526053,0.475,0.475,0.3170731707317073,0.2,0.5384615384615384,0.5384615384615384,1.0,0.8333333333333334,0.8315488936473947,0.525,0.525,0.6829268292682926,0.8,0.46153846153846156,0.46153846153846156
hybrid,isogram,python,deletion_025,0.0,0.0,0.0,0.25,0.2050390964378801,0.5,0.5,0.34513274336283184,0.23076923076923078,0.5384615384615384,0.5384615384615384,0.75,1.0,0.7949609035621199,0.5,0.5,0.6548672566371682,0.7692307692307692,0.46153846153846156,0.46153846153846156
hybrid,isogram,python,deletion_050,0.0,0.0,0.0,0.5,0.29316770186335406,0.6229508196721312,0.6229508196721312,0.43820224719101125,0.42857142857142855,0.5833333333333334,0.5833333333333334,0.5,1.0,0.7068322981366459,0.3770491803278688,0.3770491803278688,0.5617977528089888,0.5714285714285714,0.41666666666666663,0.41666666666666663
hybrid,isogram,python,deletion_075,0.0,0.0,0.0,0.75,0.4206773618538324,0.7450980392156863,0.7450980392156863,0.639344262295082,0.375,0.875,0.875,0.25,1.0,0.5793226381461676,0.2549019607843137,0.2549019607843137,0.360655737704918,0.625,0.125,0.125
hybrid,isogram,python,deletion_100,0.0,0.0,0.0,1.0,1.0,1.0,1.0,1.0,1.0,1.0,1.0,0.0,0.0,0.0,0.0,0.0,0.0,0.0,0.0,0.0
hybrid,isogram,python,mixed_low,0.25,0.25,0.25,0.25,0.19016921837228043,0.5314685314685315,0.5314685314685315,0.35454545454545455,0.3,0.5185185185185185,0.5185185185185185,0.75,0.8888888888888888,0.8098307816277196,0.46853146853146854,0.46853146853146854,0.6454545454545455,0.7,0.4814814814814815,0.4814814814814815
hybrid,isogram,python,mixed_high,0.5,0.5,0.5,0.5,0.2271414821944177,0.6129032258064516,0.6129032258064516,0.4482758620689655,0.3333333333333333,0.6363636363636364,0.6363636363636364,0.5,0.9166666666666666,0.7728585178055822,0.3870967741935484,0.3870967741935484,0.5517241379310345,0.6666666666666667,0.36363636363636365,0.36363636363636365
hybrid,isogram,javascript,baseline,0.0,0.0,0.0,0.0,0.20341296928327646,0.3939393939393939,0.3939393939393939,0.2302158273381295,0.07692307692307693,0.38095238095238093,0.5863095238095238,1.0,1.0,0.7965870307167235,0.6060606060606061,0.6060606060606061,0.7697841726618705,0.9230769230769231,0.6190476190476191,0.41369047619047616
hybrid,isogram,javascript,format_025,0.25,0.0,0.0,0.0,0.17919422730006013,0.3939393939393939,0.3939393939393939,0.2302158273381295,0.07692307692307693,0.38095238095238093,0.5863095238095238,1.0,1.0,0.8208057726999398,0.6060606060606061,0.6060606060606061,0.7697841726618705,0.9230769230769231,0.6190476190476191,0.41369047619047616
hybrid,isogram,javascript,format_050,0.5,0.0,0.0,0.0,0.1601289629231596,0.3939393939393939,0.3939393939393939,0.2302158273381295,0.07692307692307693,0.38095238095238093,0.5863095238095238,1.0,1.0,0.8398710370768404,0.6060606060606061,0.6060606060606061,0.7697841726618705,0.9230769230769231,0.6190476190476191,0.41369047619047616
hybrid,isogram,javascript,format_100,1.0,0.0,0.0,0.0,0.13203367301727958,0.3939393939393939,0.3939393939393939,0.2302158273381295,0.07692307692307693,0.38095238095238093,0.5863095238095238,1.0,1.0,0.8679663269827205,0.6060606060606061,0.6060606060606061,0.7697841726618705,0.9230769230769231,0.6190476190476191,0.41369047619047616
hybrid,isogram,javascript,lexical_025,0.0,0.25,0.0,0.0,0.20341296928327646,0.3939393939393939,0.3939393939393939,0.2302158273381295,0.07692307692307693,0.38095238095238093,0.5863095238095238,1.0,1.0,0.7965870307167235,0.6060606060606061,0.6060606060606061,0.7697841726618705,0.9230769230769231,0.6190476190476191,0.41369047619047616
hybrid,isogram,javascript,lexical_050,0.0,0.5,0.0,0.0,0.20285908781484002,0.3939393939393939,0.3939393939393939,0.2302158273381295,0.07692307692307693,0.38095238095238093,0.5863095238095238,1.0,0.9166666666666666,0.79714091218516,0.6060606060606061,0.6060606060606061,0.7697841726618705,0.9230769230769231,0.6190476190476191,0.41369047619047616
hybrid,isogram,javascript,lexical_075,0.0,0.75,0.0,0.0,0.2023082145281738,0.3939393939393939,0.3939393939393939,0.2302158273381295,0.07692307692307693,0.38095238095238093,0.5714285714285714,1.0,0.8333333333333334,0.7976917854718262,0.6060606060606061,0.6060606060606061,0.7697841726618705,0.9230769230769231,0.6190476190476191,0.4285714285714286
hybrid,isogram,javascript,lexical_100,0.0,1.0,0.0,0.0,0.20203389830508475,0.3939393939393939,0.3939393939393939,0.2302158273381295,0.07692307692307693,0.38095238095238093,0.5476190476190477,1.0,0.7916666666666666,0.7979661016949152,0.6060606060606061,0.6060606060606061,0.7697841726618705,0.9230769230769231,0.6190476190476191,0.45238095238095233
hybrid,isogram,javascript,structural_025,0.0,0.0,0.25,0.0,0.20537560303239144,0.4,0.4,0.23880597014925373,0.07692307692307693,0.4,0.5875,1.0,0.9583333333333334,0.7946243969676086,0.6,0.6,0.7611940298507462,0.9230769230769231,0.6,0.4125
hybrid,isogram,javascript,structural_050,0.0,0.0,0.5,0.0,0.20941672522839072,0.4126984126984127,0.4126984126984127,0.25806451612903225,0.07692307692307693,0.4444444444444444,0.5902777777777778,1.0,0.875,0.7905832747716093,0.5873015873015873,0.5873015873015873,0.7419354838709677,0.9230769230769231,0.5555555555555556,0.4097222222222222
hybrid,isogram,javascript,structural_075,0.0,0.0,0.75,0.0,0.21149751596877217,0.41935483870967744,0.41935483870967744,0.2689075630252101,0.07692307692307693,0.47058823529411764,0.5919117647058824,1.0,0.8333333333333334,0.7885024840312278,0.5806451612903225,0.5806451612903225,0.73109243697479,0.9230769230769231,0.5294117647058824,0.40808823529411764
hybrid,isogram,javascript,structural_100,0.0,0.0,1.0,0.0,0.21799561082662766,0.4406779661016949,0.4406779661016949,0.3076923076923077,0.07692307692307693,0.5714285714285714,0.5982142857142857,1.0,0.7083333333333334,0.7820043891733723,0.5593220338983051,0.5593220338983051,0.6923076923076923,0.9230769230769231,0.4285714285714286,0.4017857142857143
hybrid,isogram,javascript,deletion_025,0.0,0.0,0.0,0.25,0.2549187339606501,0.4663677130044843,0.4663677130044843,0.2882882882882883,0.1,0.45714285714285713,0.6339285714285714,0.75,1.0,0.7450812660393499,0.5336322869955157,0.5336322869955157,0.7117117117117118,0.9,0.5428571428571429,0.3660714285714286
hybrid,isogram,javascript,deletion_050,0.0,0.0,0.0,0.5,0.3300110741971207,0.5473684210526316,0.5473684210526316,0.34408602150537637,0.14285714285714285,0.5,0.6875,0.5,1.0,0.6699889258028793,0.4526315789473684,0.4526315789473684,0.6559139784946236,0.8571428571428572,0.5,0.3125
hybrid,isogram,javascript,deletion_075,0.0,0.0,0.0,0.75,0.4991624790619765,0.7222222222222222,0.7222222222222222,0.5161290322580645,0.3333333333333333,0.6666666666666666,0.7708333333333333,0.25,1.0,0.5008375209380235,0.2777777777777778,0.2777777777777778,0.4838709677419355,0.6666666666666667,0.33333333333333337,0.22916666666666674
hybrid,isogram,javascript,deletion_100,0.0,0.0,0.0,1.0,1.0,1.0,1.0,1.0,1.0,1.0,1.0,0.0,0.0,0.0,0.0,0.0,0.0,0.0,0.0,0.0
hybrid,isogram,javascript,mixed_low,0.25,0.25,0.25,0.25,0.23154623154623155,0.4748858447488584,0.4748858447488584,0.3018867924528302,0.1,0.48484848484848486,0.6382575757575757,0.75,0.9444444444444444,0.7684537684537684,0.5251141552511416,0.5251141552511416,0.6981132075471699,0.9,0.5151515151515151,0.3617424242424243
hybrid,isogram,javascript,mixed_high,0.5,0.5,0.5,0.5,0.28353948620361563,0.6011560693641619,0.6011560693641619,0.4266666666666667,0.16666666666666666,0.64,0.7025,0.5,0.75,0.7164605137963844,0.3988439306358381,0.3988439306358381,0.5733333333333333,0.8333333333333334,0.36,0.2975
hybrid,triangle,python,baseline,0.0,0.0,0.0,0.0,0.2852173913043478,0.5573770491803278,0.5573770491803278,0.45454545454545453,0.3684210526315789,0.6,0.6,1.0,1.0,0.7147826086956521,0.4426229508196722,0.4426229508196722,0.5454545454545454,0.631578947368421,0.4,0.4
hybrid,triangle,python,format_025,0.25,0.0,0.0,0.0,0.25505443234836706,0.5573770491803278,0.5573770491803278,0.45454545454545453,0.3684210526315789,0.6,0.6,1.0,1.0,0.744945567651633,0.4426229508196722,0.4426229508196722,0.5454545454545454,0.631578947368421,0.4,0.4
hybrid,triangle,python,format_050,0.5,0.0,0.0,0.0,0.23066104078762306,0.5573770491803278,0.5573770491803278,0.45454545454545453,0.3684210526315789,0.6,0.6,1.0,1.0,0.7693389592123769,0.4426229508196722,0.4426229508196722,0.5454545454545454,0.631578947368421,0.4,0.4
hybrid,triangle,python,format_100,1.0,0.0,0.0,0.0,0.1936245572609209,0.5573770491803278,0.5573770491803278,0.45454545454545453,0.3684210526315789,0.6,0.6,1.0,1.0,0.8063754427390791,0.4426229508196722,0.4426229508196722,0.5454545454545454,0.631578947368421,0.4,0.4
hybrid,triangle,python,lexical_025,0.0,0.25,0.0,0.0,0.28488708743485813,0.5573770491803278,0.5573770491803278,0.45454545454545453,0.3684210526315789,0.6,0.6,1.0,0.9583333333333334,0.7151129125651419,0.4426229508196722,0.4426229508196722,0.5454545454545454,0.631578947368421,0.4,0.4
hybrid,triangle,python,lexical_050,0.0,0.5,0.0,0.0,0.28488708743485813,0.5573770491803278,0.5573770491803278,0.45454545454545453,0.3684210526315789,0.6,0.6,1.0,0.9583333333333334,0.7151129125651419,0.4426229508196722,0.4426229508196722,0.5454545454545454,0.631578947368421,0.4,0.4
hybrid,triangle,python,lexical_075,0.0,0.75,0.0,0.0,0.28422876949740034,0.5573770491803278,0.5573770491803278,0.45454545454545453,0.3684210526315789,0.6,0.6,1.0,0.875,0.7157712305025996,0.4426229508196722,0.4426229508196722,0.5454545454545454,0.631578947368421,0.4,0.4
hybrid,triangle,python,lexical_100,0.0,1.0,0.0,0.0,0.28422876949740034,0.5573770491803278,0.5573770491803278,0.45454545454545453,0.3684210526315789,0.6,0.6,1.0,0.875,0.7157712305025996,0.4426229508196722,0.4426229508196722,0.5454545454545454,0.631578947368421,0.4,0.4
hybrid,triangle,python,structural_025,0.0,0.0,0.25,0.0,0.2878876535985957,0.5714285714285714,0.5714285714285714,0.46875,0.3684210526315789,0.625,0.625,1.0,0.9166666666666666,0.7121123464014043,0.4285714285714286,0.4285714285714286,0.53125,0.631578947368421,0.375,0.375
hybrid,triangle,python,structural_050,0.0,0.0,0.5,0.0,0.29060838747784995,0.5862068965517241,0.5862068965517241,0.4838709677419355,0.3684210526315789,0.6521739130434783,0.6521739130434783,1.0,0.8333333333333334,0.70939161252215,0.4137931034482759,0.4137931034482759,0.5161290322580645,0.631578947368421,0.34782608695652173,0.34782608695652173
hybrid,triangle,python,structural_075,0.0,0.0,0.75,0.0,0.29338103756708406,0.6017699115044248,0.6017699115044248,0.5,0.3684210526315789,0.6818181818181818,0.6818181818181818,1.0,0.75,0.706618962432916,0.3982300884955752,0.3982300884955752,0.5,0.631578947368421,0.31818181818181823,0.31818181818181823
hybrid,triangle,python,structural_100,0.0,0.0,1.0,0.0,0.29620710415412405,0.6181818181818182,0.6181818181818182,0.5172413793103449,0.3684210526315789,0.7142857142857143,0.7142857142857143,1.0,0.6666666666666666,0.7037928958458759,0.38181818181818183,0.38181818181818183,0.48275862068965514,0.631578947368421,0.2857142857142857,0.2857142857142857
hybrid,triangle,python,deletion_025,0.0,0.0,0.0,0.25,0.34968017057569295,0.6355140186915887,0.6355140186915887,0.5357142857142857,0.4375,0.6818181818181818,0.6818181818181819,0.75,1.0,0.6503198294243071,0.36448598130841126,0.36448598130841126,0.4642857142857143,0.5625,0.31818181818181823,0.3181818181818181
hybrid,triangle,python,deletion_050,0.0,0.0,0.0,0.5,0.4444444444444444,0.7157894736842105,0.7157894736842105,0.625,0.5384615384615384,0.75,0.75,0.5,1.0,0.5555555555555556,0.28421052631578947,0.28421052631578947,0.375,0.46153846153846156,0.25,0.25
hybrid,triangle,python,deletion_075,0.0,0.0,0.0,0.75,0.6051660516605166,0.8292682926829268,0.8292682926829268,0.7758620689655172,0.6363636363636364,0.8823529411764706,0.8823529411764706,0.25,1.0,0.3948339483394834,0.1707317073170732,0.1707317073170732,0.22413793103448276,0.36363636363636365,0.11764705882352944,0.11764705882352944
hybrid,triangle,python,deletion_100,0.0,0.0,0.0,1.0,1.0,1.0,1.0,1.0,1.0,1.0,1.0,0.0,0.0,0.0,0.0,0.0,0.0,0.0,0.0,0.0
hybrid,triangle,python,mixed_low,0.25,0.25,0.25,0.25,0.32691029900332225,0.6601941747572816,0.6601941747572816,0.5487804878048781,0.5,0.6818181818181818,0.6818181818181818,0.75,0.8333333333333334,0.6730897009966778,0.3398058252427184,0.3398058252427184,0.4512195121951219,0.5,0.31818181818181823,0.31818181818181823
hybrid,triangle,python,mixed_high,0.5,0.5,0.5,0.5,0.3846755277560594,0.7555555555555555,0.7555555555555555,0.6617647058823529,0.5833333333333334,0.7894736842105263,0.7894736842105263,0.5,0.75,0.6153244722439406,0.24444444444444446,0.24444444444444446,0.3382352941176471,0.41666666666666663,0.21052631578947367,0.21052631578947367
hybrid,triangle,javascript,baseline,0.0,0.0,0.0,0.0,0.3078864353312303,0.5333333333333333,0.5333333333333333,0.4305555555555556,0.3684210526315789,0.6666666666666666,0.7083333333333333,1.0,1.0,0.6921135646687697,0.4666666666666667,0.4666666666666667,0.5694444444444444,0.631578947368421,0.33333333333333337,0.29166666666666674
hybrid,triangle,javascript,format_025,0.25,0.0,0.0,0.0,0.2736960179472799,0.5333333333333333,0.5333333333333333,0.4305555555555556,0.3684210526315789,0.6666666666666666,0.7083333333333333,1.0,1.0,0.7263039820527202,0.4666666666666667,0.4666666666666667,0.5694444444444444,0.631578947368421,0.33333333333333337,0.29166666666666674
hybrid,triangle,javascript,format_050,0.5,0.0,0.0,0.0,0.24634023220595658,0.5333333333333333,0.5333333333333333,0.4305555555555556,0.3684210526315789,0.6666666666666666,0.7083333333333333,1.0,1.0,0.7536597677940434,0.4666666666666667,0.4666666666666667,0.5694444444444444,0.631578947368421,0.33333333333333337,0.29166666666666674
hybrid,triangle,javascript,format_100,1.0,0.0,0.0,0.0,0.20530079932688264,0.5333333333333333,0.5333333333333333,0.4305555555555556,0.3684210526315789,0.6666666666666666,0.7083333333333333,1.0,1.0,0.7946992006731174,0.4666666666666667,0.4666666666666667,0.5694444444444444,0.631578947368421,0.33333333333333337,0.29166666666666674
hybrid,triangle,javascript,lexical_025,0.0,0.25,0.0,0.0,0.3074984247006931,0.5333333333333333,0.5333333333333333,0.4305555555555556,0.3684210526315789,0.6666666666666666,0.7083333333333333,1.0,0.9583333333333334,0.6925015752993069,0.4666666666666667,0.4666666666666667,0.5694444444444444,0.631578947368421,0.33333333333333337,0.29166666666666674
hybrid,triangle,javascript,lexical_050,0.0,0.5,0.0,0.0,0.3074984247006931,0.5333333333333333,0.5333333333333333,0.4305555555555556,0.3684210526315789,0.6666666666666666,0.7083333333333333,1.0,0.9583333333333334,0.6925015752993069,0.4666666666666667,0.4666666666666667,0.5694444444444444,0.631578947368421,0.33333333333333337,0.29166666666666674
hybrid,triangle,javascript,lexical_075,0.0,0.75,0.0,0.0,0.30595611285266455,0.5333333333333333,0.5333333333333333,0.4305555555555556,0.3684210526315789,0.6666666666666666,0.7083333333333333,1.0,0.7916666666666666,0.6940438871473354,0.4666666666666667,0.4666666666666667,0.5694444444444444,0.631578947368421,0.33333333333333337,0.29166666666666674
hybrid,triangle,javascript,lexical_100,0.0,1.0,0.0,0.0,0.30595611285266455,0.5333333333333333,0.5333333333333333,0.4305555555555556,0.3684210526315789,0.6666666666666666,0.7083333333333333,1.0,0.7916666666666666,0.6940438871473354,0.4666666666666667,0.4666666666666667,0.5694444444444444,0.631578947368421,0.33333333333333337,0.29166666666666674
hybrid,triangle,javascript,structural_025,0.0,0.0,0.25,0.0,0.3078864353312303,0.5333333333333333,0.5333333333333333,0.4305555555555556,0.3684210526315789,0.6666666666666666,0.7083333333333333,1.0,1.0,0.6921135646687697,0.4666666666666667,0.4666666666666667,0.5694444444444444,0.631578947368421,0.33333333333333337,0.29166666666666674
hybrid,triangle,javascript,structural_050,0.0,0.0,0.5,0.0,0.3106301718650541,0.5405405405405406,0.5405405405405406,0.4460431654676259,0.3684210526315789,0.6956521739130435,0.717391304347826,1.0,0.9583333333333334,0.6893698281349459,0.45945945945945943,0.45945945945945943,0.5539568345323741,0.631578947368421,0.30434782608695654,0.28260869565217395
hybrid,triangle,javascript,structural_075,0.0,0.0,0.75,0.0,0.3134232498394348,0.547945205479452,0.547945205479452,0.4626865671641791,0.3684210526315789,0.7272727272727273,0.7272727272727273,1.0,0.9166666666666666,0.6865767501605652,0.452054794520548,0.452054794520548,0.5373134328358209,0.631578947368421,0.2727272727272727,0.2727272727272727
hybrid,triangle,javascript,structural_100,0.0,0.0,1.0,0.0,0.3134232498394348,0.547945205479452,0.547945205479452,0.4626865671641791,0.3684210526315789,0.7272727272727273,0.7272727272727273,1.0,0.9166666666666666,0.6865767501605652,0.452054794520548,0.452054794520548,0.5373134328358209,0.631578947368421,0.2727272727272727,0.2727272727272727
hybrid,triangle,javascript,deletion_025,0.0,0.0,0.0,0.25,0.36997725549658833,0.599250936329588,0.599250936329588,0.49206349206349204,0.4375,0.7111111111111111,0.7555555555555555,0.75,1.0,0.6300227445034117,0.40074906367041196,0.40074906367041196,0.5079365079365079,0.5625,0.28888888888888886,0.24444444444444446
hybrid,triangle,javascript,deletion_050,0.0,0.0,0.0,0.5,0.4643196955280685,0.6866952789699571,0.6866952789699571,0.5636363636363636,0.5833333333333334,0.7441860465116279,0.7906976744186047,0.5,1.0,0.5356803044719315,0.3133047210300429,0.3133047210300429,0.4363636363636364,0.41666666666666663,0.2558139534883721,0.20930232558139528
hybrid,triangle,javascript,deletion_075,0.0,0.0,0.0,0.75,0.6498002663115846,0.8290155440414507,0.8290155440414507,0.775,0.7,0.9142857142857143,0.9142857142857143,0.25,1.0,0.3501997336884154,0.17098445595854928,0.17098445595854928,0.22499999999999998,0.30000000000000004,0.08571428571428574,0.08571428571428574
hybrid,triangle,javascript,deletion_100,0.0,0.0,0.0,1.0,1.0,1.0,1.0,1.0,1.0,1.0,1.0,0.0,0.0,0.0,0.0,0.0,0.0,0.0,0.0,0.0
hybrid,triangle,javascript,mixed_low,0.25,0.25,0.25,0.25,0.3358568479008947,0.599250936329588,0.599250936329588,0.49206349206349204,0.4375,0.7111111111111111,0.7555555555555555,0.75,0.8888888888888888,0.6641431520991052,0.40074906367041196,0.40074906367041196,0.5079365079365079,0.5625,0.28888888888888886,0.24444444444444446
hybrid,triangle,javascript,mixed_high,0.5,0.5,0.5,0.5,0.39386602098466506,0.6956521739130435,0.6956521739130435,0.6019417475728155,0.5384615384615384,0.8,0.825,0.5,0.8333333333333334,0.606133979015335,0.30434782608695654,0.30434782608695654,0.3980582524271845,0.46153846153846156,0.19999999999999996,0.17500000000000004
hybrid,luhn,python,baseline,0.0,0.0,0.0,0.0,0.38513164687661333,0.6470588235294118,0.6470588235294118,0.5270935960591133,0.4,0.6444444444444445,0.6444444444444445,1.0,1.0,0.6148683531233867,0.3529411764705882,0.3529411764705882,0.4729064039408867,0.6,0.3555555555555555,0.3555555555555555
hybrid,luhn,python,format_025,0.25,0.0,0.0,0.0,0.3484353106025222,0.6470588235294118,0.6470588235294118,0.5270935960591133,0.4,0.6444444444444445,0.6444444444444445,1.0,1.0,0.6515646893974778,0.3529411764705882,0.3529411764705882,0.4729064039408867,0.6,0.3555555555555555,0.3555555555555555
hybrid,luhn,python,format_050,0.5,0.0,0.0,0.0,0.3181236673773987,0.6470588235294118,0.6470588235294118,0.5270935960591133,0.4,0.6444444444444445,0.6444444444444445,1.0,1.0,0.6818763326226013,0.3529411764705882,0.3529411764705882,0.4729064039408867,0.6,0.3555555555555555,0.3555555555555555
hybrid,luhn,python,format_100,1.0,0.0,0.0,0.0,0.27097711587359247,0.6470588235294118,0.6470588235294118,0.5270935960591133,0.4,0.6444444444444445,0.6444444444444445,1.0,1.0,0.7290228841264075,0.3529411764705882,0.3529411764705882,0.4729064039408867,0.6,0.3555555555555555,0.3555555555555555
hybrid,luhn,python,lexical_025,0.0,0.25,0.0,0.0,0.38433797011849563,0.6470588235294118,0.6470588235294118,0.5270935960591133,0.4,0.6444444444444445,0.6444444444444445,1.0,0.9166666666666666,0.6156620298815043,0.3529411764705882,0.3529411764705882,0.4729064039408867,0.6,0.3555555555555555,0.3555555555555555
hybrid,luhn,python,lexical_050,0.0,0.5,0.0,0.0,0.38354755784061695,0.6470588235294118,0.6470588235294118,0.5270935960591133,0.4,0.6444444444444445,0.6444444444444445,1.0,0.8333333333333334,0.6164524421593831,0.3529411764705882,0.3529411764705882,0.4729064039408867,0.6,0.3555555555555555,0.3555555555555555
hybrid,luhn,python,lexical_075,0.0,0.75,0.0,0.0,0.38315356959424757,0.6470588235294118,0.6470588235294118,0.5270935960591133,0.4,0.6444444444444445,0.6444444444444445,1.0,0.7916666666666666,0.6168464304057524,0.3529411764705882,0.3529411764705882,0.4729064039408867,0.6,0.3555555555555555,0.3555555555555555
hybrid,luhn,python,lexical_100,0.0,1.0,0.0,0.0,0.3819764464925755,0.6470588235294118,0.6470588235294118,0.5270935960591133,0.4,0.6444444444444445,0.6444444444444445,1.0,0.6666666666666666,0.6180235535074246,0.3529411764705882,0.3529411764705882,0.4729064039408867,0.6,0.3555555555555555,0.3555555555555555
hybrid,luhn,python,structural_025,0.0,0.0,0.25,0.0,0.3867288750648004,0.654275092936803,0.654275092936803,0.535,0.4,0.6590909090909091,0.6590909090909091,1.0,0.9583333333333334,0.6132711249351996,0.34572490706319703,0.34572490706319703,0.46499999999999997,0.6,0.34090909090909094,0.34090909090909094
hybrid,luhn,python,structural_050,0.0,0.0,0.5,0.0,0.38833940655908383,0.6616541353383458,0.6616541353383458,0.5431472081218274,0.4,0.6744186046511628,0.6744186046511628,1.0,0.9166666666666666,0.6116605934409162,0.33834586466165417,0.33834586466165417,0.4568527918781726,0.6,0.32558139534883723,0.32558139534883723
hybrid,luhn,python,structural_075,0.0,0.0,0.75,0.0,0.3916010498687664,0.676923076923077,0.676923076923077,0.5602094240837696,0.4,0.7073170731707317,0.7073170731707317,1.0,0.8333333333333334,0.6083989501312336,0.32307692307692304,0.32307692307692304,0.4397905759162304,0.6,0.29268292682926833,0.29268292682926833
hybrid,luhn,python,structural_100,0.0,0.0,1.0,0.0,0.3916010498687664,0.676923076923077,0.676923076923077,0.5602094240837696,0.4,0.7073170731707317,0.7073170731707317,1.0,0.8333333333333334,0.6083989501312336,0.32307692307692304,0.32307692307692304,0.4397905759162304,0.6,0.29268292682926833,0.29268292682926833
hybrid,luhn,python,deletion_025,0.0,0.0,0.0,0.25,0.45294474802671525,0.701195219123506,0.701195219123506,0.5879120879120879,0.47058823529411764,0.6904761904761905,0.6904761904761905,0.75,1.0,0.5470552519732848,0.298804780876494,0.298804780876494,0.41208791208791207,0.5294117647058824,0.30952380952380953,0.30952380952380953
hybrid,luhn,python,deletion_050,0.0,0.0,0.0,0.5,0.5473220836390316,0.7719298245614035,0.7719298245614035,0.6815286624203821,0.5333333333333333,0.7837837837837838,0.7837837837837838,0.5,1.0,0.45267791636096844,0.22807017543859653,0.22807017543859653,0.3184713375796179,0.4666666666666667,0.21621621621621623,0.21621621621621623
hybrid,luhn,python,deletion_075,0.0,0.0,0.0,0.75,0.7263875365141188,0.8844221105527639,0.8844221105527639,0.8106060606060606,0.8,0.8529411764705882,0.8529411764705882,0.25,1.0,0.2736124634858812,0.11557788944723613,0.11557788944723613,0.18939393939393945,0.19999999999999996,0.1470588235294118,0.1470588235294118
hybrid,luhn,python,deletion_100,0.0,0.0,0.0,1.0,1.0,1.0,1.0,1.0,1.0,1.0,1.0,0.0,0.0,0.0,0.0,0.0,0.0,0.0,0.0,0.0
hybrid,luhn,python,mixed_low,0.25,0.25,0.25,0.25,0.4212309429700734,0.7183673469387755,0.7183673469387755,0.6079545454545454,0.47058823529411764,0.725,0.725,0.75,0.8888888888888888,0.5787690570299266,0.28163265306122454,0.28163265306122454,0.3920454545454546,0.5294117647058824,0.275,0.275
hybrid,luhn,python,mixed_high,0.5,0.5,0.5,0.5,0.48790058862001306,0.8073394495412844,0.8073394495412844,0.7181208053691275,0.5714285714285714,0.8285714285714286,0.8285714285714286,0.5,0.75,0.5120994113799869,0.19266055045871555,0.19266055045871555,0.2818791946308725,0.4285714285714286,0.17142857142857137,0.17142857142857137
hybrid,luhn,javascript,baseline,0.0,0.0,0.0,0.0,0.41610036591740723,0.645320197044335,0.645320197044335,0.5139664804469274,0.3333333333333333,0.64,0.7,1.0,1.0,0.5838996340825928,0.35467980295566504,0.35467980295566504,0.4860335195530726,0.6666666666666667,0.36,0.30000000000000004
hybrid,luhn,javascript,format_025,0.25,0.0,0.0,0.0,0.37707247749881573,0.645320197044335,0.645320197044335,0.5139664804469274,0.3333333333333333,0.64,0.7,1.0,1.0,0.6229275225011843,0.35467980295566504,0.35467980295566504,0.4860335195530726,0.6666666666666667,0.36,0.30000000000000004
hybrid,luhn,javascript,format_050,0.5,0.0,0.0,0.0,0.3447379818103075,0.645320197044335,0.645320197044335,0.5139664804469274,0.3333333333333333,0.64,0.7,1.0,1.0,0.6552620181896924,0.35467980295566504,0.35467980295566504,0.4860335195530726,0.6666666666666667,0.36,0.30000000000000004
hybrid,luhn,javascript,format_100,1.0,0.0,0.0,0.0,0.2942698706099815,0.645320197044335,0.645320197044335,0.5139664804469274,0.3333333333333333,0.64,0.7,1.0,1.0,0.7057301293900184,0.35467980295566504,0.35467980295566504,0.4860335195530726,0.6666666666666667,0.36,0.30000000000000004
hybrid,luhn,javascript,lexical_025,0.0,0.25,0.0,0.0,0.4156657963446475,0.645320197044335,0.645320197044335,0.5139664804469274,0.3333333333333333,0.64,0.7,1.0,0.9583333333333334,0.5843342036553525,0.35467980295566504,0.35467980295566504,0.4860335195530726,0.6666666666666667,0.36,0.30000000000000004
hybrid,luhn,javascript,lexical_050,0.0,0.5,0.0,0.0,0.4156657963446475,0.645320197044335,0.645320197044335,0.5139664804469274,0.3333333333333333,0.64,0.7,1.0,0.9583333333333334,0.5843342036553525,0.35467980295566504,0.35467980295566504,0.4860335195530726,0.6666666666666667,0.36,0.30000000000000004
hybrid,luhn,javascript,lexical_075,0.0,0.75,0.0,0.0,0.4156657963446475,0.645320197044335,0.645320197044335,0.5139664804469274,0.3333333333333333,0.64,0.7,1.0,0.9583333333333334,0.5843342036553525,0.35467980295566504,0.35467980295566504,0.4860335195530726,0.6666666666666667,0.36,0.30000000000000004
hybrid,luhn,javascript,lexical_100,0.0,1.0,0.0,0.0,0.4152321335419927,0.645320197044335,0.645320197044335,0.5139664804469274,0.3333333333333333,0.64,0.7,1.0,0.9166666666666666,0.5847678664580074,0.35467980295566504,0.35467980295566504,0.4860335195530726,0.6666666666666667,0.36,0.30000000000000004
hybrid,luhn,javascript,structural_025,0.0,0.0,0.25,0.0,0.4222811671087533,0.6582914572864321,0.6582914572864321,0.5443786982248521,0.3333333333333333,0.6956521739130435,0.717391304347826,1.0,0.9166666666666666,0.5777188328912467,0.3417085427135679,0.3417085427135679,0.4556213017751479,0.6666666666666667,0.30434782608695654,0.28260869565217395
hybrid,luhn,javascript,structural_050,0.0,0.0,0.5,0.0,0.4222811671087533,0.6582914572864321,0.6582914572864321,0.5443786982248521,0.3333333333333333,0.6956521739130435,0.717391304347826,1.0,0.9166666666666666,0.5777188328912467,0.3417085427135679,0.3417085427135679,0.4556213017751479,0.6666666666666667,0.30434782608695654,0.28260869565217395
hybrid,luhn,javascript,structural_075,0.0,0.0,0.75,0.0,0.4254409406734367,0.6649746192893401,0.6649746192893401,0.5609756097560976,0.3333333333333333,0.7272727272727273,0.7272727272727273,1.0,0.875,0.5745590593265633,0.3350253807106599,0.3350253807106599,0.4390243902439024,0.6666666666666667,0.2727272727272727,0.2727272727272727
hybrid,luhn,javascript,structural_100,0.0,0.0,1.0,0.0,0.4254409406734367,0.6649746192893401,0.6649746192893401,0.5609756097560976,0.3333333333333333,0.7272727272727273,0.7272727272727273,1.0,0.875,0.5745590593265633,0.3350253807106599,0.3350253807106599,0.4390243902439024,0.6666666666666667,0.2727272727272727,0.2727272727272727
hybrid,luhn,javascript,deletion_025,0.0,0.0,0.0,0.25,0.4838905775075988,0.7024128686327078,0.7024128686327078,0.5714285714285714,0.4,0.6808510638297872,0.7446808510638299,0.75,1.0,0.5161094224924012,0.2975871313672922,0.2975871313672922,0.4285714285714286,0.6,0.3191489361702128,0.25531914893617014
hybrid,luhn,javascript,deletion_050,0.0,0.0,0.0,0.5,0.5909428359317,0.7891566265060241,0.7891566265060241,0.6917293233082706,0.5,0.8,0.825,0.5,1.0,0.40905716406829995,0.21084337349397586,0.21084337349397586,0.30827067669172936,0.5,0.19999999999999996,0.17500000000000004
hybrid,luhn,javascript,deletion_075,0.0,0.0,0.0,0.75,0.7502356267672008,0.8851351351351351,0.8851351351351351,0.8518518518518519,0.6,0.9411764705882353,0.9411764705882353,0.25,1.0,0.2497643732327992,0.11486486486486491,0.11486486486486491,0.14814814814814814,0.4,0.05882352941176472,0.05882352941176472
hybrid,luhn,javascript,deletion_100,0.0,0.0,0.0,1.0,1.0,1.0,1.0,1.0,1.0,1.0,1.0,0.0,0.0,0.0,0.0,0.0,0.0,0.0,0.0,0.0
hybrid,luhn,javascript,mixed_low,0.25,0.25,0.25,0.25,0.4515031196823596,0.7100271002710027,0.7100271002710027,0.5897435897435898,0.4,0.7111111111111111,0.7555555555555555,0.75,0.9444444444444444,0.5484968803176404,0.2899728997289973,0.2899728997289973,0.41025641025641024,0.6,0.28888888888888886,0.24444444444444446
hybrid,luhn,javascript,mixed_high,0.5,0.5,0.5,0.5,0.519921619856303,0.7987804878048781,0.7987804878048781,0.71875,0.5,0.8421052631578947,0.8421052631578947,0.5,0.8333333333333334,0.48007838014369697,0.2012195121951219,0.2012195121951219,0.28125,0.5,0.1578947368421053,0.1578947368421053
hybrid,darts,python,baseline,0.0,0.0,0.0,0.0,0.22648752399232247,0.43243243243243246,0.43243243243243246,0.3137254901960784,0.3684210526315789,0.36666666666666664,0.3666666666666667,1.0,1.0,0.7735124760076775,0.5675675675675675,0.5675675675675675,0.6862745098039216,0.631578947368421,0.6333333333333333,0.6333333333333333
hybrid,darts,python,format_025,0.25,0.0,0.0,0.0,0.200339558573854,0.43243243243243246,0.43243243243243246,0.3137254901960784,0.3684210526315789,0.36666666666666664,0.3666666666666667,1.0,1.0,0.799660441426146,0.5675675675675675,0.5675675675675675,0.6862745098039216,0.631578947368421,0.6333333333333333,0.6333333333333333
hybrid,darts,python,format_050,0.5,0.0,0.0,0.0,0.1796042617960426,0.43243243243243246,0.43243243243243246,0.3137254901960784,0.3684210526315789,0.36666666666666664,0.3666666666666667,1.0,1.0,0.8203957382039574,0.5675675675675675,0.5675675675675675,0.6862745098039216,0.631578947368421,0.6333333333333333,0.6333333333333333
hybrid,darts,python,format_100,1.0,0.0,0.0,0.0,0.14880201765447668,0.43243243243243246,0.43243243243243246,0.3137254901960784,0.3684210526315789,0.36666666666666664,0.3666666666666667,1.0,1.0,0.8511979823455234,0.5675675675675675,0.5675675675675675,0.6862745098039216,0.631578947368421,0.6333333333333333,0.6333333333333333
hybrid,darts,python,lexical_025,0.0,0.25,0.0,0.0,0.22590938098276964,0.43243243243243246,0.43243243243243246,0.3137254901960784,0.3684210526315789,0.36666666666666664,0.3666666666666667,1.0,0.9166666666666666,0.7740906190172303,0.5675675675675675,0.5675675675675675,0.6862745098039216,0.631578947368421,0.6333333333333333,0.6333333333333333
hybrid,darts,python,lexical_050,0.0,0.5,0.0,0.0,0.22476190476190477,0.43243243243243246,0.43243243243243246,0.3137254901960784,0.3684210526315789,0.36666666666666664,0.3666666666666667,1.0,0.75,0.7752380952380953,0.5675675675675675,0.5675675675675675,0.6862745098039216,0.631578947368421,0.6333333333333333,0.6333333333333333
hybrid,darts,python,lexical_075,0.0,0.75,0.0,0.0,0.2239089184060721,0.43243243243243246,0.43243243243243246,0.3137254901960784,0.3684210526315789,0.36666666666666664,0.3666666666666667,1.0,0.625,0.7760910815939279,0.5675675675675675,0.5675675675675675,0.6862745098039216,0.631578947368421,0.6333333333333333,0.6333333333333333
hybrid,darts,python,lexical_100,0.0,1.0,0.0,0.0,0.22334384858044165,0.43243243243243246,0.43243243243243246,0.3137254901960784,0.3684210526315789,0.36666666666666664,0.3666666666666667,1.0,0.5416666666666666,0.7766561514195583,0.5675675675675675,0.5675675675675675,0.6862745098039216,0.631578947368421,0.6333333333333333,0.6333333333333333
hybrid,darts,python,structural_025,0.0,0.0,0.25,0.0,0.2300194931773879,0.45454545454545453,0.45454545454545453,0.3333333333333333,0.3684210526315789,0.4074074074074074,0.40740740740740744,1.0,0.875,0.7699805068226121,0.5454545454545454,0.5454545454545454,0.6666666666666667,0.631578947368421,0.5925925925925926,0.5925925925925926
hybrid,darts,python,structural_050,0.0,0.0,0.5,0.0,0.2300194931773879,0.45454545454545453,0.45454545454545453,0.3333333333333333,0.3684210526315789,0.4074074074074074,0.40740740740740744,1.0,0.875,0.7699805068226121,0.5454545454545454,0.5454545454545454,0.6666666666666667,0.631578947368421,0.5925925925925926,0.5925925925925926
hybrid,darts,python,structural_075,0.0,0.0,0.75,0.0,0.23490378234903783,0.4878048780487805,0.4878048780487805,0.36363636363636365,0.3684210526315789,0.4782608695652174,0.4782608695652174,1.0,0.7083333333333334,0.7650962176509621,0.5121951219512195,0.5121951219512195,0.6363636363636364,0.631578947368421,0.5217391304347826,0.5217391304347826
hybrid,darts,python,structural_100,0.0,0.0,1.0,0.0,0.23490378234903783,0.4878048780487805,0.4878048780487805,0.36363636363636365,0.3684210526315789,0.4782608695652174,0.4782608695652174,1.0,0.7083333333333334,0.7650962176509621,0.5121951219512195,0.5121951219512195,0.6363636363636364,0.631578947368421,0.5217391304347826,0.5217391304347826
hybrid,darts,python,deletion_025,0.0,0.0,0.0,0.25,0.28617623282134197,0.5194805194805194,0.5194805194805194,0.3870967741935484,0.4666666666666667,0.44,0.43999999999999995,0.75,1.0,0.713823767178658,0.48051948051948057,0.48051948051948057,0.6129032258064516,0.5333333333333333,0.56,0.56
hybrid,darts,python,deletion_050,0.0,0.0,0.0,0.5,0.35435435435435436,0.5755395683453237,0.5755395683453237,0.46601941747572817,0.4666666666666667,0.55,0.55,0.5,1.0,0.6456456456456456,0.4244604316546763,0.4244604316546763,0.5339805825242718,0.5333333333333333,0.44999999999999996,0.44999999999999996
hybrid,darts,python,deletion_075,0.0,0.0,0.0,0.75,0.5213549337260678,0.7207207207207207,0.7207207207207207,0.6233766233766234,0.6363636363636364,0.6875,0.6875,0.25,1.0,0.4786450662739322,0.2792792792792793,0.2792792792792793,0.37662337662337664,0.36363636363636365,0.3125,0.3125
hybrid,darts,python,deletion_100,0.0,0.0,0.0,1.0,1.0,1.0,1.0,1.0,1.0,1.0,1.0,0.0,0.0,0.0,0.0,0.0,0.0,0.0,0.0,0.0
hybrid,darts,python,mixed_low,0.25,0.25,0.25,0.25,0.2541277817659727,0.5161290322580645,0.5161290322580645,0.3902439024390244,0.4375,0.4583333333333333,0.45833333333333326,0.75,0.7222222222222222,0.7458722182340273,0.4838709677419355,0.4838709677419355,0.6097560975609756,0.5625,0.5416666666666667,0.5416666666666667
hybrid,darts,python,mixed_high,0.5,0.5,0.5,0.5,0.3086312118570183,0.6299212598425197,0.6299212598425197,0.4948453608247423,0.5833333333333334,0.55,0.55,0.5,0.3333333333333333,0.6913687881429817,0.3700787401574803,0.3700787401574803,0.5051546391752577,0.41666666666666663,0.44999999999999996,0.44999999999999996
hybrid,darts,javascript,baseline,0.0,0.0,0.0,0.0,0.22132796780684105,0.38461538461538464,0.38461538461538464,0.2517482517482518,0.3684210526315789,0.2972972972972973,0.4864864864864865,1.0,1.0,0.778672032193159,0.6153846153846154,0.6153846153846154,0.7482517482517482,0.631578947368421,0.7027027027027026,0.5135135135135135
hybrid,darts,javascript,format_025,0.25,0.0,0.0,0.0,0.19538188277087035,0.38461538461538464,0.38461538461538464,0.2517482517482518,0.3684210526315789,0.2972972972972973,0.4864864864864865,1.0,1.0,0.8046181172291297,0.6153846153846154,0.6153846153846154,0.7482517482517482,0.631578947368421,0.7027027027027026,0.5135135135135135
hybrid,darts,javascript,format_050,0.5,0.0,0.0,0.0,0.17488076311605724,0.38461538461538464,0.38461538461538464,0.2517482517482518,0.3684210526315789,0.2972972972972973,0.4864864864864865,1.0,1.0,0.8251192368839427,0.6153846153846154,0.6153846153846154,0.7482517482517482,0.631578947368421,0.7027027027027026,0.5135135135135135
hybrid,darts,javascript,format_100,1.0,0.0,0.0,0.0,0.1445466491458607,0.38461538461538464,0.38461538461538464,0.2517482517482518,0.3684210526315789,0.2972972972972973,0.4864864864864865,1.0,1.0,0.8554533508541393,0.6153846153846154,0.6153846153846154,0.7482517482517482,0.631578947368421,0.7027027027027026,0.5135135135135135
hybrid,darts,javascript,lexical_025,0.0,0.25,0.0,0.0,0.22044088176352705,0.38461538461538464,0.38461538461538464,0.2517482517482518,0.3684210526315789,0.2972972972972973,0.4864864864864865,1.0,0.875,0.779559118236473,0.6153846153846154,0.6153846153846154,0.7482517482517482,0.631578947368421,0.7027027027027026,0.5135135135135135
hybrid,darts,javascript,lexical_050,0.0,0.5,0.0,0.0,0.2201467645096731,0.38461538461538464,0.38461538461538464,0.2517482517482518,0.3684210526315789,0.2972972972972973,0.4864864864864865,1.0,0.8333333333333334,0.7798532354903269,0.6153846153846154,0.6153846153846154,0.7482517482517482,0.631578947368421,0.7027027027027026,0.5135135135135135
hybrid,darts,javascript,lexical_075,0.0,0.75,0.0,0.0,0.21926910299003322,0.38461538461538464,0.38461538461538464,0.2517482517482518,0.3684210526315789,0.2972972972972973,0.4864864864864865,1.0,0.7083333333333334,0.7807308970099668,0.6153846153846154,0.6153846153846154,0.7482517482517482,0.631578947368421,0.7027027027027026,0.5135135135135135
hybrid,darts,javascript,lexical_100,0.0,1.0,0.0,0.0,0.21897810218978103,0.38461538461538464,0.38461538461538464,0.2517482517482518,0.3684210526315789,0.2972972972972973,0.4864864864864865,1.0,0.6666666666666666,0.781021897810219,0.6153846153846154,0.6153846153846154,0.7482517482517482,0.631578947368421,0.7027027027027026,0.5135135135135135
hybrid,darts,javascript,structural_025,0.0,0.0,0.25,0.0,0.22132796780684105,0.38461538461538464,0.38461538461538464,0.2517482517482518,0.3684210526315789,0.2972972972972973,0.4864864864864865,1.0,1.0,0.778672032193159,0.6153846153846154,0.6153846153846154,0.7482517482517482,0.631578947368421,0.7027027027027026,0.5135135135135135
hybrid,darts,javascript,structural_050,0.0,0.0,0.5,0.0,0.22556390977443608,0.3968253968253968,0.3968253968253968,0.2706766917293233,0.3684210526315789,0.3333333333333333,0.48484848484848486,1.0,0.9166666666666666,0.7744360902255639,0.6031746031746033,0.6031746031746033,0.7293233082706767,0.631578947368421,0.6666666666666667,0.5151515151515151
hybrid,darts,javascript,structural_075,0.0,0.0,0.75,0.0,0.2345415778251599,0.423728813559322,0.423728813559322,0.3185840707964602,0.3684210526315789,0.44,0.48,1.0,0.75,0.7654584221748401,0.576271186440678,0.576271186440678,0.6814159292035398,0.631578947368421,0.56,0.52
hybrid,darts,javascript,structural_100,0.0,0.0,1.0,0.0,0.23689877961234745,0.43103448275862066,0.43103448275862066,0.3333333333333333,0.3684210526315789,0.4782608695652174,0.4782608695652174,1.0,0.7083333333333334,0.7631012203876526,0.5689655172413793,0.5689655172413793,0.6666666666666667,0.631578947368421,0.5217391304347826,0.5217391304347826
hybrid,darts,javascript,deletion_025,0.0,0.0,0.0,0.25,0.2702702702702703,0.43859649122807015,0.43859649122807015,0.2926829268292683,0.4117647058823529,0.3333333333333333,0.5454545454545454,0.75,1.0,0.7297297297297297,0.5614035087719298,0.5614035087719298,0.7073170731707317,0.5882352941176471,0.6666666666666667,0.4545454545454546
hybrid,darts,javascript,deletion_050,0.0,0.0,0.0,0.5,0.35986913849509267,0.546448087431694,0.546448087431694,0.4,0.5,0.4583333333333333,0.625,0.5,1.0,0.6401308615049073,0.45355191256830596,0.45355191256830596,0.6,0.5,0.5416666666666667,0.375
hybrid,darts,javascript,deletion_075,0.0,0.0,0.0,0.75,0.5436573311367381,0.7299270072992701,0.7299270072992701,0.6101694915254238,0.7,0.6875,0.75,0.25,1.0,0.4563426688632619,0.27007299270072993,0.27007299270072993,0.38983050847457623,0.30000000000000004,0.3125,0.25
hybrid,darts,javascript,deletion_100,0.0,0.0,0.0,1.0,1.0,1.0,1.0,1.0,1.0,1.0,1.0,0.0,0.0,0.0,0.0,0.0,0.0,0.0,0.0,0.0
hybrid,darts,javascript,mixed_low,0.25,0.25,0.25,0.25,0.2536510376633359,0.47393364928909953,0.47393364928909953,0.34285714285714286,0.4375,0.4230769230769231,0.5384615384615384,0.75,0.8888888888888888,0.7463489623366641,0.5260663507109005,0.5260663507109005,0.6571428571428571,0.5625,0.5769230769230769,0.46153846153846156
hybrid,darts,javascript,mixed_high,0.5,0.5,0.5,0.5,0.30697674418604654,0.5882352941176471,0.5882352941176471,0.4675324675324675,0.5384615384615384,0.5789473684210527,0.631578947368421,0.5,0.6666666666666666,0.6930232558139535,0.4117647058823529,0.4117647058823529,0.5324675324675325,0.46153846153846156,0.42105263157894735,0.368421052631579
hybrid,armstrong,python,baseline,0.0,0.0,0.0,0.0,0.17041581458759372,0.43243243243243246,0.43243243243243246,0.3181818181818182,0.2,0.4722222222222222,0.4722222222222222,1.0,1.0,0.8295841854124063,0.5675675675675675,0.5675675675675675,0.6818181818181819,0.8,0.5277777777777778,0.5277777777777778
hybrid,armstrong,python,format_025,0.25,0.0,0.0,0.0,0.14961101137043686,0.43243243243243246,0.43243243243243246,0.3181818181818182,0.2,0.4722222222222222,0.4722222222222222,1.0,1.0,0.8503889886295631,0.5675675675675675,0.5675675675675675,0.6818181818181819,0.8,0.5277777777777778,0.5277777777777778
hybrid,armstrong,python,format_050,0.5,0.0,0.0,0.0,0.13333333333333333,0.43243243243243246,0.43243243243243246,0.3181818181818182,0.2,0.4722222222222222,0.4722222222222222,1.0,1.0,0.8666666666666667,0.5675675675675675,0.5675675675675675,0.6818181818181819,0.8,0.5277777777777778,0.5277777777777778
hybrid,armstrong,python,format_100,1.0,0.0,0.0,0.0,0.10950503723171266,0.43243243243243246,0.43243243243243246,0.3181818181818182,0.2,0.4722222222222222,0.4722222222222222,1.0,1.0,0.8904949627682873,0.5675675675675675,0.5675675675675675,0.6818181818181819,0.8,0.5277777777777778,0.5277777777777778
hybrid,armstrong,python,lexical_025,0.0,0.25,0.0,0.0,0.1699524133242692,0.43243243243243246,0.43243243243243246,0.3181818181818182,0.2,0.4722222222222222,0.4722222222222222,1.0,0.9166666666666666,0.8300475866757309,0.5675675675675675,0.5675675675675675,0.6818181818181819,0.8,0.5277777777777778,0.5277777777777778
hybrid,armstrong,python,lexical_050,0.0,0.5,0.0,0.0,0.1697216564833673,0.43243243243243246,0.43243243243243246,0.3181818181818182,0.2,0.4722222222222222,0.4722222222222222,1.0,0.875,0.8302783435166328,0.5675675675675675,0.5675675675675675,0.6818181818181819,0.8,0.5277777777777778,0.5277777777777778
hybrid,armstrong,python,lexical_075,0.0,0.75,0.0,0.0,0.1694915254237288,0.43243243243243246,0.43243243243243246,0.3181818181818182,0.2,0.4722222222222222,0.4722222222222222,1.0,0.8333333333333334,0.8305084745762712,0.5675675675675675,0.5675675675675675,0.6818181818181819,0.8,0.5277777777777778,0.5277777777777778
hybrid,armstrong,python,lexical_100,0.0,1.0,0.0,0.0,0.1688048615800135,0.43243243243243246,0.43243243243243246,0.3181818181818182,0.2,0.4722222222222222,0.4722222222222222,1.0,0.7083333333333334,0.8311951384199865,0.5675675675675675,0.5675675675675675,0.6818181818181819,0.8,0.5277777777777778,0.5277777777777778
hybrid,armstrong,python,structural_025,0.0,0.0,0.25,0.0,0.17229496898690558,0.44692737430167595,0.44692737430167595,0.3310810810810811,0.2,0.5,0.5,1.0,0.9166666666666666,0.8277050310130944,0.553072625698324,0.553072625698324,0.6689189189189189,0.8,0.5,0.5
hybrid,armstrong,python,structural_050,0.0,0.0,0.5,0.0,0.17421602787456447,0.4624277456647399,0.4624277456647399,0.34507042253521125,0.2,0.53125,0.53125,1.0,0.8333333333333334,0.8257839721254355,0.5375722543352601,0.5375722543352601,0.6549295774647887,0.8,0.46875,0.46875
hybrid,armstrong,python,structural_075,0.0,0.0,0.75,0.0,0.17618040873854826,0.47904191616766467,0.47904191616766467,0.3602941176470588,0.2,0.5666666666666667,0.5666666666666667,1.0,0.75,0.8238195912614518,0.5209580838323353,0.5209580838323353,0.6397058823529411,0.8,0.43333333333333335,0.43333333333333335
hybrid,armstrong,python,structural_100,0.0,0.0,1.0,0.0,0.1771793054571226,0.4878048780487805,0.4878048780487805,0.3684210526315789,0.2,0.5862068965517241,0.5862068965517241,1.0,0.7083333333333334,0.8228206945428774,0.5121951219512195,0.5121951219512195,0.631578947368421,0.8,0.4137931034482759,0.4137931034482759
hybrid,armstrong,python,deletion_025,0.0,0.0,0.0,0.25,0.2168256721595837,0.5161290322580645,0.5161290322580645,0.3951612903225806,0.25,0.5666666666666667,0.5666666666666667,0.75,1.0,0.7831743278404163,0.4838709677419355,0.4838709677419355,0.6048387096774194,0.75,0.43333333333333335,0.43333333333333335
hybrid,armstrong,python,deletion_050,0.0,0.0,0.0,0.5,0.3082614056720099,0.6504065040650406,0.6504065040650406,0.5104166666666666,0.42857142857142855,0.6538461538461539,0.6538461538461539,0.5,1.0,0.6917385943279901,0.34959349593495936,0.34959349593495936,0.48958333333333337,0.5714285714285714,0.34615384615384615,0.34615384615384615
hybrid,armstrong,python,deletion_075,0.0,0.0,0.0,0.75,0.4816955684007707,0.7843137254901961,0.7843137254901961,0.6533333333333333,0.75,0.7391304347826086,0.7391304347826086,0.25,1.0,0.5183044315992293,0.21568627450980393,0.21568627450980393,0.3466666666666667,0.25,0.26086956521739135,0.26086956521739135
hybrid,armstrong,python,deletion_100,0.0,0.0,0.0,1.0,1.0,1.0,1.0,1.0,1.0,1.0,1.0,0.0,0.0,0.0,0.0,0.0,0.0,0.0,0.0,0.0
hybrid,armstrong,python,mixed_low,0.25,0.25,0.25,0.25,0.19546520719311963,0.5194805194805194,0.5194805194805194,0.392,0.2727272727272727,0.5483870967741935,0.5483870967741935,0.75,0.8333333333333334,0.8045347928068803,0.48051948051948057,0.48051948051948057,0.608,0.7272727272727273,0.4516129032258065,0.4516129032258065
hybrid,armstrong,python,mixed_high,0.5,0.5,0.5,0.5,0.23741690408357075,0.625,0.625,0.5051546391752577,0.3333333333333333,0.68,0.68,0.5,0.5833333333333334,0.7625830959164293,0.375,0.375,0.4948453608247423,0.6666666666666667,0.31999999999999995,0.31999999999999995
hybrid,armstrong,javascript,baseline,0.0,0.0,0.0,0.0,0.21966101694915255,0.4090909090909091,0.4090909090909091,0.25,0.07692307692307693,0.42857142857142855,0.5714285714285715,1.0,1.0,0.7803389830508475,0.5909090909090908,0.5909090909090908,0.75,0.9230769230769231,0.5714285714285714,0.4285714285714285
hybrid,armstrong,javascript,format_025,0.25,0.0,0.0,0.0,0.1936640765092648,0.4090909090909091,0.4090909090909091,0.25,0.07692307692307693,0.42857142857142855,0.5714285714285715,1.0,1.0,0.8063359234907352,0.5909090909090908,0.5909090909090908,0.75,0.9230769230769231,0.5714285714285714,0.4285714285714285
hybrid,armstrong,javascript,format_050,0.5,0.0,0.0,0.0,0.1731694281133084,0.4090909090909091,0.4090909090909091,0.25,0.07692307692307693,0.42857142857142855,0.5714285714285715,1.0,1.0,0.8268305718866916,0.5909090909090908,0.5909090909090908,0.75,0.9230769230769231,0.5714285714285714,0.4285714285714285
hybrid,armstrong,javascript,format_100,1.0,0.0,0.0,0.0,0.14292015880017644,0.4090909090909091,0.4090909090909091,0.25,0.07692307692307693,0.42857142857142855,0.5714285714285715,1.0,1.0,0.8570798411998235,0.5909090909090908,0.5909090909090908,0.75,0.9230769230769231,0.5714285714285714,0.4285714285714285
hybrid,armstrong,javascript,lexical_025,0.0,0.25,0.0,0.0,0.21906693711967545,0.4090909090909091,0.4090909090909091,0.25,0.07692307692307693,0.42857142857142855,0.5714285714285715,1.0,0.9166666666666666,0.7809330628803246,0.5909090909090908,0.5909090909090908,0.75,0.9230769230769231,0.5714285714285714,0.4285714285714285
hybrid,armstrong,javascript,lexical_050,0.0,0.5,0.0,0.0,0.21818181818181817,0.4090909090909091,0.4090909090909091,0.25,0.07692307692307693,0.42857142857142855,0.5714285714285714,1.0,0.7916666666666666,0.7818181818181819,0.5909090909090908,0.5909090909090908,0.75,0.9230769230769231,0.5714285714285714,0.4285714285714286
hybrid,armstrong,javascript,lexical_075,0.0,0.75,0.0,0.0,0.21818181818181817,0.4090909090909091,0.4090909090909091,0.25,0.07692307692307693,0.42857142857142855,0.5714285714285714,1.0,0.7916666666666666,0.7818181818181819,0.5909090909090908,0.5909090909090908,0.75,0.9230769230769231,0.5714285714285714,0.4285714285714286
hybrid,armstrong,javascript,lexical_100,0.0,1.0,0.0,0.0,0.2178883658372562,0.4090909090909091,0.4090909090909091,0.25,0.07692307692307693,0.42857142857142855,0.5714285714285715,1.0,0.75,0.7821116341627438,0.5909090909090908,0.5909090909090908,0.75,0.9230769230769231,0.5714285714285714,0.4285714285714285
hybrid,armstrong,javascript,structural_025,0.0,0.0,0.25,0.0,0.22391154111955772,0.421875,0.421875,0.2698412698412698,0.07692307692307693,0.47368421052631576,0.5789473684210527,1.0,0.9166666666666666,0.7760884588804423,0.578125,0.578125,0.7301587301587302,0.9230769230769231,0.5263157894736843,0.42105263157894735
hybrid,armstrong,javascript,structural_050,0.0,0.0,0.5,0.0,0.22391154111955772,0.421875,0.421875,0.2698412698412698,0.07692307692307693,0.47368421052631576,0.5789473684210527,1.0,0.9166666666666666,0.7760884588804423,0.578125,0.578125,0.7301587301587302,0.9230769230769231,0.5263157894736843,0.42105263157894735
hybrid,armstrong,javascript,structural_075,0.0,0.0,0.75,0.0,0.22609909281228194,0.42857142857142855,0.42857142857142855,0.2809917355371901,0.07692307692307693,0.5,0.5833333333333334,1.0,0.875,0.7739009071877181,0.5714285714285714,0.5714285714285714,0.71900826446281,0.9230769230769231,0.5,0.41666666666666663
hybrid,armstrong,javascript,structural_100,0.0,0.0,1.0,0.0,0.23292595255212079,0.45,0.45,0.32075471698113206,0.07692307692307693,0.6,0.6000000000000001,1.0,0.75,0.7670740474478792,0.55,0.55,0.679245283018868,0.9230769230769231,0.4,0.3999999999999999
hybrid,armstrong,javascript,deletion_025,0.0,0.0,0.0,0.25,0.27204030226700254,0.47577092511013214,0.47577092511013214,0.3008849557522124,0.1,0.4864864864864865,0.6216216216216216,0.75,1.0,0.7279596977329974,0.5242290748898679,0.5242290748898679,0.6991150442477876,0.9,0.5135135135135135,0.3783783783783784
hybrid,armstrong,javascript,deletion_050,0.0,0.0,0.0,0.5,0.3564356435643564,0.5654450261780105,0.5654450261780105,0.38636363636363635,0.125,0.5806451612903226,0.7096774193548387,0.5,1.0,0.6435643564356436,0.4345549738219895,0.4345549738219895,0.6136363636363636,0.875,0.4193548387096774,0.29032258064516125
hybrid,armstrong,javascript,deletion_075,0.0,0.0,0.0,0.75,0.5167464114832536,0.7012987012987013,0.7012987012987013,0.5230769230769231,0.2,0.6923076923076923,0.8076923076923077,0.25,1.0,0.4832535885167464,0.2987012987012987,0.2987012987012987,0.4769230769230769,0.8,0.3076923076923077,0.1923076923076923
hybrid,armstrong,javascript,deletion_100,0.0,0.0,0.0,1.0,1.0,1.0,1.0,1.0,1.0,1.0,1.0,0.0,0.0,0.0,0.0,0.0,0.0,0.0,0.0,0.0
hybrid,armstrong,javascript,mixed_low,0.25,0.25,0.25,0.25,0.24489795918367346,0.47368421052631576,0.47368421052631576,0.3063063063063063,0.09090909090909091,0.5,0.638888888888889,0.75,0.8888888888888888,0.7551020408163265,0.5263157894736843,0.5263157894736843,0.6936936936936937,0.9090909090909091,0.5,0.36111111111111105
hybrid,armstrong,javascript,mixed_high,0.5,0.5,0.5,0.5,0.3013953488372093,0.6101694915254238,0.6101694915254238,0.44155844155844154,0.16666666666666666,0.6666666666666666,0.7037037037037037,0.5,0.75,0.6986046511627907,0.38983050847457623,0.38983050847457623,0.5584415584415585,0.8333333333333334,0.33333333333333337,0.2962962962962963
hybrid,nucleotide_count,python,baseline,0.0,0.0,0.0,0.0,0.10633648943918426,0.28,0.28,0.14960629921259844,0.14285714285714285,0.2857142857142857,0.2857142857142857,1.0,1.0,0.8936635105608157,0.72,0.72,0.8503937007874016,0.8571428571428572,0.7142857142857143,0.7142857142857143
hybrid,nucleotide_count,python,format_025,0.25,0.0,0.0,0.0,0.09258084971464807,0.28,0.28,0.14960629921259844,0.14285714285714285,0.2857142857142857,0.2857142857142857,1.0,1.0,0.9074191502853519,0.72,0.72,0.8503937007874016,0.8571428571428572,0.7142857142857143,0.7142857142857143
hybrid,nucleotide_count,python,format_050,0.5,0.0,0.0,0.0,0.0819764177428411,0.28,0.28,0.14960629921259844,0.14285714285714285,0.2857142857142857,0.2857142857142857,1.0,1.0,0.9180235822571589,0.72,0.72,0.8503937007874016,0.8571428571428572,0.7142857142857143,0.7142857142857143
hybrid,nucleotide_count,python,format_100,1.0,0.0,0.0,0.0,0.06669712197350389,0.28,0.28,0.14960629921259844,0.14285714285714285,0.2857142857142857,0.2857142857142857,1.0,1.0,0.9333028780264961,0.72,0.72,0.8503937007874016,0.8571428571428572,0.7142857142857143,0.7142857142857143
hybrid,nucleotide_count,python,lexical_025,0.0,0.25,0.0,0.0,0.10602759622367465,0.28,0.28,0.14960629921259844,0.14285714285714285,0.2857142857142857,0.2857142857142857,1.0,0.9166666666666666,0.8939724037763254,0.72,0.72,0.8503937007874016,0.8571428571428572,0.7142857142857143,0.7142857142857143
hybrid,nucleotide_count,python,lexical_050,0.0,0.5,0.0,0.0,0.1057204923968139,0.28,0.28,0.14960629921259844,0.14285714285714285,0.2857142857142857,0.2857142857142857,1.0,0.8333333333333334,0.8942795076031861,0.72,0.72,0.8503937007874016,0.8571428571428572,0.7142857142857143,0.7142857142857143
hybrid,nucleotide_count,python,lexical_075,0.0,0.75,0.0,0.0,0.10541516245487365,0.28,0.28,0.14960629921259844,0.14285714285714285,0.2857142857142857,0.2857142857142857,1.0,0.75,0.8945848375451264,0.72,0.72,0.8503937007874016,0.8571428571428572,0.7142857142857143,0.7142857142857143
hybrid,nucleotide_count,python,lexical_100,0.0,1.0,0.0,0.0,0.10541516245487365,0.28,0.28,0.14960629921259844,0.14285714285714285,0.2857142857142857,0.2857142857142857,1.0,0.75,0.8945848375451264,0.72,0.72,0.8503937007874016,0.8571428571428572,0.7142857142857143,0.7142857142857143
hybrid,nucleotide_count,python,structural_025,0.0,0.0,0.25,0.0,0.10759027266028003,0.2916666666666667,0.2916666666666667,0.15702479338842976,0.14285714285714285,0.3076923076923077,0.3076923076923076,1.0,0.9166666666666666,0.89240972733972,0.7083333333333333,0.7083333333333333,0.8429752066115702,0.8571428571428572,0.6923076923076923,0.6923076923076924
hybrid,nucleotide_count,python,structural_050,0.0,0.0,0.5,0.0,0.10822831727205337,0.2978723404255319,0.2978723404255319,0.16101694915254236,0.14285714285714285,0.32,0.32000000000000006,1.0,0.875,0.8917716827279466,0.7021276595744681,0.7021276595744681,0.8389830508474576,0.8571428571428572,0.6799999999999999,0.6799999999999999
hybrid,nucleotide_count,python,structural_075,0.0,0.0,0.75,0.0,0.1108580106302202,0.32558139534883723,0.32558139534883723,0.1792452830188679,0.14285714285714285,0.38095238095238093,0.38095238095238093,1.0,0.7083333333333334,0.8891419893697798,0.6744186046511628,0.6744186046511628,0.8207547169811321,0.8571428571428572,0.6190476190476191,0.6190476190476191
hybrid,nucleotide_count,python,structural_100,0.0,0.0,1.0,0.0,0.11153552330022919,0.3333333333333333,0.3333333333333333,0.18446601941747573,0.14285714285714285,0.4,0.4,1.0,0.6666666666666666,0.8884644766997708,0.6666666666666667,0.6666666666666667,0.8155339805825242,0.8571428571428572,0.6,0.6
hybrid,nucleotide_count,python,deletion_025,0.0,0.0,0.0,0.25,0.1348107109879963,0.33070866141732286,0.33070866141732286,0.18627450980392157,0.16666666666666666,0.34782608695652173,0.34782608695652173,0.75,1.0,0.8651892890120036,0.6692913385826771,0.6692913385826771,0.8137254901960784,0.8333333333333334,0.6521739130434783,0.6521739130434783
hybrid,nucleotide_count,python,deletion_050,0.0,0.0,0.0,0.5,0.1855146124523507,0.4077669902912621,0.4077669902912621,0.24358974358974358,0.2222222222222222,0.42105263157894735,0.42105263157894735,0.5,1.0,0.8144853875476493,0.5922330097087378,0.5922330097087378,0.7564102564102564,0.7777777777777778,0.5789473684210527,0.5789473684210527
hybrid,nucleotide_count,python,deletion_075,0.0,0.0,0.0,0.75,0.3237250554323725,0.6086956521739131,0.6086956521739131,0.41304347826086957,0.4,0.6153846153846154,0.6153846153846154,0.25,1.0,0.6762749445676275,0.3913043478260869,0.3913043478260869,0.5869565217391304,0.6,0.3846153846153846,0.3846153846153846
hybrid,nucleotide_count,python,deletion_100,0.0,0.0,0.0,1.0,1.0,1.0,1.0,1.0,1.0,1.0,1.0,0.0,0.0,0.0,0.0,0.0,0.0,0.0,0.0,0.0
hybrid,nucleotide_count,python,mixed_low,0.25,0.25,0.25,0.25,0.12136325852036575,0.34146341463414637,0.34146341463414637,0.19,0.18181818181818182,0.34782608695652173,0.34782608695652173,0.75,0.8333333333333334,0.8786367414796342,0.6585365853658536,0.6585365853658536,0.81,0.8181818181818181,0.6521739130434783,0.6521739130434783
hybrid,nucleotide_count,python,mixed_high,0.5,0.5,0.5,0.5,0.16168327796234774,0.5,0.5,0.2835820895522388,0.4,0.4444444444444444,0.4444444444444444,0.5,0.8333333333333334,0.8383167220376523,0.5,0.5,0.7164179104477613,0.6,0.5555555555555556,0.5555555555555556
hybrid,nucleotide_count,javascript,baseline,0.0,0.0,0.0,0.0,0.17067833698030635,0.3770491803278688,0.3770491803278688,0.2421875,0.14285714285714285,0.37142857142857144,0.5142857142857142,1.0,1.0,0.8293216630196937,0.6229508196721312,0.6229508196721312,0.7578125,0.8571428571428572,0.6285714285714286,0.48571428571428577
hybrid,nucleotide_count,javascript,format_025,0.25,0.0,0.0,0.0,0.1491395793499044,0.3770491803278688,0.3770491803278688,0.2421875,0.14285714285714285,0.37142857142857144,0.5142857142857142,1.0,1.0,0.8508604206500956,0.6229508196721312,0.6229508196721312,0.7578125,0.8571428571428572,0.6285714285714286,0.48571428571428577
hybrid,nucleotide_count,javascript,format_050,0.5,0.0,0.0,0.0,0.13242784380305603,0.3770491803278688,0.3770491803278688,0.2421875,0.14285714285714285,0.37142857142857144,0.5142857142857142,1.0,1.0,0.8675721561969439,0.6229508196721312,0.6229508196721312,0.7578125,0.8571428571428572,0.6285714285714286,0.48571428571428577
hybrid,nucleotide_count,javascript,format_100,1.0,0.0,0.0,0.0,0.10818307905686546,0.3770491803278688,0.3770491803278688,0.2421875,0.14285714285714285,0.37142857142857144,0.5142857142857142,1.0,1.0,0.8918169209431346,0.6229508196721312,0.6229508196721312,0.7578125,0.8571428571428572,0.6285714285714286,0.48571428571428577
hybrid,nucleotide_count,javascript,lexical_025,0.0,0.25,0.0,0.0,0.17018181818181818,0.3770491803278688,0.3770491803278688,0.2421875,0.14285714285714285,0.37142857142857144,0.5142857142857142,1.0,0.9166666666666666,0.8298181818181818,0.6229508196721312,0.6229508196721312,0.7578125,0.8571428571428572,0.6285714285714286,0.48571428571428577
hybrid,nucleotide_count,javascript,lexical_050,0.0,0.5,0.0,0.0,0.1704297159504734,0.3770491803278688,0.3770491803278688,0.2421875,0.14285714285714285,0.37142857142857144,0.5142857142857142,1.0,0.9583333333333334,0.8295702840495266,0.6229508196721312,0.6229508196721312,0.7578125,0.8571428571428572,0.6285714285714286,0.48571428571428577
hybrid,nucleotide_count,javascript,lexical_075,0.0,0.75,0.0,0.0,0.1696881798404641,0.3770491803278688,0.3770491803278688,0.2421875,0.14285714285714285,0.37142857142857144,0.5142857142857142,1.0,0.8333333333333334,0.8303118201595359,0.6229508196721312,0.6229508196721312,0.7578125,0.8571428571428572,0.6285714285714286,0.48571428571428577
hybrid,nucleotide_count,javascript,lexical_100,0.0,1.0,0.0,0.0,0.16919739696312364,0.3770491803278688,0.3770491803278688,0.2421875,0.14285714285714285,0.37142857142857144,0.5142857142857142,1.0,0.75,0.8308026030368764,0.6229508196721312,0.6229508196721312,0.7578125,0.8571428571428572,0.6285714285714286,0.48571428571428577
hybrid,nucleotide_count,javascript,structural_025,0.0,0.0,0.25,0.0,0.17067833698030635,0.3770491803278688,0.3770491803278688,0.2421875,0.14285714285714285,0.37142857142857144,0.5142857142857142,1.0,1.0,0.8293216630196937,0.6229508196721312,0.6229508196721312,0.7578125,0.8571428571428572,0.6285714285714286,0.48571428571428577
hybrid,nucleotide_count,javascript,structural_050,0.0,0.0,0.5,0.0,0.17243920412675018,0.38333333333333336,0.38333333333333336,0.25203252032520324,0.14285714285714285,0.3939393939393939,0.5151515151515151,1.0,0.9583333333333334,0.8275607958732498,0.6166666666666667,0.6166666666666667,0.7479674796747968,0.8571428571428572,0.6060606060606061,0.48484848484848486
hybrid,nucleotide_count,javascript,structural_075,0.0,0.0,0.75,0.0,0.17607223476297967,0.39655172413793105,0.39655172413793105,0.2743362831858407,0.14285714285714285,0.4482758620689655,0.5172413793103448,1.0,0.875,0.8239277652370203,0.603448275862069,0.603448275862069,0.7256637168141593,0.8571428571428572,0.5517241379310345,0.48275862068965525
hybrid,nucleotide_count,javascript,structural_100,0.0,0.0,1.0,0.0,0.17986164488854728,0.4107142857142857,0.4107142857142857,0.30097087378640774,0.14285714285714285,0.52,0.52,1.0,0.7916666666666666,0.8201383551114527,0.5892857142857143,0.5892857142857143,0.6990291262135923,0.8571428571428572,0.48,0.48
hybrid,nucleotide_count,javascript,deletion_025,0.0,0.0,0.0,0.25,0.2140896614821592,0.4444444444444444,0.4444444444444444,0.29523809523809524,0.18181818181818182,0.43333333333333335,0.5666666666666667,0.75,1.0,0.7859103385178408,0.5555555555555556,0.5555555555555556,0.7047619047619047,0.8181818181818181,0.5666666666666667,0.43333333333333335
hybrid,nucleotide_count,javascript,deletion_050,0.0,0.0,0.0,0.5,0.2864137086903305,0.5227272727272727,0.5227272727272727,0.37349397590361444,0.2,0.52,0.6799999999999999,0.5,1.0,0.7135862913096696,0.4772727272727273,0.4772727272727273,0.6265060240963856,0.8,0.48,0.32000000000000006
hybrid,nucleotide_count,javascript,deletion_075,0.0,0.0,0.0,0.75,0.46153846153846156,0.7022900763358778,0.7022900763358778,0.62,0.2857142857142857,0.8125,0.875,0.25,1.0,0.5384615384615384,0.2977099236641222,0.2977099236641222,0.38,0.7142857142857143,0.1875,0.125
hybrid,nucleotide_count,javascript,deletion_100,0.0,0.0,0.0,1.0,1.0,1.0,1.0,1.0,1.0,1.0,1.0,0.0,0.0,0.0,0.0,0.0,0.0,0.0,0.0,0.0
hybrid,nucleotide_count,javascript,mixed_low,0.25,0.25,0.25,0.25,0.19133278822567457,0.4444444444444444,0.4444444444444444,0.29523809523809524,0.18181818181818182,0.43333333333333335,0.5666666666666667,0.75,0.8888888888888888,0.8086672117743254,0.5555555555555556,0.5555555555555556,0.7047619047619047,0.8181818181818181,0.5666666666666667,0.43333333333333335
hybrid,nucleotide_count,javascript,mixed_high,0.5,0.5,0.5,0.5,0.2323733862959285,0.5380116959064327,0.5380116959064327,0.3875,0.2222222222222222,0.5416666666666666,0.6666666666666667,0.5,0.75,0.7676266137040715,0.4619883040935673,0.4619883040935673,0.6125,0.7777777777777778,0.45833333333333337,0.33333333333333326
hybrid,reverse_text,python,baseline,0.0,0.0,0.0,0.0,0.06264682850430697,0.2204724409448819,0.2204724409448819,0.11607142857142858,0.07692307692307693,0.15,0.15000000000000002,1.0,1.0,0.9373531714956931,0.7795275590551181,0.7795275590551181,0.8839285714285714,0.9230769230769231,0.85,0.85
hybrid,reverse_text,python,format_025,0.25,0.0,0.0,0.0,0.05401755570560432,0.2204724409448819,0.2204724409448819,0.11607142857142858,0.07692307692307693,0.15,0.15000000000000002,1.0,1.0,0.9459824442943957,0.7795275590551181,0.7795275590551181,0.8839285714285714,0.9230769230769231,0.85,0.85
hybrid,reverse_text,python,format_050,0.5,0.0,0.0,0.0,0.04747774480712166,0.2204724409448819,0.2204724409448819,0.11607142857142858,0.07692307692307693,0.15,0.15000000000000002,1.0,1.0,0.9525222551928784,0.7795275590551181,0.7795275590551181,0.8839285714285714,0.9230769230769231,0.85,0.85
hybrid,reverse_text,python,format_100,1.0,0.0,0.0,0.0,0.038222646918299095,0.2204724409448819,0.2204724409448819,0.11607142857142858,0.07692307692307693,0.15,0.15000000000000002,1.0,1.0,0.9617773530817009,0.7795275590551181,0.7795275590551181,0.8839285714285714,0.9230769230769231,0.85,0.85
hybrid,reverse_text,python,lexical_025,0.0,0.25,0.0,0.0,0.06235385814497272,0.2204724409448819,0.2204724409448819,0.11607142857142858,0.07692307692307693,0.15,0.15000000000000002,1.0,0.875,0.9376461418550273,0.7795275590551181,0.7795275590551181,0.8839285714285714,0.9230769230769231,0.85,0.85
hybrid,reverse_text,python,lexical_050,0.0,0.5,0.0,0.0,0.06216006216006216,0.2204724409448819,0.2204724409448819,0.11607142857142858,0.07692307692307693,0.15,0.15000000000000002,1.0,0.7916666666666666,0.9378399378399378,0.7795275590551181,0.7795275590551181,0.8839285714285714,0.9230769230769231,0.85,0.85
hybrid,reverse_text,python,lexical_075,0.0,0.75,0.0,0.0,0.061967467079783116,0.2204724409448819,0.2204724409448819,0.11607142857142858,0.07692307692307693,0.15,0.15000000000000002,1.0,0.7083333333333334,0.9380325329202169,0.7795275590551181,0.7795275590551181,0.8839285714285714,0.9230769230769231,0.85,0.85
hybrid,reverse_text,python,lexical_100,0.0,1.0,0.0,0.0,0.06177606177606178,0.2204724409448819,0.2204724409448819,0.11607142857142858,0.07692307692307693,0.15,0.15000000000000002,1.0,0.625,0.9382239382239382,0.7795275590551181,0.7795275590551181,0.8839285714285714,0.9230769230769231,0.85,0.85
hybrid,reverse_text,python,structural_025,0.0,0.0,0.25,0.0,0.06384676775738228,0.23728813559322035,0.23728813559322035,0.1262135922330097,0.07692307692307693,0.17647058823529413,0.17647058823529416,1.0,0.875,0.9361532322426177,0.7627118644067796,0.7627118644067796,0.8737864077669903,0.9230769230769231,0.8235294117647058,0.8235294117647058
hybrid,reverse_text,python,structural_050,0.0,0.0,0.5,0.0,0.06384676775738228,0.23728813559322035,0.23728813559322035,0.1262135922330097,0.07692307692307693,0.17647058823529413,0.17647058823529416,1.0,0.875,0.9361532322426177,0.7627118644067796,0.7627118644067796,0.8737864077669903,0.9230769230769231,0.8235294117647058,0.8235294117647058
hybrid,reverse_text,python,structural_075,0.0,0.0,0.75,0.0,0.063441712926249,0.23140495867768596,0.23140495867768596,0.12264150943396226,0.07692307692307693,0.16666666666666666,0.16666666666666663,1.0,0.9166666666666666,0.936558287073751,0.768595041322314,0.768595041322314,0.8773584905660378,0.9230769230769231,0.8333333333333334,0.8333333333333334
hybrid,reverse_text,python,structural_100,0.0,0.0,1.0,0.0,0.0646725949878739,0.25,0.25,0.13402061855670103,0.07692307692307693,0.2,0.19999999999999996,1.0,0.7916666666666666,0.9353274050121261,0.75,0.75,0.865979381443299,0.9230769230769231,0.8,0.8
hybrid,reverse_text,python,deletion_025,0.0,0.0,0.0,0.25,0.08342022940563086,0.2828282828282828,0.2828282828282828,0.1511627906976744,0.1111111111111111,0.1875,0.1875,0.75,1.0,0.9165797705943691,0.7171717171717171,0.7171717171717171,0.8488372093023255,0.8888888888888888,0.8125,0.8125
hybrid,reverse_text,python,deletion_050,0.0,0.0,0.0,0.5,0.11958146487294469,0.358974358974359,0.358974358974359,0.2,0.16666666666666666,0.23076923076923078,0.23076923076923084,0.5,1.0,0.8804185351270553,0.641025641025641,0.641025641025641,0.8,0.8333333333333334,0.7692307692307692,0.7692307692307692
hybrid,reverse_text,python,deletion_075,0.0,0.0,0.0,0.75,0.2191780821917808,0.5490196078431373,0.5490196078431373,0.34210526315789475,0.3333333333333333,0.375,0.375,0.25,1.0,0.7808219178082192,0.4509803921568627,0.4509803921568627,0.6578947368421053,0.6666666666666667,0.625,0.625
hybrid,reverse_text,python,deletion_100,0.0,0.0,0.0,1.0,1.0,1.0,1.0,1.0,1.0,1.0,1.0,0.0,0.0,0.0,0.0,0.0,0.0,0.0,0.0,0.0
hybrid,reverse_text,python,mixed_low,0.25,0.25,0.25,0.25,0.0709849157054126,0.27722772277227725,0.27722772277227725,0.15476190476190477,0.09090909090909091,0.21428571428571427,0.2142857142857143,0.75,0.7777777777777778,0.9290150842945875,0.7227722772277227,0.7227722772277227,0.8452380952380952,0.9090909090909091,0.7857142857142857,0.7857142857142857
hybrid,reverse_text,python,mixed_high,0.5,0.5,0.5,0.5,0.09184845005740529,0.3835616438356164,0.3835616438356164,0.22413793103448276,0.14285714285714285,0.3,0.30000000000000004,0.5,0.8333333333333334,0.9081515499425947,0.6164383561643836,0.6164383561643836,0.7758620689655172,0.8571428571428572,0.7,0.7
hybrid,reverse_text,javascript,baseline,0.0,0.0,0.0,0.0,0.10196078431372549,0.22772277227722773,0.22772277227722773,0.11304347826086956,0.07692307692307693,0.1724137931034483,0.3793103448275862,1.0,1.0,0.8980392156862745,0.7722772277227723,0.7722772277227723,0.8869565217391304,0.9230769230769231,0.8275862068965517,0.6206896551724138
hybrid,reverse_text,javascript,format_025,0.25,0.0,0.0,0.0,0.08825526137135098,0.22772277227722773,0.22772277227722773,0.11304347826086956,0.07692307692307693,0.1724137931034483,0.3793103448275862,1.0,1.0,0.911744738628649,0.7722772277227723,0.7722772277227723,0.8869565217391304,0.9230769230769231,0.8275862068965517,0.6206896551724138
hybrid,reverse_text,javascript,format_050,0.5,0.0,0.0,0.0,0.07779772591262717,0.22772277227722773,0.22772277227722773,0.11304347826086956,0.07692307692307693,0.1724137931034483,0.3793103448275862,1.0,1.0,0.9222022740873729,0.7722772277227723,0.7722772277227723,0.8869565217391304,0.9230769230769231,0.8275862068965517,0.6206896551724138
hybrid,reverse_text,javascript,format_100,1.0,0.0,0.0,0.0,0.06289308176100629,0.22772277227722773,0.22772277227722773,0.11304347826086956,0.07692307692307693,0.1724137931034483,0.3793103448275862,1.0,1.0,0.9371069182389937,0.7722772277227723,0.7722772277227723,0.8869565217391304,0.9230769230769231,0.8275862068965517,0.6206896551724138
hybrid,reverse_text,javascript,lexical_025,0.0,0.25,0.0,0.0,0.1016419077404222,0.22772277227722773,0.22772277227722773,0.11304347826086956,0.07692307692307693,0.1724137931034483,0.3793103448275862,1.0,0.9166666666666666,0.8983580922595777,0.7722772277227723,0.7722772277227723,0.8869565217391304,0.9230769230769231,0.8275862068965517,0.6206896551724138
hybrid,reverse_text,javascript,lexical_050,0.0,0.5,0.0,0.0,0.1014832162373146,0.22772277227722773,0.22772277227722773,0.11304347826086956,0.07692307692307693,0.1724137931034483,0.3793103448275862,1.0,0.875,0.8985167837626854,0.7722772277227723,0.7722772277227723,0.8869565217391304,0.9230769230769231,0.8275862068965517,0.6206896551724138
hybrid,reverse_text,javascript,lexical_075,0.0,0.75,0.0,0.0,0.1008533747090768,0.22772277227722773,0.22772277227722773,0.11304347826086956,0.07692307692307693,0.1724137931034483,0.3793103448275862,1.0,0.7083333333333334,0.8991466252909232,0.7722772277227723,0.7722772277227723,0.8869565217391304,0.9230769230769231,0.8275862068965517,0.6206896551724138
hybrid,reverse_text,javascript,lexical_100,0.0,1.0,0.0,0.0,0.10054137664346481,0.22772277227722773,0.22772277227722773,0.11304347826086956,0.07692307692307693,0.1724137931034483,0.3793103448275862,1.0,0.625,0.8994586233565351,0.7722772277227723,0.7722772277227723,0.8869565217391304,0.9230769230769231,0.8275862068965517,0.6206896551724138
hybrid,reverse_text,javascript,structural_025,0.0,0.0,0.25,0.0,0.10425020048115477,0.23711340206185566,0.23711340206185566,0.12380952380952381,0.07692307692307693,0.2,0.36,1.0,0.9166666666666666,0.8957497995188453,0.7628865979381443,0.7628865979381443,0.8761904761904762,0.9230769230769231,0.8,0.64
hybrid,reverse_text,javascript,structural_050,0.0,0.0,0.5,0.0,0.10543390105433902,0.24210526315789474,0.24210526315789474,0.13,0.07692307692307693,0.21739130434782608,0.34782608695652173,1.0,0.875,0.894566098945661,0.7578947368421053,0.7578947368421053,0.87,0.9230769230769231,0.782608695652174,0.6521739130434783
hybrid,reverse_text,javascript,structural_075,0.0,0.0,0.75,0.0,0.1066447908121411,0.24731182795698925,0.24731182795698925,0.1368421052631579,0.07692307692307693,0.23809523809523808,0.33333333333333326,1.0,0.8333333333333334,0.8933552091878589,0.7526881720430108,0.7526881720430108,0.8631578947368421,0.9230769230769231,0.7619047619047619,0.6666666666666667
hybrid,reverse_text,javascript,structural_100,0.0,0.0,1.0,0.0,0.109151973131822,0.25842696629213485,0.25842696629213485,0.15294117647058825,0.07692307692307693,0.29411764705882354,0.2941176470588236,1.0,0.75,0.890848026868178,0.7415730337078652,0.7415730337078652,0.8470588235294118,0.9230769230769231,0.7058823529411764,0.7058823529411764
hybrid,reverse_text,javascript,deletion_025,0.0,0.0,0.0,0.25,0.1296111665004985,0.26900584795321636,0.26900584795321636,0.13978494623655913,0.08333333333333333,0.20833333333333334,0.45833333333333326,0.75,1.0,0.8703888334995015,0.7309941520467836,0.7309941520467836,0.8602150537634409,0.9166666666666666,0.7916666666666666,0.5416666666666667
hybrid,reverse_text,javascript,deletion_050,0.0,0.0,0.0,0.5,0.182328190743338,0.35658914728682173,0.35658914728682173,0.19402985074626866,0.125,0.2777777777777778,0.5,0.5,1.0,0.8176718092566619,0.6434108527131783,0.6434108527131783,0.8059701492537313,0.875,0.7222222222222222,0.5
hybrid,reverse_text,javascript,deletion_075,0.0,0.0,0.0,0.75,0.2988505747126437,0.5,0.5,0.29545454545454547,0.2,0.38461538461538464,0.6153846153846154,0.25,1.0,0.7011494252873562,0.5,0.5,0.7045454545454546,0.8,0.6153846153846154,0.3846153846153846
hybrid,reverse_text,javascript,deletion_100,0.0,0.0,0.0,1.0,1.0,1.0,1.0,1.0,1.0,1.0,1.0,0.0,0.0,0.0,0.0,0.0,0.0,0.0,0.0,0.0
hybrid,reverse_text,javascript,mixed_low,0.25,0.25,0.25,0.25,0.11764705882352941,0.2929936305732484,0.2929936305732484,0.15853658536585366,0.1,0.25,0.4,0.75,0.7777777777777778,0.8823529411764706,0.7070063694267517,0.7070063694267517,0.8414634146341463,0.9,0.75,0.6
hybrid,reverse_text,javascript,mixed_high,0.5,0.5,0.5,0.5,0.14994232987312572,0.4144144144144144,0.4144144144144144,0.2549019607843137,0.16666666666666666,0.4166666666666667,0.41666666666666674,0.5,0.6666666666666666,0.8500576701268743,0.5855855855855856,0.5855855855855856,0.7450980392156863,0.8333333333333334,0.5833333333333333,0.5833333333333333
