project,version,module_id,source_sha256,candidate_sha256,candidate_bytes,selection_rank,nonblank_lines,ast_nodes,branch_nodes,intervention,control_role,parse_ok,compile_ok,error_category,character_ngram_similarity,token_multiset_similarity,ast_profile_similarity
aiohttp,3.13.3,aiohttp-01,90fe4df4233340f3063c813275e55488b5132ecc3c565f06af8a8059876edef3,77279c1a2b75e67eefc85cea12a1c1936e0adc87ef9005105248288c42ce0c31,1939,1,39,165,2,inert-trailing-comment,positive,True,True,,0.989147286822,1.000000000000,1.000000000000
aiohttp,3.13.3,aiohttp-01,90fe4df4233340f3063c813275e55488b5132ecc3c565f06af8a8059876edef3,a80b19ce4a359922f2f006d6f7f9e8cbf697cce3ab134c7f98519c7c72d88da2,1932,1,39,165,2,syntax-aware-local-rename,positive,True,True,,0.970256410256,0.982142857143,1.000000000000
aiohttp,3.13.3,aiohttp-01,90fe4df4233340f3063c813275e55488b5132ecc3c565f06af8a8059876edef3,0267340317dc82432c6d0538269581e0bd69a8864849181dcea3af392bae2558,1273,1,39,165,2,scope-blind-identifier-collapse,negative,True,False,"SyntaxError:duplicate argument 'v' in function definition (<transfer-audit>, line 20)",0.479776847978,0.563380281690,1.000000000000
aiohttp,3.13.3,aiohttp-02,c6a60c6d4a35aa82d83eecd8f765de478a7211efb0f8335c4e80110c5dc65210,25fd53167e5e7e13aa6109e2b54d539090f4f9b67d7231255e3a2200e0c71835,6405,2,150,870,28,inert-trailing-comment,positive,True,True,,0.996719262615,1.000000000000,1.000000000000
aiohttp,3.13.3,aiohttp-02,c6a60c6d4a35aa82d83eecd8f765de478a7211efb0f8335c4e80110c5dc65210,21ee92b52412b95e9463f209ddd4939c8db85489bff13aded946b71d5bf85653,6424,2,150,870,28,syntax-aware-local-rename,positive,True,True,,0.983880967142,0.992380952381,1.000000000000
aiohttp,3.13.3,aiohttp-02,c6a60c6d4a35aa82d83eecd8f765de478a7211efb0f8335c4e80110c5dc65210,9fc1a541e376cb09c34920568f1f2313fb2a5bef7911bce6bdf27fa1c190c645,4382,2,150,870,28,scope-blind-identifier-collapse,negative,True,False,"SyntaxError:duplicate argument 'v' in function definition (<transfer-audit>, line 23)",0.429824561404,0.537105069802,1.000000000000
aiohttp,3.13.3,aiohttp-03,849d8b5e1376396ba41479b96fbf1324518a70088bda4b618bd49fe4f4583be5,b4edfbcd8e769bb72f6e5a19f616f62c160a7bcf631f67b9583fe3256e2d7afb,11759,3,279,1434,21,inert-trailing-comment,positive,True,True,,0.998213526159,1.000000000000,1.000000000000
aiohttp,3.13.3,aiohttp-03,849d8b5e1376396ba41479b96fbf1324518a70088bda4b618bd49fe4f4583be5,e3c3c1535917885ec7a4b03d39e3fbf810b9503856c69c27dd5aec5c7fd3ee9c,11758,3,279,1434,21,syntax-aware-local-rename,positive,True,True,,0.995581988105,0.997976732423,1.000000000000
aiohttp,3.13.3,aiohttp-03,849d8b5e1376396ba41479b96fbf1324518a70088bda4b618bd49fe4f4583be5,e2ae5ce781b36e6f34332de8c24e962a5927d9288c6519e9beabc0ac02f4f562,7334,3,279,1434,21,scope-blind-identifier-collapse,negative,True,False,"SyntaxError:duplicate argument 'v' in function definition (<transfer-audit>, line 45)",0.365518229353,0.529821843532,1.000000000000
aiohttp,3.13.3,aiohttp-04,fba69a5ba97427db890f8e4bcd1e1c8a3607d23eb6a6dd14fe79ff695cc592ee,676197c1a688945341f66f154c59c9e62372665797f7b17226aab00a46009d14,14579,4,364,1635,1,inert-trailing-comment,positive,True,True,,0.998559176672,1.000000000000,1.000000000000
aiohttp,3.13.3,aiohttp-04,fba69a5ba97427db890f8e4bcd1e1c8a3607d23eb6a6dd14fe79ff695cc592ee,a32003bc9f54b03a9e91fd3383190bc6d3168cf5e11831c10d2a735f85b625ad,14552,4,364,1635,1,syntax-aware-local-rename,positive,True,True,,0.994653872515,0.998051631758,1.000000000000
aiohttp,3.13.3,aiohttp-04,fba69a5ba97427db890f8e4bcd1e1c8a3607d23eb6a6dd14fe79ff695cc592ee,66fbf6a9f4d3c5bd735008f7ece10ccd5a845e1d022dce2363c9315cd3cb94ec,8212,4,364,1635,1,scope-blind-identifier-collapse,negative,True,False,"SyntaxError:duplicate argument 'v' in function definition (<transfer-audit>, line 43)",0.334779804140,0.494897959184,1.000000000000
aiohttp,3.13.3,aiohttp-05,948b609b26ad91787433a118ec9a199d2664525e91d30bfc07cf17e082ea41b5,958ca16cfcd42acea739c20e969f83382bd3292c403dc408b22a6562209657f1,22760,5,549,3313,81,inert-trailing-comment,positive,True,True,,0.999077085348,1.000000000000,1.000000000000
aiohttp,3.13.3,aiohttp-05,948b609b26ad91787433a118ec9a199d2664525e91d30bfc07cf17e082ea41b5,13adee27c46ea192afbc5aff5ffb50caa18d17d46ee5948c30c367f393943463,22767,5,549,3313,81,syntax-aware-local-rename,positive,True,True,,0.994913396185,0.997756590017,1.000000000000
aiohttp,3.13.3,aiohttp-05,948b609b26ad91787433a118ec9a199d2664525e91d30bfc07cf17e082ea41b5,cb5d9c9306ab3ed6878650ee828ebbad4eb76248882441caa7c73933b7f09977,14605,5,549,3313,81,scope-blind-identifier-collapse,negative,False,False,"SyntaxError:f-string: invalid conversion character 'v': expected 's', 'r', or 'a'",0.377818785754,0.484475932486,0.000000000000
anyio,4.13.0,anyio-01,7fa87f93677be37181bfd16102784cfd8a53bd6808af3072f5c384d1e275509c,38fe0f1b544907216945f93f62cc01b61dbbe3a3a8cfa1e30e36267745edd81b,2714,1,63,152,2,inert-trailing-comment,positive,True,True,,0.992250922509,1.000000000000,1.000000000000
anyio,4.13.0,anyio-01,7fa87f93677be37181bfd16102784cfd8a53bd6808af3072f5c384d1e275509c,5be8561f9ac0849331ac0490cdbb1863a0aa470c8e52e0690b810b00959fd2bf,2713,1,63,152,2,syntax-aware-local-rename,positive,True,True,,0.980917431193,0.990654205607,1.000000000000
anyio,4.13.0,anyio-01,7fa87f93677be37181bfd16102784cfd8a53bd6808af3072f5c384d1e275509c,5443505ad6d70e29dd50588f6b6b8e27c7836d3c580db5bfabf826effd60edbc,2146,1,63,152,2,scope-blind-identifier-collapse,negative,True,False,"SyntaxError:future feature v is not defined (<transfer-audit>, line 1)",0.644315861130,0.753086419753,1.000000000000
anyio,4.13.0,anyio-02,05c540189c35551bed22a9effa8d116f4a701fba7cbf096f976d711eae76d9a8,afaf80218ab08344219d3539e7eb4c3bcdbb6a61e2c911ecbceb6bc95455cde1,5786,2,137,630,3,inert-trailing-comment,positive,True,True,,0.996368038741,1.000000000000,1.000000000000
anyio,4.13.0,anyio-02,05c540189c35551bed22a9effa8d116f4a701fba7cbf096f976d711eae76d9a8,00ce458433aeb0eca6c08e04903b89528b2ddb13efff9cee6a5d4280ba3952d0,5785,2,137,630,3,syntax-aware-local-rename,positive,True,True,,0.991029843022,0.996179560649,1.000000000000
anyio,4.13.0,anyio-02,05c540189c35551bed22a9effa8d116f4a701fba7cbf096f976d711eae76d9a8,990841027d711fe326ba00e8b46d7db4df315a351b26571bab9eeae080378d19,4002,2,137,630,3,scope-blind-identifier-collapse,negative,True,False,"SyntaxError:future feature v is not defined (<transfer-audit>, line 1)",0.470614828210,0.612654320988,1.000000000000
anyio,4.13.0,anyio-03,73611d7015fec672b0c4f702e0f8e7dffa86f48fb1e085853b647d46a0868cce,b53a8e4af0091613585f90defd17c6eff27b6d908117f81a0c9a520325f442c1,6469,3,170,639,19,inert-trailing-comment,positive,True,True,,0.996750734953,1.000000000000,1.000000000000
anyio,4.13.0,anyio-03,73611d7015fec672b0c4f702e0f8e7dffa86f48fb1e085853b647d46a0868cce,932f0bbd1bf1919bc27cfc7a61f5a7c44e28efcc1cfef9f9e90045336c320126,6468,3,170,639,19,syntax-aware-local-rename,positive,True,True,,0.991972831121,0.995995995996,1.000000000000
anyio,4.13.0,anyio-03,73611d7015fec672b0c4f702e0f8e7dffa86f48fb1e085853b647d46a0868cce,8f782e313cb3f36d416e4e82a1f4e17fe8f37fd1b54a8e2139106d17b139f99d,4573,3,170,639,19,scope-blind-identifier-collapse,negative,True,False,"SyntaxError:future feature v is not defined (<transfer-audit>, line 1)",0.514097098061,0.650662251656,1.000000000000
anyio,4.13.0,anyio-04,b7a878289b2da88c5fc704d9d583bcbe9515b81f7d9df08b96d9f43477dab47a,3b0444fa9a28232ada5fa62c48ee89fa2a230c5c36fbb3aae9d1e840c57e9cdb,12796,4,294,1680,54,inert-trailing-comment,positive,True,True,,0.998358348968,1.000000000000,1.000000000000
anyio,4.13.0,anyio-04,b7a878289b2da88c5fc704d9d583bcbe9515b81f7d9df08b96d9f43477dab47a,d8e7a7ee11c6cd1a1ffd9ec9eadfa3d71b0ba10ae22773d884c8a39b0f2a4dde,12831,4,294,1680,54,syntax-aware-local-rename,positive,True,True,,0.982036391792,0.991773778920,1.000000000000
anyio,4.13.0,anyio-04,b7a878289b2da88c5fc704d9d583bcbe9515b81f7d9df08b96d9f43477dab47a,d87faa49aea678fb0c35b712f7dbebb86be0c6b699c426c8bc6d69be31cbc3d6,8012,4,294,1680,54,scope-blind-identifier-collapse,negative,True,False,"SyntaxError:future feature v is not defined (<transfer-audit>, line 1)",0.380756196425,0.514464425332,1.000000000000
anyio,4.13.0,anyio-05,8c4db0e7d151177c91a38be39237d917661caac059bdceba556470ac91836069,bdc1179385144300115a3d3dce5b92eded543f82a61bb7c8dceab465d8dc5d6b,19645,5,510,2381,21,inert-trailing-comment,positive,True,True,,0.998930808004,1.000000000000,1.000000000000
anyio,4.13.0,anyio-05,8c4db0e7d151177c91a38be39237d917661caac059bdceba556470ac91836069,90dfd086849d23fce16ed2be0d07725d15734d731fbe5975a8bad981ccc7abed,19654,5,510,2381,21,syntax-aware-local-rename,positive,True,True,,0.996339789538,0.998402981102,1.000000000000
anyio,4.13.0,anyio-05,8c4db0e7d151177c91a38be39237d917661caac059bdceba556470ac91836069,e78e6684e2a8620dc07f19ea2ae51b62ab061c0516be3af8162545d72f94af78,15122,5,510,2381,21,scope-blind-identifier-collapse,negative,True,False,"SyntaxError:future feature v is not defined (<transfer-audit>, line 1)",0.528826687792,0.638228234781,1.000000000000
asn1crypto,1.5.1,asn1crypto-01,3b0b17df47a9bfe11323d786acb5bd18baafd0a7a889246725c8cdf76ae8aa14,3ba2b26117425c2b0d95222a152c678b8e3b9aacdf282aa8b6319ff80a0a5f43,960,1,33,148,3,inert-trailing-comment,positive,True,True,,0.978033472803,1.000000000000,1.000000000000
asn1crypto,1.5.1,asn1crypto-01,3b0b17df47a9bfe11323d786acb5bd18baafd0a7a889246725c8cdf76ae8aa14,04b99ded73abd24cc471821ce4c71ab3c56cd0ec6d57fb93820fb262a8201074,945,1,33,148,3,syntax-aware-local-rename,positive,True,True,,0.932028836251,0.977777777778,1.000000000000
asn1crypto,1.5.1,asn1crypto-01,3b0b17df47a9bfe11323d786acb5bd18baafd0a7a889246725c8cdf76ae8aa14,960c657bc24ccaba340c8a6df42512b28492feeabdb8076dfafd693841971562,685,1,33,148,3,scope-blind-identifier-collapse,negative,True,False,"SyntaxError:future feature v is not defined (<transfer-audit>, line 2)",0.417543859649,0.568281938326,1.000000000000
asn1crypto,1.5.1,asn1crypto-02,e550182dbc7112d7dd6462a08f320dc6598d91883d77fec99990057ebd047009,9005e638b08f711950a46daf2bb01a671d2de823516b0ac664a078db13bc47ef,4554,2,114,687,15,inert-trailing-comment,positive,True,True,,0.995384615385,1.000000000000,1.000000000000
asn1crypto,1.5.1,asn1crypto-02,e550182dbc7112d7dd6462a08f320dc6598d91883d77fec99990057ebd047009,b342a7fbeb4c7de0111f2c5c58299492425ce80f1aa35f931dde41de19631de2,4553,2,114,687,15,syntax-aware-local-rename,positive,True,True,,0.988608981380,0.993966817496,1.000000000000
asn1crypto,1.5.1,asn1crypto-02,e550182dbc7112d7dd6462a08f320dc6598d91883d77fec99990057ebd047009,b844d745123cf7232ecf09c4a6ea3158ba8932cf90aafc7dd3ab0952f7cf55ce,3677,2,114,687,15,scope-blind-identifier-collapse,negative,True,False,"SyntaxError:duplicate argument 'v' in function definition (<transfer-audit>, line 35)",0.515241086274,0.488738738739,1.000000000000
asn1crypto,1.5.1,asn1crypto-03,b38eabfca090f61d4710d5cc8780062935deb22bd0aca9d6cd4dfe82893be6e2,c37963fffb07327b4c1d53ee947fe73499f27bbd25f991d1b1ca5db63fb16285,6166,3,172,613,20,inert-trailing-comment,positive,True,True,,0.996592015579,1.000000000000,1.000000000000
asn1crypto,1.5.1,asn1crypto-03,b38eabfca090f61d4710d5cc8780062935deb22bd0aca9d6cd4dfe82893be6e2,08fefc55c122c2b78153c2af504e51795dff9194be119dd02d1246cb563ddfdc,6160,3,172,613,20,syntax-aware-local-rename,positive,True,True,,0.973519499278,0.990892531876,1.000000000000
asn1crypto,1.5.1,asn1crypto-03,b38eabfca090f61d4710d5cc8780062935deb22bd0aca9d6cd4dfe82893be6e2,88c4cc360c050f3e1e76f2529fb06098f848e3a4ac738df3dcad11a3d76067e3,4981,3,172,613,20,scope-blind-identifier-collapse,negative,True,False,"SyntaxError:future feature v is not defined (<transfer-audit>, line 12)",0.624014022787,0.709147771697,1.000000000000
asn1crypto,1.5.1,asn1crypto-04,da420ff2018887c057b75abfd12e4a867333514408bee4f414301837229ea9b6,12c5f1b3fddd92363c65668064d662ef1e34c2e186e11d84d58e11cdeaf87d92,8754,4,228,1198,45,inert-trailing-comment,positive,True,True,,0.997600000000,1.000000000000,1.000000000000
asn1crypto,1.5.1,asn1crypto-04,da420ff2018887c057b75abfd12e4a867333514408bee4f414301837229ea9b6,ef5305f59efd03e6381ddc92b9904367ee9e14ff0a658493fd0ab4d9765e0d53,8841,4,228,1198,45,syntax-aware-local-rename,positive,True,True,,0.963778647289,0.984952978056,1.000000000000
asn1crypto,1.5.1,asn1crypto-04,da420ff2018887c057b75abfd12e4a867333514408bee4f414301837229ea9b6,fb43966023cc3a6a1ee28ce94726b7f7ed93b4d27873df3f194a4efcabea7024,6274,4,228,1198,45,scope-blind-identifier-collapse,negative,True,False,"SyntaxError:future feature v is not defined (<transfer-audit>, line 11)",0.466751417954,0.602226720648,1.000000000000
asn1crypto,1.5.1,asn1crypto-05,daac431a00a9d97289e71147131d2394b1641d859d2afaed5017462eb5153db1,d57a03603bca9bc9848dfb7dd69dabf15e5419c985f672e5a177d1f1c304ea2e,19045,5,536,1830,31,inert-trailing-comment,positive,True,True,,0.998897116748,1.000000000000,1.000000000000
asn1crypto,1.5.1,asn1crypto-05,daac431a00a9d97289e71147131d2394b1641d859d2afaed5017462eb5153db1,fb3303b88cc358e532ac70f5adfc9948ef5f66fb873f62a9dcd4e55c386f5d64,19069,5,536,1830,31,syntax-aware-local-rename,positive,True,True,,0.992935635793,0.996428571429,1.000000000000
asn1crypto,1.5.1,asn1crypto-05,daac431a00a9d97289e71147131d2394b1641d859d2afaed5017462eb5153db1,5336ecd121633d3235715cb2d1b20659a745e19a8409322f7dd7e19e7e97080f,13714,5,536,1830,31,scope-blind-identifier-collapse,negative,True,False,"SyntaxError:future feature v is not defined (<transfer-audit>, line 13)",0.539945422038,0.672651107121,1.000000000000
attrs,26.1.0,attrs-01,746ab7c51e9f819105e9406dfcbd13f9e507201e22e37911987d0fdbcb09570f,723c2adb5031a6fe50ef0b41e991dff983981f9c74a4e06def5e0efd5e2d62c5,864,1,23,50,1,inert-trailing-comment,positive,True,True,,0.975581395349,1.000000000000,1.000000000000
attrs,26.1.0,attrs-01,746ab7c51e9f819105e9406dfcbd13f9e507201e22e37911987d0fdbcb09570f,e4e80a46dceb75bb7235fab6da8c81968d654d92538f07c3805945faf65884c9,876,1,23,50,1,syntax-aware-local-rename,positive,True,True,,0.916013437850,0.959183673469,1.000000000000
attrs,26.1.0,attrs-01,746ab7c51e9f819105e9406dfcbd13f9e507201e22e37911987d0fdbcb09570f,fdf803b7558fe01aa8f42362fe3eec25fc782b486146e7a265adc828b154d701,723,1,23,50,1,scope-blind-identifier-collapse,negative,True,False,"SyntaxError:name 'v' is parameter and global (<transfer-audit>, line 19)",0.742729306488,0.822784810127,1.000000000000
attrs,26.1.0,attrs-02,64188a58ba774742df099b2aed7d75a67f565fc36c952db05cce23b272ce19cf,1f36a6f2c9b56f476bd794178443f60140612618c25725016344137ced37860f,1816,2,54,171,2,inert-trailing-comment,positive,True,True,,0.988410596026,1.000000000000,1.000000000000
attrs,26.1.0,attrs-02,64188a58ba774742df099b2aed7d75a67f565fc36c952db05cce23b272ce19cf,9612fa701ac7556bb053698a2b1456dec3616b773e086323d6e7216bc2f1bff7,1810,2,54,171,2,syntax-aware-local-rename,positive,True,True,,0.949593495935,0.982608695652,1.000000000000
attrs,26.1.0,attrs-02,64188a58ba774742df099b2aed7d75a67f565fc36c952db05cce23b272ce19cf,fbd0711d73712534a684c6540ab56ba132b909f39e4b533397f8f8713faa06b7,1497,2,54,171,2,scope-blind-identifier-collapse,negative,True,False,"SyntaxError:duplicate argument 'v' in function definition (<transfer-audit>, line 38)",0.619329388560,0.697270471464,1.000000000000
attrs,26.1.0,attrs-03,1a50de3b33de4c581e0412db8fd1b9ec4cf994093af2e85200b45827f7b17bce,a137a3b5d25b0f653c93f10fa019d94e5e3c7b57f0e541a6c412e99730701dcf,3882,3,116,356,18,inert-trailing-comment,positive,True,True,,0.994584837545,1.000000000000,1.000000000000
attrs,26.1.0,attrs-03,1a50de3b33de4c581e0412db8fd1b9ec4cf994093af2e85200b45827f7b17bce,b274f3ba650c78181c2b80fe4dfb240a5d0a23d22460f5f41ccdf211f6653a84,3881,3,116,356,18,syntax-aware-local-rename,positive,True,True,,0.970445859873,0.988095238095,1.000000000000
attrs,26.1.0,attrs-03,1a50de3b33de4c581e0412db8fd1b9ec4cf994093af2e85200b45827f7b17bce,a24fd67f8c93fc124d553fc85255a61006dbd2fdd822254664e20cee35673b21,3160,3,116,356,18,scope-blind-identifier-collapse,negative,False,False,"SyntaxError:f-string: invalid conversion character 'v': expected 's', 'r', or 'a'",0.643928738865,0.719433719434,0.000000000000
attrs,26.1.0,attrs-04,231e481134dfcf9174d45fb5d8c17f0921689889f687c6faec4555cf6802b411,cbab554bd0dcb8349656f37a925d625a6d310774af745dff0814a091a2cb1f93,16500,4,428,1258,45,inert-trailing-comment,positive,True,True,,0.998726964113,1.000000000000,1.000000000000
attrs,26.1.0,attrs-04,231e481134dfcf9174d45fb5d8c17f0921689889f687c6faec4555cf6802b411,cb02140f18725e707d64b038dd55f91cb84b39b8a6e1f4438fdfe895dd41b82d,16519,4,428,1258,45,syntax-aware-local-rename,positive,True,True,,0.993714872787,0.996642887117,1.000000000000
attrs,26.1.0,attrs-04,231e481134dfcf9174d45fb5d8c17f0921689889f687c6faec4555cf6802b411,457905e54d37f74485c8093aa29d9b72c578b67b7edd81c6c242363cb042410f,13620,4,428,1258,45,scope-blind-identifier-collapse,negative,True,False,"SyntaxError:duplicate argument 'v' in function definition (<transfer-audit>, line 30)",0.650993086799,0.683651804671,1.000000000000
attrs,26.1.0,attrs-05,9b7411cd94c036be1fd82e1e55d528160d753605d66a4f166ade2a4131a1bdcb,9a017ece79e9bd0c018f9972d0d54bdf4906552b566b2a3c0c383f5eb46c5506,21574,5,575,1891,40,inert-trailing-comment,positive,True,True,,0.999026425591,1.000000000000,1.000000000000
attrs,26.1.0,attrs-05,9b7411cd94c036be1fd82e1e55d528160d753605d66a4f166ade2a4131a1bdcb,0a32892d122761542ec6ec25f76a9c3fb339a793325b671fbfadd56b4737a3fa,21565,5,575,1891,40,syntax-aware-local-rename,positive,True,True,,0.997220291869,0.998986058302,1.000000000000
attrs,26.1.0,attrs-05,9b7411cd94c036be1fd82e1e55d528160d753605d66a4f166ade2a4131a1bdcb,4d99e2d12f703f701d9724f60f23116bc3bb35e4c835e094e83b5ea20121af5d,17320,5,575,1891,40,scope-blind-identifier-collapse,negative,False,False,"SyntaxError:f-string: invalid conversion character 'v': expected 's', 'r', or 'a'",0.610116828238,0.699202758026,0.000000000000
babel,2.18.0,babel-01,f61d42170557de56a2036a1a660032c11a84af48212383ee4c204a90581b6a62,648bae4c5202eefd1701210537ef100f03302706df07166abc676f364f74689c,1220,1,33,219,3,inert-trailing-comment,positive,True,True,,0.982730263158,1.000000000000,1.000000000000
babel,2.18.0,babel-01,f61d42170557de56a2036a1a660032c11a84af48212383ee4c204a90581b6a62,b38bd4df8479b94caff72eb2ce5320532c518c6265097afaac1b20e5ca63eea5,1223,1,33,219,3,syntax-aware-local-rename,positive,True,True,,0.961007311129,0.984732824427,1.000000000000
babel,2.18.0,babel-01,f61d42170557de56a2036a1a660032c11a84af48212383ee4c204a90581b6a62,f630fc120bcefb87f935c697b2de652c3f6981370cc05ac3c53cdf286115f2a7,761,1,33,219,3,scope-blind-identifier-collapse,negative,True,False,"SyntaxError:duplicate argument 'v' in function definition (<transfer-audit>, line 22)",0.309188464118,0.477272727273,1.000000000000
babel,2.18.0,babel-02,9b597d347b9ac23d694a7719782f3671425f770c626ff0bb25251bff61216d43,560c2547b8d98cb31df8db16e4f904c8709cd2f24bb9b3b69a8357c05e053f67,3506,2,77,112,3,inert-trailing-comment,positive,True,True,,0.994003426613,1.000000000000,1.000000000000
babel,2.18.0,babel-02,9b597d347b9ac23d694a7719782f3671425f770c626ff0bb25251bff61216d43,a1c0551df80b87798353e5c2c0c5e7dadaff88b473482ebc1ce7b0cff176f4a3,3505,2,77,112,3,syntax-aware-local-rename,positive,True,True,,0.985214671595,0.991935483871,1.000000000000
babel,2.18.0,babel-02,9b597d347b9ac23d694a7719782f3671425f770c626ff0bb25251bff61216d43,e953c576215d158f663a2ce79b5cd68645aafac3e824e3e86f193bc041b3c82d,3015,2,77,112,3,scope-blind-identifier-collapse,negative,True,False,"SyntaxError:future feature v is not defined (<transfer-audit>, line 1)",0.760303687636,0.802919708029,1.000000000000
babel,2.18.0,babel-03,297e7445c79beab62e0a774361e0e28ef45edb0d6383897b45077b369697458d,a017c7c18c130704115d7987d526b5e6a910277bd2b44b9f11a991b92356aded,6230,3,140,807,34,inert-trailing-comment,positive,True,True,,0.996627047864,1.000000000000,1.000000000000
babel,2.18.0,babel-03,297e7445c79beab62e0a774361e0e28ef45edb0d6383897b45077b369697458d,85871100981ef7c5e87b57f0de0f0280e4f70f35e5cb10e9bbf88c36fee2b276,6237,3,140,807,34,syntax-aware-local-rename,positive,True,True,,0.982783357245,0.992380952381,1.000000000000
babel,2.18.0,babel-03,297e7445c79beab62e0a774361e0e28ef45edb0d6383897b45077b369697458d,3fd2146d961a18dba8f85fa0446837d423868cca7273061cd876ee4c5ab9fa6a,4747,3,140,807,34,scope-blind-identifier-collapse,negative,False,False,"SyntaxError:f-string: invalid conversion character 'v': expected 's', 'r', or 'a'",0.532474804031,0.619195046440,0.000000000000
babel,2.18.0,babel-04,f786fe36f8e642e89d229a6d8b3d8d33e77fdfad7903132757cad071a59a969d,a9b61dd7b63a4c2f8f08f3c4d1cd4a37e103ebffae10b866852d5ebf47280352,9154,4,227,1311,37,inert-trailing-comment,positive,True,True,,0.997704918033,1.000000000000,1.000000000000
babel,2.18.0,babel-04,f786fe36f8e642e89d229a6d8b3d8d33e77fdfad7903132757cad071a59a969d,22252122d37f1388a8ead7ad6f671f2772934a7831c3577e949044bc1ff7c043,9193,4,227,1311,37,syntax-aware-local-rename,positive,True,True,,0.983326115201,0.993318485523,1.000000000000
babel,2.18.0,babel-04,f786fe36f8e642e89d229a6d8b3d8d33e77fdfad7903132757cad071a59a969d,862d52c12d78b87c70cfecb74507e62f745c2751e431a1ec98c0ee4accfee300,7105,4,227,1311,37,scope-blind-identifier-collapse,negative,False,False,"SyntaxError:f-string: invalid conversion character 'v': expected 's', 'r', or 'a'",0.511173184358,0.599642537980,0.000000000000
babel,2.18.0,babel-05,d16b1fb815d4d79d293f06f39eb9ede8c73abf2ae28f677dc93263f4c5e76c6c,5b6645a85b6949a063dcf5d298d522d79766de44080e4da23609ed8db8ec3ccf,14003,5,291,913,25,inert-trailing-comment,positive,True,True,,0.998497639147,1.000000000000,1.000000000000
babel,2.18.0,babel-05,d16b1fb815d4d79d293f06f39eb9ede8c73abf2ae28f677dc93263f4c5e76c6c,99a2567c6731f4b23a811dc8ee0e41dcef25df7f00ecb442a5b0f0bb11e7cced,13976,5,291,913,25,syntax-aware-local-rename,positive,True,True,,0.991863535793,0.997266514806,1.000000000000
babel,2.18.0,babel-05,d16b1fb815d4d79d293f06f39eb9ede8c73abf2ae28f677dc93263f4c5e76c6c,b166a8ec3293d0872648e9b60092c9a958a9361c432735004d2ecc6399f7ddc9,11190,5,291,913,25,scope-blind-identifier-collapse,negative,True,False,"SyntaxError:future feature v is not defined (<transfer-audit>, line 1)",0.650374458021,0.736925515055,1.000000000000
beautifulsoup4,4.14.3,beautifulsoup4-01,9e21c90a4dfb00f83c284b8539ae7b6576b12dd06673fd95eaeb9a26abbbaf7d,6a80cab58694010d409b4c986427ef75ccad022dd38bbe5f0bae9abc1f2cc3e0,2429,1,63,272,0,inert-trailing-comment,positive,True,True,,0.991340206186,1.000000000000,1.000000000000
beautifulsoup4,4.14.3,beautifulsoup4-01,9e21c90a4dfb00f83c284b8539ae7b6576b12dd06673fd95eaeb9a26abbbaf7d,965c1cc369deb36a120b28313cae80c76dfc93e1c8df32a8e5b0f0bb75148ffb,2426,1,63,272,0,syntax-aware-local-rename,positive,True,True,,0.977868852459,0.991360691145,1.000000000000
beautifulsoup4,4.14.3,beautifulsoup4-01,9e21c90a4dfb00f83c284b8539ae7b6576b12dd06673fd95eaeb9a26abbbaf7d,1fe414c91e6c68b1ff6057eeaeb632a81fd866b79236148ea399e78af4342f2e,1793,1,63,272,0,scope-blind-identifier-collapse,negative,True,False,"SyntaxError:duplicate argument 'v' in function definition (<transfer-audit>, line 22)",0.488462903798,0.628975265018,1.000000000000
beautifulsoup4,4.14.3,beautifulsoup4-02,b814f493a5bc3b9909f4f0ae2588eb6bdef2a14a82f9d94cf43feffa844cd2bf,2e522882f89ab9c609bc2deecd2cae73544aa74fb9fa9f95b5ae543be478e793,10499,2,233,859,14,inert-trailing-comment,positive,True,True,,0.997999047165,1.000000000000,1.000000000000
beautifulsoup4,4.14.3,beautifulsoup4-02,b814f493a5bc3b9909f4f0ae2588eb6bdef2a14a82f9d94cf43feffa844cd2bf,e7dcda5c60414c20f2627cc616f5cd8e448d9ca70cb2cd198225530703e433a7,10562,2,233,859,14,syntax-aware-local-rename,positive,True,True,,0.984150943396,0.990807616546,1.000000000000
beautifulsoup4,4.14.3,beautifulsoup4-02,b814f493a5bc3b9909f4f0ae2588eb6bdef2a14a82f9d94cf43feffa844cd2bf,44c814be36f70526ab89187755f629de38ba00a69c21a59701b7c077bc45d7a9,7752,2,233,859,14,scope-blind-identifier-collapse,negative,True,False,"SyntaxError:future feature v is not defined (<transfer-audit>, line 1)",0.571268431491,0.656830601093,1.000000000000
beautifulsoup4,4.14.3,beautifulsoup4-03,fe6fe5ff84865879d8eb6d15276d63fea407d515f7a7dd6c6157a680ac5a2ec3,30a9c748eb1e83b00e6ea2bfa193b98b5bb897b8462f2ba508e08b5f494ca09e,12734,3,275,662,8,inert-trailing-comment,positive,True,True,,0.998350353496,1.000000000000,1.000000000000
beautifulsoup4,4.14.3,beautifulsoup4-03,fe6fe5ff84865879d8eb6d15276d63fea407d515f7a7dd6c6157a680ac5a2ec3,f82c73deed0fd837ebe92216f8cce7044842f49592bd0d519d2beb8c5f99a99f,12731,3,275,662,8,syntax-aware-local-rename,positive,True,True,,0.995763044331,0.998202247191,1.000000000000
beautifulsoup4,4.14.3,beautifulsoup4-03,fe6fe5ff84865879d8eb6d15276d63fea407d515f7a7dd6c6157a680ac5a2ec3,b39c49b4f402e63015e03130053961ecc901f5fab71f50d83a4f8aa37a71a71f,11290,3,275,662,8,scope-blind-identifier-collapse,negative,True,False,"SyntaxError:future feature v is not defined (<transfer-audit>, line 15)",0.744456561250,0.772727272727,1.000000000000
beautifulsoup4,4.14.3,beautifulsoup4-04,0a750b3d0576ae6e2f2e88c9001a50ed79bd76275d9c4671d96733fd54c2d4c8,d98135d68e1d57717964eb2941adf4231aacc825e489685b27ce789171a4412d,17466,4,400,1409,26,inert-trailing-comment,positive,True,True,,0.998797388615,1.000000000000,1.000000000000
beautifulsoup4,4.14.3,beautifulsoup4-04,0a750b3d0576ae6e2f2e88c9001a50ed79bd76275d9c4671d96733fd54c2d4c8,64f8466882e82eee9b183ac032e320aaa061a9ff1ccdcf55a63f763f9b5e12bf,17459,4,400,1409,26,syntax-aware-local-rename,positive,True,True,,0.996681352635,0.998012916046,1.000000000000
beautifulsoup4,4.14.3,beautifulsoup4-04,0a750b3d0576ae6e2f2e88c9001a50ed79bd76275d9c4671d96733fd54c2d4c8,aa05f5b43bb48cf2dc80266dde86e163e7a28d0e8759be0cc988519d4cf627b0,13587,4,400,1409,26,scope-blind-identifier-collapse,negative,True,False,"SyntaxError:future feature v is not defined (<transfer-audit>, line 3)",0.606129633464,0.583464566929,1.000000000000
beautifulsoup4,4.14.3,beautifulsoup4-05,84beb1524e3f2368b908c82e16860596b236e9c6380eeb7b7ce110ad472d1c83,572660705987fdfbfa26ec11af3e5aebe5543596c4c0d9d16546a0cebbe6ff55,23628,5,516,2479,44,inert-trailing-comment,positive,True,True,,0.999111073485,1.000000000000,1.000000000000
beautifulsoup4,4.14.3,beautifulsoup4-05,84beb1524e3f2368b908c82e16860596b236e9c6380eeb7b7ce110ad472d1c83,5651bde2a1628f8f3ecad0c58e8c2b8b84ec3f90182172bf1cfb050476eff724,23631,5,516,2479,44,syntax-aware-local-rename,positive,True,True,,0.996449253921,0.997924593566,1.000000000000
beautifulsoup4,4.14.3,beautifulsoup4-05,84beb1524e3f2368b908c82e16860596b236e9c6380eeb7b7ce110ad472d1c83,372664fba2b1548800909a9e5e5eb2c0a3e8b61e031dbe54d00f6e7c8ce7c119,16844,5,516,2479,44,scope-blind-identifier-collapse,negative,True,False,"SyntaxError:duplicate argument 'v' in function definition (<transfer-audit>, line 89)",0.506369189511,0.513626834382,1.000000000000
cattrs,26.1.0,cattrs-01,9e80037705cff534a9c88ca313a591da221b18f9a2822aef02b280a075899832,24fba319ffa44080c8be9ac5070b44cec48a79bd911b67eb145eb74267965788,1151,1,27,151,3,inert-trailing-comment,positive,True,True,,0.981691368788,1.000000000000,1.000000000000
cattrs,26.1.0,cattrs-01,9e80037705cff534a9c88ca313a591da221b18f9a2822aef02b280a075899832,24d7d74e18569771ee2e954cadf197b881a14a9019d809046075bc1e595fee6a,1150,1,27,151,3,syntax-aware-local-rename,positive,True,True,,0.955249569707,0.982222222222,1.000000000000
cattrs,26.1.0,cattrs-01,9e80037705cff534a9c88ca313a591da221b18f9a2822aef02b280a075899832,82f282b91bc203aff8438046d9ca8703470fc041a743a56cc4f720a387e8b413,844,1,27,151,3,scope-blind-identifier-collapse,negative,True,False,"SyntaxError:duplicate argument 'v' in function definition (<transfer-audit>, line 10)",0.489393939394,0.627737226277,1.000000000000
cattrs,26.1.0,cattrs-02,3b9c61402ccda6e1620cd0cc95b73278e56acab57ae4d84c64d46c1b78e7a015,c9a78bc6830aee6b5b543f392f65548898a0811463ba2fd904a4877665b0e8f1,2612,2,50,249,6,inert-trailing-comment,positive,True,True,,0.991947852761,1.000000000000,1.000000000000
cattrs,26.1.0,cattrs-02,3b9c61402ccda6e1620cd0cc95b73278e56acab57ae4d84c64d46c1b78e7a015,9e136b187342fd590fb19a401ae9c6d86ab83bee4a7a721aa59b7a50e26718b8,2606,2,50,249,6,syntax-aware-local-rename,positive,True,True,,0.967020470053,0.986754966887,1.000000000000
cattrs,26.1.0,cattrs-02,3b9c61402ccda6e1620cd0cc95b73278e56acab57ae4d84c64d46c1b78e7a015,6ec5f83929c23e4e9970365a0bae86788e33685cd58aa5b4a158d9abce632c60,1919,2,50,249,6,scope-blind-identifier-collapse,negative,True,False,"SyntaxError:duplicate argument 'v' in function definition (<transfer-audit>, line 13)",0.551343900758,0.682242990654,1.000000000000
cattrs,26.1.0,cattrs-03,c033a155c224051d1bc39ccc0023e551c7f6617bfe79a9a083e1a619dbf87125,cc6db295212b40447df33b422d5f63041cd9f1eab77bf2ce33a4eaa0dd55444f,3104,3,73,435,9,inert-trailing-comment,positive,True,True,,0.993225806452,1.000000000000,1.000000000000
cattrs,26.1.0,cattrs-03,c033a155c224051d1bc39ccc0023e551c7f6617bfe79a9a083e1a619dbf87125,832ec2441d28cf5a6224f0b80fe6b894a8e542f6a17255d3ed19697712edcc5a,3105,3,73,435,9,syntax-aware-local-rename,positive,True,True,,0.983948635634,0.992740471869,1.000000000000
cattrs,26.1.0,cattrs-03,c033a155c224051d1bc39ccc0023e551c7f6617bfe79a9a083e1a619dbf87125,26188dcbbdd3ed4ce672e84fd87c195c5e677a5d99087d1d500333e00e3c4467,1833,3,73,435,9,scope-blind-identifier-collapse,negative,True,False,"SyntaxError:duplicate argument 'v' in function definition (<transfer-audit>, line 37)",0.309498399146,0.514482758621,1.000000000000
cattrs,26.1.0,cattrs-04,f6a03ea66b0fbe0acce8c18ff04bf68153fa60bdab5efa0195afc2d15807c50d,1ed31c06b5d66749eb783d96a9217b2633126c969d38fda23a5855d9d345521d,6801,4,157,868,16,inert-trailing-comment,positive,True,True,,0.996910401648,1.000000000000,1.000000000000
cattrs,26.1.0,cattrs-04,f6a03ea66b0fbe0acce8c18ff04bf68153fa60bdab5efa0195afc2d15807c50d,3e54a1edee0c3b3e3b2e084534f21a6cbc9d894b3b04652a8377e07f5b13a25e,6790,4,157,868,16,syntax-aware-local-rename,positive,True,True,,0.990898414563,0.996323529412,1.000000000000
cattrs,26.1.0,cattrs-04,f6a03ea66b0fbe0acce8c18ff04bf68153fa60bdab5efa0195afc2d15807c50d,bdcdee14a55c055c86a7c4a657516a60345be3395536c510c7f5104f4ac597c2,4371,4,157,868,16,scope-blind-identifier-collapse,negative,True,False,"SyntaxError:future feature v is not defined (<transfer-audit>, line 1)",0.404815935451,0.534982332155,1.000000000000
cattrs,26.1.0,cattrs-05,e5d3a90fa3bccd455972b79a279c12b7d9fe36eb789fbf626eb91ae5377a97ce,4b966573e67a0eeadc7c9a6f0ced40fe6b78942b3563f85e35fb312e35e834a9,12272,5,339,1714,67,inert-trailing-comment,positive,True,True,,0.998288229540,1.000000000000,1.000000000000
cattrs,26.1.0,cattrs-05,e5d3a90fa3bccd455972b79a279c12b7d9fe36eb789fbf626eb91ae5377a97ce,22924323adb1e093fcc1225592a659c01c9ae071a4c4b7ddb49cba3222f12262,12295,5,339,1714,67,syntax-aware-local-rename,positive,True,True,,0.991882457992,0.996061053668,1.000000000000
cattrs,26.1.0,cattrs-05,e5d3a90fa3bccd455972b79a279c12b7d9fe36eb789fbf626eb91ae5377a97ce,ba32a53aa08361f93ef8a1a5a3a3c28d124b4f8e5172d80888d8eddbd9a6336a,8071,5,339,1714,67,scope-blind-identifier-collapse,negative,True,False,"SyntaxError:duplicate argument 'v' in function definition (<transfer-audit>, line 178)",0.371918687107,0.521200750469,1.000000000000
charset-normalizer,3.4.7,charset-normalizer-01,c8120530d00134f13926474a396c95a37e9f66d57d9e6f1b7f7ecbac35ae973f,d7e55baae60c473e4e27766915013523f46705ae7eb0d63279927c0921500d2d,2682,1,64,288,14,inert-trailing-comment,positive,True,True,,0.992158327110,1.000000000000,1.000000000000
charset-normalizer,3.4.7,charset-normalizer-01,c8120530d00134f13926474a396c95a37e9f66d57d9e6f1b7f7ecbac35ae973f,eca25e8548d52685024435e5a745bdc37e16f20675bee9ad2a9e43122edeff6a,2709,1,64,288,14,syntax-aware-local-rename,positive,True,True,,0.914316315602,0.959390862944,1.000000000000
charset-normalizer,3.4.7,charset-normalizer-01,c8120530d00134f13926474a396c95a37e9f66d57d9e6f1b7f7ecbac35ae973f,8aaa8102ccf749b42b9519725531828416330d7dee0504da08942917228990d4,2077,1,64,288,14,scope-blind-identifier-collapse,negative,True,False,"SyntaxError:future feature v is not defined (<transfer-audit>, line 1)",0.562087186262,0.618448637317,1.000000000000
charset-normalizer,3.4.7,charset-normalizer-02,15b6909c8e840a6566c87452bd53397c735e30043729219dc0b8c6710a960f0b,23a42b71c44e6aeb7547b5facef384541b6738f1d375bd77026e96ed8a662321,12842,2,309,1803,39,inert-trailing-comment,positive,True,True,,0.998364231189,1.000000000000,1.000000000000
charset-normalizer,3.4.7,charset-normalizer-02,15b6909c8e840a6566c87452bd53397c735e30043729219dc0b8c6710a960f0b,487291a8c2736021b9c78b4dd74f0736f0be18016bf3a13060fdab71b897faac,12875,2,309,1803,39,syntax-aware-local-rename,positive,True,True,,0.987466150870,0.994097393015,1.000000000000
charset-normalizer,3.4.7,charset-normalizer-02,15b6909c8e840a6566c87452bd53397c735e30043729219dc0b8c6710a960f0b,d9787145ca62512a9c923c31a0ced73dd3020f59e971477c880a68043d6a6379,8790,2,309,1803,39,scope-blind-identifier-collapse,negative,True,False,"SyntaxError:future feature v is not defined (<transfer-audit>, line 1)",0.420128845648,0.512122342410,1.000000000000
charset-normalizer,3.4.7,charset-normalizer-03,f5ca62fbfd3ebc2f691837eea1aae10ba56517f271c31e49b1affc238c360fc9,f0a821cc85a9d3c9f2f104d374e4c45b832d43ef2f9f6015593ed380f97dad4d,12303,3,309,1880,62,inert-trailing-comment,positive,True,True,,0.998292266406,1.000000000000,1.000000000000
charset-normalizer,3.4.7,charset-normalizer-03,f5ca62fbfd3ebc2f691837eea1aae10ba56517f271c31e49b1affc238c360fc9,07580e6eae791c1d239959cb9de514e1097aa8f47edbc1972966bbd6dc897232,12292,3,309,1880,62,syntax-aware-local-rename,positive,True,True,,0.995288383428,0.997882477501,1.000000000000
charset-normalizer,3.4.7,charset-normalizer-03,f5ca62fbfd3ebc2f691837eea1aae10ba56517f271c31e49b1affc238c360fc9,d00c27c91d492ea5da489e8e5a1c79dd98398f0a8611a26517421b29e369e80d,6807,3,309,1880,62,scope-blind-identifier-collapse,negative,True,False,"SyntaxError:future feature v is not defined (<transfer-audit>, line 1)",0.286726021854,0.482907662083,1.000000000000
charset-normalizer,3.4.7,charset-normalizer-04,13d145495d44da2384fc1d81d6d247413f44c49a9ceb42acfdcfb4f2c35ac21f,ab07d2d94ffa7464524ef9c01fbbaea5c16e6b85ef5901e7b97b55e2dafb85dc,11961,4,325,1395,47,inert-trailing-comment,positive,True,True,,0.998243706615,1.000000000000,1.000000000000
charset-normalizer,3.4.7,charset-normalizer-04,13d145495d44da2384fc1d81d6d247413f44c49a9ceb42acfdcfb4f2c35ac21f,e5f465e3998b04aa76cd36647ff5bfdbfb2eb06d8c9acbf2d8470be25fe3a8c9,11952,4,325,1395,47,syntax-aware-local-rename,positive,True,True,,0.994988306047,0.997895844292,1.000000000000
charset-normalizer,3.4.7,charset-normalizer-04,13d145495d44da2384fc1d81d6d247413f44c49a9ceb42acfdcfb4f2c35ac21f,fc8d320efca53f9a7434627c2c6f450a4b9d14d4670659a9c6fb9aca6039f573,9455,4,325,1395,47,scope-blind-identifier-collapse,negative,False,False,"SyntaxError:f-string: invalid conversion character 'v': expected 's', 'r', or 'a'",0.553497494007,0.597140454163,0.000000000000
charset-normalizer,3.4.7,charset-normalizer-05,bf488f270786b117a05f2c2b3352f3520a96f5b275285bc86e54073f58e6e454,9bb6a6d0cad8181ebf6c2693f5bbf0f4ecb0f77cceea058ef65b651e213b520d,15195,5,354,2048,78,inert-trailing-comment,positive,True,True,,0.998616874136,1.000000000000,1.000000000000
charset-normalizer,3.4.7,charset-normalizer-05,bf488f270786b117a05f2c2b3352f3520a96f5b275285bc86e54073f58e6e454,867fe09120dbc2b1f5623b9f3a292d44d709c7470a109a1d80134db9a1639347,15189,5,354,2048,78,syntax-aware-local-rename,positive,True,True,,0.993888012618,0.997130559541,1.000000000000
charset-normalizer,3.4.7,charset-normalizer-05,bf488f270786b117a05f2c2b3352f3520a96f5b275285bc86e54073f58e6e454,38f3f44c27ebca0e0b547d552812832d70365beb49011a1755865340f310430d,9177,5,354,2048,78,scope-blind-identifier-collapse,negative,True,False,"SyntaxError:future feature v is not defined (<transfer-audit>, line 1)",0.378378378378,0.534729878721,1.000000000000
click,8.1.8,click-01,d747d0eb839c05432e2bb985be1f37eb7feea0ec4f95122d64198acd12438286,6a2955edb70befbf41ae0f35e5d2d0af5270afd9a1284be1fa277ed83aa62890,1374,1,39,252,5,inert-trailing-comment,positive,True,True,,0.984671532847,1.000000000000,1.000000000000
click,8.1.8,click-01,d747d0eb839c05432e2bb985be1f37eb7feea0ec4f95122d64198acd12438286,74878457559953da22deac1bd06bff7317c5010479e5843ab63ac229b2d82e27,1377,1,39,252,5,syntax-aware-local-rename,positive,True,True,,0.940128296507,0.975103734440,1.000000000000
click,8.1.8,click-01,d747d0eb839c05432e2bb985be1f37eb7feea0ec4f95122d64198acd12438286,c65aa76823907f91617720c0824b0b779855bc497f3f935c0730a10598daec2a,738,1,39,252,5,scope-blind-identifier-collapse,negative,True,False,"SyntaxError:duplicate argument 'v' in function definition (<transfer-audit>, line 9)",0.224573780129,0.429429429429,1.000000000000
click,8.1.8,click-02,57bcc34fa7a6a89f22365d241753f99291662cc590d53d4beda34d28ce18474c,86ab3e42c4cc77161b59ac7cc6693513ac7dfec1b46d25f005edfa7888463810,9621,2,230,1275,29,inert-trailing-comment,positive,True,True,,0.997816366850,1.000000000000,1.000000000000
click,8.1.8,click-02,57bcc34fa7a6a89f22365d241753f99291662cc590d53d4beda34d28ce18474c,c9baf9ee59ea1b85a7e8c670cce52eaa4c5530b1a106c66d5add67357589e272,9640,2,230,1275,29,syntax-aware-local-rename,positive,True,True,,0.989242863053,0.995621237001,1.000000000000
click,8.1.8,click-02,57bcc34fa7a6a89f22365d241753f99291662cc590d53d4beda34d28ce18474c,6fb6c25f61436517706d9eb187a7447c12114e2bc6d7338ae70beab24b967fc5,7155,2,230,1275,29,scope-blind-identifier-collapse,negative,True,False,"SyntaxError:duplicate argument 'v' in function definition (<transfer-audit>, line 31)",0.484663120567,0.589363557105,1.000000000000
click,8.1.8,click-03,dd103c6a709fed367cfb94401798add937be6965c100be552dab109cc882d994,d66f96bc4811d308ecc8697fabaccee4b157fbbb1bbbc3cdbcdc444f379cec89,16303,3,402,2184,38,inert-trailing-comment,positive,True,True,,0.998711577397,1.000000000000,1.000000000000
click,8.1.8,click-03,dd103c6a709fed367cfb94401798add937be6965c100be552dab109cc882d994,e9e91afca6f2dd00e5e1cb6e2bd040a75d0d4272f01ec7fdcdd20473419c85d2,16308,3,402,2184,38,syntax-aware-local-rename,positive,True,True,,0.997180335908,0.998576005696,1.000000000000
click,8.1.8,click-03,dd103c6a709fed367cfb94401798add937be6965c100be552dab109cc882d994,bf1e6732d6a460012332859ba1f40abc814105ab5bbecac122de00cf2a0af9a3,12007,3,402,2184,38,scope-blind-identifier-collapse,negative,True,False,"SyntaxError:duplicate argument 'v' in function definition (<transfer-audit>, line 22)",0.476274990865,0.539347408829,1.000000000000
click,8.1.8,click-04,878b2775ca45e4e1eb65037cbc3f0859be4e072bd6ec005b8514e8c68beba92f,34ce277841b1f1e7d35fdcba0172fdca1ea57582ff1024b48c0918439d4a6d4c,19088,4,441,2489,65,inert-trailing-comment,positive,True,True,,0.998899601761,1.000000000000,1.000000000000
click,8.1.8,click-04,878b2775ca45e4e1eb65037cbc3f0859be4e072bd6ec005b8514e8c68beba92f,1757261970ed8eb63b1949d2886365145ea19599a823f9baae85d4c9860eda38,19144,4,441,2489,65,syntax-aware-local-rename,positive,True,True,,0.990880191777,0.995313023100,1.000000000000
click,8.1.8,click-04,878b2775ca45e4e1eb65037cbc3f0859be4e072bd6ec005b8514e8c68beba92f,b9780b47ef308ce13b597420775c722f6dedd0587d34abd42b3d71f55565feb6,14960,4,441,2489,65,scope-blind-identifier-collapse,negative,True,False,"SyntaxError:duplicate argument 'v' in function definition (<transfer-audit>, line 52)",0.539112337692,0.540449728612,1.000000000000
click,8.1.8,click-05,71ef88acef6294823be8b1a4537e78a4e7476dea4cf147ed7cd1fb49f314ff6f,8a8bc9656476ac7a1b04a4ed6421058adcca422ed35893149c9e6eab0036ff1b,20351,5,497,2134,60,inert-trailing-comment,positive,True,True,,0.998967805358,1.000000000000,1.000000000000
click,8.1.8,click-05,71ef88acef6294823be8b1a4537e78a4e7476dea4cf147ed7cd1fb49f314ff6f,80bd8bb187461925a492d9a196a7b6c5a28bc4ec5101af0754597838ceb2803f,20350,5,497,2134,60,syntax-aware-local-rename,positive,True,True,,0.997445972495,0.998948751643,1.000000000000
click,8.1.8,click-05,71ef88acef6294823be8b1a4537e78a4e7476dea4cf147ed7cd1fb49f314ff6f,6efa10cfb8fef66fb5a834b252cdd9f1da3969c19ad134aeef7c23d1b140ff85,16924,5,497,2134,60,scope-blind-identifier-collapse,negative,True,False,"SyntaxError:duplicate argument 'v' in function definition (<transfer-audit>, line 36)",0.616897494899,0.665061295972,1.000000000000
coverage,7.13.3,coverage-01,11fd4d94cbae0f9836677bc984af5fafaca0fcdc4e61326619300244b535ba7a,8a9d75be62ce8185f442074c449799192d2303c18f42ccdbc6fcf7686b8c94d5,2455,1,55,291,11,inert-trailing-comment,positive,True,True,,0.991432068543,1.000000000000,1.000000000000
coverage,7.13.3,coverage-01,11fd4d94cbae0f9836677bc984af5fafaca0fcdc4e61326619300244b535ba7a,05b1edddcb493f68e9ca3d3fdd7d2399862b10246afa28a7a447eecd01e18747,2422,1,55,291,11,syntax-aware-local-rename,positive,True,True,,0.940752602082,0.979487179487,1.000000000000
coverage,7.13.3,coverage-01,11fd4d94cbae0f9836677bc984af5fafaca0fcdc4e61326619300244b535ba7a,8d62844238d112b29b0eb25cbac1df5c8b3477bfd80bda80ac67a2559bdb39cf,1812,1,55,291,11,scope-blind-identifier-collapse,negative,True,False,"SyntaxError:future feature v is not defined (<transfer-audit>, line 6)",0.528860028860,0.635593220339,1.000000000000
coverage,7.13.3,coverage-02,67b72132f0b1b9832ed968fd39cd6f94ef1d57538ea995d67f300bb167c40bbb,5c19d84512f89c0d3ace201c9db4038424d17123f19ea4c6c9b7c1e7e255872a,7471,2,162,848,36,inert-trailing-comment,positive,True,True,,0.997187625552,1.000000000000,1.000000000000
coverage,7.13.3,coverage-02,67b72132f0b1b9832ed968fd39cd6f94ef1d57538ea995d67f300bb167c40bbb,55465208b68e1cbeba27cfb328846dd6f5af6de09079174d559533ae04b0a283,7466,2,162,848,36,syntax-aware-local-rename,positive,True,True,,0.992515370222,0.996120271581,1.000000000000
coverage,7.13.3,coverage-02,67b72132f0b1b9832ed968fd39cd6f94ef1d57538ea995d67f300bb167c40bbb,126be07464795ae5db34fe4f16a18481e046170a4a3767ad885ef0d17047349e,5796,2,162,848,36,scope-blind-identifier-collapse,negative,True,False,"SyntaxError:future feature v is not defined (<transfer-audit>, line 6)",0.559429850395,0.577011494253,1.000000000000
coverage,7.13.3,coverage-03,a8e14d1b9f610982c0a7c752f01c57e829462ca7252803b336cff0b0e94db347,aac18e6a5e2c43cf59bca1d06ae6e263ceb6f44a15075da1bd528e96f95c55ce,8721,3,206,1015,34,inert-trailing-comment,positive,True,True,,0.997590914305,1.000000000000,1.000000000000
coverage,7.13.3,coverage-03,a8e14d1b9f610982c0a7c752f01c57e829462ca7252803b336cff0b0e94db347,21b5150af5b65b3e962322e8599226fdc6baf95a20e27872681fdb013792cc61,8720,3,206,1015,34,syntax-aware-local-rename,positive,True,True,,0.994501718213,0.997082421590,1.000000000000
coverage,7.13.3,coverage-03,a8e14d1b9f610982c0a7c752f01c57e829462ca7252803b336cff0b0e94db347,1e316dafe8441d886bd1fdf37b7b4493f3b772d86c8c8553725514a074753619,6703,3,206,1015,34,scope-blind-identifier-collapse,negative,True,False,"SyntaxError:future feature v is not defined (<transfer-audit>, line 6)",0.536427145709,0.587246376812,1.000000000000
coverage,7.13.3,coverage-04,8bd68ace0e834a8624cd78a0a879f6a4edfe31f8844c58773a77ff8378c1a99c,3c1d43cdb5aa0e71d452c6cb83b9a58b138b4d30e46707dac8c348360363f47b,11659,4,289,1418,29,inert-trailing-comment,positive,True,True,,0.998198198198,1.000000000000,1.000000000000
coverage,7.13.3,coverage-04,8bd68ace0e834a8624cd78a0a879f6a4edfe31f8844c58773a77ff8378c1a99c,cd47a9558651b7ce88e4f8e0c5b9bd9fed6531b88678ab9e4272262e1b9270b7,11715,4,289,1418,29,syntax-aware-local-rename,positive,True,True,,0.985119047619,0.993775011116,1.000000000000
coverage,7.13.3,coverage-04,8bd68ace0e834a8624cd78a0a879f6a4edfe31f8844c58773a77ff8378c1a99c,aeae837383610786685f4ce348fcf8480257511527b9a29cb875c58e44793f65,9280,4,289,1418,29,scope-blind-identifier-collapse,negative,False,False,SyntaxError:invalid syntax,0.554646840149,0.640687888767,0.000000000000
coverage,7.13.3,coverage-05,2aebb97ee15bb059040246ecb510c124331969b983f671bf0091077c322fbd7e,dc719b41ab385afc89e696f75f06ce0a030b6e6b7e396a13816eda6fe99de14c,21798,5,528,3286,69,inert-trailing-comment,positive,True,True,,0.999036432046,1.000000000000,1.000000000000
coverage,7.13.3,coverage-05,2aebb97ee15bb059040246ecb510c124331969b983f671bf0091077c322fbd7e,50ac9857cdff76f83672e3c58f43d3dcfa145b57375a072ed9fd60012dd0fb25,21801,5,528,3286,69,syntax-aware-local-rename,positive,True,True,,0.996151555413,0.998578535892,1.000000000000
coverage,7.13.3,coverage-05,2aebb97ee15bb059040246ecb510c124331969b983f671bf0091077c322fbd7e,80bf8156e6f52d619e8527d1c40159a44dfaf298f72aaf6e5aa66d3fae4c1336,16250,5,528,3286,69,scope-blind-identifier-collapse,negative,False,False,"SyntaxError:f-string: invalid conversion character 'v': expected 's', 'r', or 'a'",0.470128765322,0.590797661701,0.000000000000
defusedxml,0.7.1,defusedxml-01,0d88f60f695cef1a31677f207f3ba35e67739ddf28bf30ea1855eac976edc639,b8d7e25e356bd60a8bb6774a3c7d9e95c29a77a1c6fc976d016b4646678db868,1191,1,35,124,2,inert-trailing-comment,positive,True,True,,0.982308340354,1.000000000000,1.000000000000
defusedxml,0.7.1,defusedxml-01,0d88f60f695cef1a31677f207f3ba35e67739ddf28bf30ea1855eac976edc639,bdde270260b40ab4eadbe25e3e5936b01541028b7553740e6a93ef9676eb651d,1166,1,35,124,2,syntax-aware-local-rename,positive,True,True,,0.936772046589,0.975155279503,1.000000000000
defusedxml,0.7.1,defusedxml-01,0d88f60f695cef1a31677f207f3ba35e67739ddf28bf30ea1855eac976edc639,c4062e48e69a925e93beb34f56fbe11c282d7c36fe5796ae72e6ba5759aad950,687,1,35,124,2,scope-blind-identifier-collapse,negative,True,False,"SyntaxError:future feature v is not defined (<transfer-audit>, line 8)",0.320714285714,0.465437788018,1.000000000000
defusedxml,0.7.1,defusedxml-02,f92174f0cb1cda6584600330eb6a49e4533059c70e72d1529d0c032d82cb9551,32d982f688d20b91df8687b384afd7833a05fd47cea2cccd996a803983e09ec4,1498,2,49,188,1,inert-trailing-comment,positive,True,True,,0.985943775100,1.000000000000,1.000000000000
defusedxml,0.7.1,defusedxml-02,f92174f0cb1cda6584600330eb6a49e4533059c70e72d1529d0c032d82cb9551,b591b863c1f660c5296767fd1c2d85a0dd3cec593cf56aa34b03f0aceb64805a,1493,2,49,188,1,syntax-aware-local-rename,positive,True,True,,0.962889330683,0.980952380952,1.000000000000
defusedxml,0.7.1,defusedxml-02,f92174f0cb1cda6584600330eb6a49e4533059c70e72d1529d0c032d82cb9551,5fb2603a45a189af641bb656a19a7ae026c79258572900470c97dc244ef05452,755,2,49,188,1,scope-blind-identifier-collapse,negative,True,False,"SyntaxError:future feature v is not defined (<transfer-audit>, line 8)",0.243152599217,0.434482758621,1.000000000000
defusedxml,0.7.1,defusedxml-03,6f8434e6fb01309e52b6489315fe26cb6ac61a8d60672125fe10b931e1533800,04ad2c5f0a3708e8777069728736b8292b34648e3576ed813b64055c585cfa91,3753,3,85,406,8,inert-trailing-comment,positive,True,True,,0.994398506268,1.000000000000,1.000000000000
defusedxml,0.7.1,defusedxml-03,6f8434e6fb01309e52b6489315fe26cb6ac61a8d60672125fe10b931e1533800,c6b1571364ae5331bc9931a2a42b216bf9dfeb0a78bbb631d70d4b8f0a8c3390,3752,3,85,406,8,syntax-aware-local-rename,positive,True,True,,0.987240829346,0.992380952381,1.000000000000
defusedxml,0.7.1,defusedxml-03,6f8434e6fb01309e52b6489315fe26cb6ac61a8d60672125fe10b931e1533800,dcd150d91346e38e0829d3170fed93bd57f7f4f3fa498d98085a209ae975d42e,1934,3,85,406,8,scope-blind-identifier-collapse,negative,True,False,"SyntaxError:future feature v is not defined (<transfer-audit>, line 8)",0.280669986419,0.454798331015,1.000000000000
defusedxml,0.7.1,defusedxml-04,1d6f8b14a76b7cc4731dd8b455cb9cab8fa7f32cfbbff390c04416160d494180,5dcbca98a17fc2fc5f251226ad68fa3f4797ba25b92b487642176206a22544a2,4961,4,112,673,14,inert-trailing-comment,positive,True,True,,0.995763566673,1.000000000000,1.000000000000
defusedxml,0.7.1,defusedxml-04,1d6f8b14a76b7cc4731dd8b455cb9cab8fa7f32cfbbff390c04416160d494180,2a0dc6600fa7920028baaeeab85be37916950f8ded5dca5c219bad18bd6c5a7c,4962,4,112,673,14,syntax-aware-local-rename,positive,True,True,,0.989943684634,0.995079950800,1.000000000000
defusedxml,0.7.1,defusedxml-04,1d6f8b14a76b7cc4731dd8b455cb9cab8fa7f32cfbbff390c04416160d494180,1aada04d1a418b8584b7e5a3d554200627206277c4d8890faaa092883b741bf5,2954,4,112,673,14,scope-blind-identifier-collapse,negative,True,False,"SyntaxError:future feature v is not defined (<transfer-audit>, line 10)",0.340244731475,0.501851851852,1.000000000000
defusedxml,0.7.1,defusedxml-05,eeb6507b2deda9771cd61aeb337469ace20253a7e2167cbd07d9789e64e2a310,499b044515ef5f51fe66c3a08bc83eb73775f70c8e34e1d4b57647e9e5541e81,5385,5,127,688,21,inert-trailing-comment,positive,True,True,,0.996097379669,1.000000000000,1.000000000000
defusedxml,0.7.1,defusedxml-05,eeb6507b2deda9771cd61aeb337469ace20253a7e2167cbd07d9789e64e2a310,a556c9f8b9565f8a70d56f8504db92db67abdb096658a0b13932e28a87f4986b,5384,5,127,688,21,syntax-aware-local-rename,positive,True,True,,0.990363232024,0.994798439532,1.000000000000
defusedxml,0.7.1,defusedxml-05,eeb6507b2deda9771cd61aeb337469ace20253a7e2167cbd07d9789e64e2a310,9c9f3bc39367024f4404311acf8919bcd745f3fd3c061b6850c7747e99a9151b,3180,5,127,688,21,scope-blind-identifier-collapse,negative,True,False,"SyntaxError:future feature v is not defined (<transfer-audit>, line 10)",0.327527216174,0.452651515152,1.000000000000
dnspython,2.8.0,dnspython-01,031ace958cbed534d359e432a4329e5eb0c2add1c6a2bd042821387f1cd2406a,bd89ceed2877f97ffd43b66f4fd41c319c7b3205dbbb339130f11eb7c76874ce,1841,1,41,161,0,inert-trailing-comment,positive,True,True,,0.988568317910,1.000000000000,1.000000000000
dnspython,2.8.0,dnspython-01,031ace958cbed534d359e432a4329e5eb0c2add1c6a2bd042821387f1cd2406a,2d26025911aac19a313d036fc1bd1b2e189c83934807fdce565927552ea484ec,1834,1,41,161,0,syntax-aware-local-rename,positive,True,True,,0.968682505400,0.980676328502,1.000000000000
dnspython,2.8.0,dnspython-01,031ace958cbed534d359e432a4329e5eb0c2add1c6a2bd042821387f1cd2406a,d1d52467679e0f1f3bfc9e6ee49c59a655ebe3ce1acb3b79cc59d9f14eaf0c7f,1393,1,41,161,0,scope-blind-identifier-collapse,negative,True,False,"SyntaxError:duplicate argument 'v' in function definition (<transfer-audit>, line 31)",0.535697172976,0.443661971831,1.000000000000
dnspython,2.8.0,dnspython-02,75189945fc9900e970963dd895f6ef6428514002acb5887d93489b359c07bb95,e3e4c85ebfbc4840752a0dfa1d0535af71351c0e83b5023204071ffb815d4b4b,2508,2,58,229,8,inert-trailing-comment,positive,True,True,,0.991613418530,1.000000000000,1.000000000000
dnspython,2.8.0,dnspython-02,75189945fc9900e970963dd895f6ef6428514002acb5887d93489b359c07bb95,13a2106296b2929d224d995998b8935a69eea401dba687a9e73dd4b3f415736a,2529,2,58,229,8,syntax-aware-local-rename,positive,True,True,,0.932844461598,0.963636363636,1.000000000000
dnspython,2.8.0,dnspython-02,75189945fc9900e970963dd895f6ef6428514002acb5887d93489b359c07bb95,8be1e1e8aaf66b748a23d27ddf35ee7f40d4dcda5ff706c62b33a7246f3ce3ae,2151,2,58,229,8,scope-blind-identifier-collapse,negative,True,True,,0.684248817752,0.640506329114,1.000000000000
dnspython,2.8.0,dnspython-03,4caf0f725300b7bc55413bfa148b1ef636705d50affc1fbf00081f84ad2b4d64,d4eccafd3136afa551930c26309b05b8e00f53fd686399f5c3d6c334367f07b1,3304,3,82,516,1,inert-trailing-comment,positive,True,True,,0.993636363636,1.000000000000,1.000000000000
dnspython,2.8.0,dnspython-03,4caf0f725300b7bc55413bfa148b1ef636705d50affc1fbf00081f84ad2b4d64,310f061d2ef4f7f0cd09f720e69041a51f0c75d2db36d3ac74654f8366a6b0d2,3298,3,82,516,1,syntax-aware-local-rename,positive,True,True,,0.972097209721,0.989637305699,1.000000000000
dnspython,2.8.0,dnspython-03,4caf0f725300b7bc55413bfa148b1ef636705d50affc1fbf00081f84ad2b4d64,81a84ba5e151f96ff2d5aafa10d583463a37c5cac7d8a9aff78a584e646c700b,1673,3,82,516,1,scope-blind-identifier-collapse,negative,True,False,"SyntaxError:duplicate argument 'v' in function definition (<transfer-audit>, line 18)",0.213637478538,0.415233415233,1.000000000000
dnspython,2.8.0,dnspython-04,19c70e71c385646165c0d16057bf467df649bfabb5196dbc8ccfda99d88ba9e3,f0bb0630d8236e842c73174acb2627e8bca934c157c15c6c9d5e247a9ad83cd9,6538,4,185,935,39,inert-trailing-comment,positive,True,True,,0.996786042241,1.000000000000,1.000000000000
dnspython,2.8.0,dnspython-04,19c70e71c385646165c0d16057bf467df649bfabb5196dbc8ccfda99d88ba9e3,b691da71644e99ddc6d1e18b21d9a7ba4ca8a666666fc5b06aec38dd896efe7c,6545,4,185,935,39,syntax-aware-local-rename,positive,True,True,,0.982384206530,0.992578849722,1.000000000000
dnspython,2.8.0,dnspython-04,19c70e71c385646165c0d16057bf467df649bfabb5196dbc8ccfda99d88ba9e3,e82ab40ae3e2eca161eb3fdad17d41edd2bdd7decb40ed553fe041481d6b3954,5182,4,185,935,39,scope-blind-identifier-collapse,negative,True,False,"SyntaxError:duplicate argument 'v' in function definition (<transfer-audit>, line 104)",0.543162618796,0.593471810089,1.000000000000
dnspython,2.8.0,dnspython-05,4e7709ed4ba4cc0d2f17bf40c0d6b681e974cbd50ed36b427507f7cd41dbca08,67f8ebbae61f9353de5a1651adc1a53c1ee312c7c16844417b1a76e9fe7459cb,17749,5,400,1729,26,inert-trailing-comment,positive,True,True,,0.998816568047,1.000000000000,1.000000000000
dnspython,2.8.0,dnspython-05,4e7709ed4ba4cc0d2f17bf40c0d6b681e974cbd50ed36b427507f7cd41dbca08,f53414e98db285443ed8f7c0422d217dd640693cee2578336955c2c34ec815f4,17746,5,400,1729,26,syntax-aware-local-rename,positive,True,True,,0.997184367609,0.998574991094,1.000000000000
dnspython,2.8.0,dnspython-05,4e7709ed4ba4cc0d2f17bf40c0d6b681e974cbd50ed36b427507f7cd41dbca08,980818ab9f13dbe9d571ecc676aec9ea00e01af6621603b18fe7df3ca975846f,13716,5,400,1729,26,scope-blind-identifier-collapse,negative,True,False,"SyntaxError:duplicate argument 'v' in function definition (<transfer-audit>, line 50)",0.558320527438,0.601484441907,1.000000000000
h11,0.16.0,h11-01,2d69248d7c89685940cba2eddfdc3bdd44ad925153e68bdcbe8d13918ed162e9,3ed58e614c1496664e346b7578af5734f7188724e89f4aef37d7f05391f8d181,4909,1,109,330,6,inert-trailing-comment,positive,True,True,,0.995718654434,1.000000000000,1.000000000000
h11,0.16.0,h11-01,2d69248d7c89685940cba2eddfdc3bdd44ad925153e68bdcbe8d13918ed162e9,d806e93d909a61f58a696cb22f99f8621b9b46f0bddfc441e20129329365b279,4906,1,109,330,6,syntax-aware-local-rename,positive,True,True,,0.989024390244,0.992994746060,1.000000000000
h11,0.16.0,h11-01,2d69248d7c89685940cba2eddfdc3bdd44ad925153e68bdcbe8d13918ed162e9,12f2834b9c7b89cda5668e685c55b57609b4f41a93ab278cbc2f22f67e639804,4248,1,109,330,6,scope-blind-identifier-collapse,negative,True,False,"SyntaxError:duplicate argument 'v' in function definition (<transfer-audit>, line 41)",0.713213213213,0.654069767442,1.000000000000
h11,0.16.0,h11-02,c6bb29b1db0d81617145f41c4d7c51f11add8d15d74cad08a39710616a49d56b,362272fb1e78ef621983262db2cc3495925395de0e14ee00657db167a2857780,5273,2,126,489,8,inert-trailing-comment,positive,True,True,,0.996014423989,1.000000000000,1.000000000000
h11,0.16.0,h11-02,c6bb29b1db0d81617145f41c4d7c51f11add8d15d74cad08a39710616a49d56b,e0ef37b27bcfeb079c0306610328dde5ea9c7c09cd9f48dd73d249539cf756b6,5279,2,126,489,8,syntax-aware-local-rename,positive,True,True,,0.985846386111,0.988483685221,1.000000000000
h11,0.16.0,h11-02,c6bb29b1db0d81617145f41c4d7c51f11add8d15d74cad08a39710616a49d56b,d3e556cf6e2b65491fbd9ed0ced74ef0c43d71f03e57654a17879619e5a1ccbb,4392,2,126,489,8,scope-blind-identifier-collapse,negative,True,False,"SyntaxError:duplicate argument 'v' in function definition (<transfer-audit>, line 53)",0.660806618407,0.548579970105,1.000000000000
h11,0.16.0,h11-03,6b8472a4e454082dddd2afe4c4fb8120cee34c3f222ede57f754c7d05b1db8de,3ce19c94f1e007c209d010f4972639a19fcb7ef1a89813433ffbc019a787d204,8611,3,216,1230,31,inert-trailing-comment,positive,True,True,,0.997560125479,1.000000000000,1.000000000000
h11,0.16.0,h11-03,6b8472a4e454082dddd2afe4c4fb8120cee34c3f222ede57f754c7d05b1db8de,8b022f883c3fe51cd933bcdfb1bc98523dbe44df2f7418598b46f339b49a3ddf,8623,3,216,1230,31,syntax-aware-local-rename,positive,True,True,,0.991319444444,0.995468277946,1.000000000000
h11,0.16.0,h11-03,6b8472a4e454082dddd2afe4c4fb8120cee34c3f222ede57f754c7d05b1db8de,8723a18dd77b4c1da0738d50eaa295784bbeafbef347408239ead0aff84a300f,5491,3,216,1230,31,scope-blind-identifier-collapse,negative,False,False,"SyntaxError:f-string: invalid conversion character 'v': expected 's', 'r', or 'a'",0.387596134885,0.521013241220,0.000000000000
h11,0.16.0,h11-04,3fb0fe9413711f074b64f2e29a6630acf1bef59923125bef25925d6408123fee,d50c542e42682177f53c639d6bc22bef6a526fd1139ef801a50a03a2f2fecca8,10433,4,246,892,20,inert-trailing-comment,positive,True,True,,0.997986384121,1.000000000000,1.000000000000
h11,0.16.0,h11-04,3fb0fe9413711f074b64f2e29a6630acf1bef59923125bef25925d6408123fee,5e165949dde06cc6ea7fd9f490b6bdd453a940ef1fb1863be36e4a45a8b17290,10426,4,246,892,20,syntax-aware-local-rename,positive,True,True,,0.994446572195,0.996303142329,1.000000000000
h11,0.16.0,h11-04,3fb0fe9413711f074b64f2e29a6630acf1bef59923125bef25925d6408123fee,ff7fa6c6299c80ec01342e912792a393558afffa04c7db470620e3be3b50d1f4,8283,4,246,892,20,scope-blind-identifier-collapse,negative,True,False,"SyntaxError:duplicate argument 'v' in function definition (<transfer-audit>, line 104)",0.617221981826,0.549497847920,1.000000000000
h11,0.16.0,h11-05,93d61155fea4a19a9bb6d056dfac5259a26959d6706bec50554f401c4a3d0ee2,9740187cccb16d23f488fc739e2fb108cdcf443b6c97f760874e9a4722ba6c54,26884,5,568,2100,65,inert-trailing-comment,positive,True,True,,0.999218750000,1.000000000000,1.000000000000
h11,0.16.0,h11-05,93d61155fea4a19a9bb6d056dfac5259a26959d6706bec50554f401c4a3d0ee2,ae511d5081cb30c25584e78d853f2eef08a0fe0b18959375064ea099deac183d,26893,5,568,2100,65,syntax-aware-local-rename,positive,True,True,,0.997101772378,0.998109640832,1.000000000000
h11,0.16.0,h11-05,93d61155fea4a19a9bb6d056dfac5259a26959d6706bec50554f401c4a3d0ee2,2ac6439edfe18e1037206046a7798961969f82b7f12cea7a362aec0bbd91b8f5,21310,5,568,2100,65,scope-blind-identifier-collapse,negative,False,False,"SyntaxError:f-string: invalid conversion character 'v': expected 's', 'r', or 'a'",0.633376288660,0.624071702945,0.000000000000
httpx,0.28.1,httpx-01,35c3d7dd76a9fc4c0215958efce692c9036e227098c7540c35b3bc1807a2ea36,1598f976cc6910a905b2ddb323400b193480cc1fef58d25f1bbdfbc5a6f9376f,4846,1,120,613,11,inert-trailing-comment,positive,True,True,,0.995662949195,1.000000000000,1.000000000000
httpx,0.28.1,httpx-01,35c3d7dd76a9fc4c0215958efce692c9036e227098c7540c35b3bc1807a2ea36,6126540669aefb8c09683db761652d8f5272088ba78194d7ef0c823a758815ff,4902,1,120,613,11,syntax-aware-local-rename,positive,True,True,,0.936441522216,0.973840665874,1.000000000000
httpx,0.28.1,httpx-01,35c3d7dd76a9fc4c0215958efce692c9036e227098c7540c35b3bc1807a2ea36,5ebe46a655cbb0eec70b5ec14a3792e5a2ae6f2d80e846c733d7c9b8ed70501e,3383,1,120,613,11,scope-blind-identifier-collapse,negative,True,False,"SyntaxError:future feature v is not defined (<transfer-audit>, line 1)",0.454674472237,0.577946768061,1.000000000000
httpx,0.28.1,httpx-02,2c61b3ac94d1dcebcde0c6f519554d2d7917247fbaa0a97002db4ef69e70ff28,9f0df18e04cdbe6a69e3b25716e65a63319b32cd02b77346db948f3ffcdbe863,8182,2,196,1266,30,inert-trailing-comment,positive,True,True,,0.997432134996,1.000000000000,1.000000000000
httpx,0.28.1,httpx-02,2c61b3ac94d1dcebcde0c6f519554d2d7917247fbaa0a97002db4ef69e70ff28,a82207b7039b9abfca55ae0412e679443d665eba63deb6906c1a2de23875222b,8245,2,196,1266,30,syntax-aware-local-rename,positive,True,True,,0.961248654467,0.983002832861,1.000000000000
httpx,0.28.1,httpx-02,2c61b3ac94d1dcebcde0c6f519554d2d7917247fbaa0a97002db4ef69e70ff28,e2c415454d7d3575cb4c978c63c414f52b6da86746f208831640736dd6c2dc22,5209,2,196,1266,30,scope-blind-identifier-collapse,negative,False,False,"SyntaxError:f-string: invalid conversion character 'v': expected 's', 'r', or 'a'",0.367516119128,0.528384279476,0.000000000000
httpx,0.28.1,httpx-03,62bdd0c1a5122b5eeb198c7eee3f85762705233cf863d14557ed45e3eed15d7e,1d866826095c8d55423ec00d4a33fc63a2d1543fcddef1bda288e767a80be82b,11912,3,274,1675,31,inert-trailing-comment,positive,True,True,,0.998236479678,1.000000000000,1.000000000000
httpx,0.28.1,httpx-03,62bdd0c1a5122b5eeb198c7eee3f85762705233cf863d14557ed45e3eed15d7e,4f6662d1152bec4f1834e98cbcea6c116ad91f3dbf007bb648350e4e5a28fa21,11905,3,274,1675,31,syntax-aware-local-rename,positive,True,True,,0.995135452487,0.998036327933,1.000000000000
httpx,0.28.1,httpx-03,62bdd0c1a5122b5eeb198c7eee3f85762705233cf863d14557ed45e3eed15d7e,17def125128bb8d4356da8d6cb07d8cf47165a303f0bf2288c65502886d3a0e4,8153,3,274,1675,31,scope-blind-identifier-collapse,negative,False,False,"SyntaxError:f-string: invalid conversion character 'v': expected 's', 'r', or 'a'",0.425542511562,0.544006069803,0.000000000000
httpx,0.28.1,httpx-04,03379a454c95c0271c4f2c8d25ec437f49f57457f3cf2769748420bf0ecf2e79,c5bd577554a02c0f139af0f245b49aaeeac49c75c34ccfceb5a0aa18ccc94c0d,14004,4,351,1735,22,inert-trailing-comment,positive,True,True,,0.998500000000,1.000000000000,1.000000000000
httpx,0.28.1,httpx-04,03379a454c95c0271c4f2c8d25ec437f49f57457f3cf2769748420bf0ecf2e79,e61a76f41a5633e298e705e4b0d407016f090703e5c6a0a0ec2e50c21018f247,14053,4,351,1735,22,syntax-aware-local-rename,positive,True,True,,0.979518327566,0.990680335508,1.000000000000
httpx,0.28.1,httpx-04,03379a454c95c0271c4f2c8d25ec437f49f57457f3cf2769748420bf0ecf2e79,a1024c26f6538a0a69db5f874c33db9fd550da38a765ce41345cfdb896f8b01c,8546,4,351,1735,22,scope-blind-identifier-collapse,negative,False,False,"SyntaxError:f-string: invalid conversion character 'v': expected 's', 'r', or 'a'",0.358897001146,0.472595656670,0.000000000000
httpx,0.28.1,httpx-05,0a0f4631a6e24d3fecc1a0df5202118ad4b0c4b44c4b05033a6ecb7521aa940e,1b5940a49f2a7d2378682e27e8e82bd599c0c423224e0d8003b49ae448847631,15647,5,458,2402,44,inert-trailing-comment,positive,True,True,,0.998657546506,1.000000000000,1.000000000000
httpx,0.28.1,httpx-05,0a0f4631a6e24d3fecc1a0df5202118ad4b0c4b44c4b05033a6ecb7521aa940e,c56f7d2de39f589052133f9144e4c034836249259dd08f816fd10ed24aa97c4b,15638,5,458,2402,44,syntax-aware-local-rename,positive,True,True,,0.996168092988,0.998774134232,1.000000000000
httpx,0.28.1,httpx-05,0a0f4631a6e24d3fecc1a0df5202118ad4b0c4b44c4b05033a6ecb7521aa940e,60d98cbd61a6e92573e13d50b494196affbe01aa4dde639c57605b20f185ce4f,10880,5,458,2402,44,scope-blind-identifier-collapse,negative,False,False,"SyntaxError:f-string: invalid conversion character 'v': expected 's', 'r', or 'a'",0.412398059805,0.579176755448,0.000000000000
idna,3.17,idna-01,01ea40dfd71e447c647c73f8d7e16f296e4a8be7f83df519f7445432508d766a,8476460a489012f17c0500be1c4838a4a1626e16813be7521347dbc6276657f6,1374,1,28,58,0,inert-trailing-comment,positive,True,True,,0.984671532847,1.000000000000,1.000000000000
idna,3.17,idna-01,01ea40dfd71e447c647c73f8d7e16f296e4a8be7f83df519f7445432508d766a,d19ca4619fd9919d9239f64928865fd178c7928e56b576c2fbfe4d4b460b769b,1371,1,28,58,0,syntax-aware-local-rename,positive,True,True,,0.961010830325,0.985865724382,1.000000000000
idna,3.17,idna-01,01ea40dfd71e447c647c73f8d7e16f296e4a8be7f83df519f7445432508d766a,a652f6187307e2092f1426ad5b62cbb20f2e8d1bfbcd20e9971b22608dec14e8,1238,1,28,58,0,scope-blind-identifier-collapse,negative,True,True,,0.794996525365,0.842622950820,1.000000000000
idna,3.17,idna-02,838f6c70b4a4a89b4084b98e3836bb8551eb8928e66fad2d893b04a287097412,c501b334bbf1ba57b4780b51b8e5aa0c1be8b87bfac5986c3992717dd89e1396,1872,2,43,312,7,inert-trailing-comment,positive,True,True,,0.988758029979,1.000000000000,1.000000000000
idna,3.17,idna-02,838f6c70b4a4a89b4084b98e3836bb8551eb8928e66fad2d893b04a287097412,b84667149d35da0813d0c9aead8c5bf559e7dc8b944d3dc91f56da3b6f92c83f,1869,2,43,312,7,syntax-aware-local-rename,positive,True,True,,0.971322357939,0.990291262136,1.000000000000
idna,3.17,idna-02,838f6c70b4a4a89b4084b98e3836bb8551eb8928e66fad2d893b04a287097412,5690e2d8d0b67ccff3e971edcf64951d3dcbe3cbc6e4ef116fbaa506ba853b37,1428,2,43,312,7,scope-blind-identifier-collapse,negative,True,False,"SyntaxError:duplicate argument 'v' in function definition (<transfer-audit>, line 32)",0.512251502543,0.653225806452,1.000000000000
idna,3.17,idna-03,b30a892cc35cf14ceceb42b388da5b5a71eeaa51b75914302526e8e27f310c0a,7c0794a171d27e6e15aaa66634babd639b5ed4995c3cac8391fbfe9b5b590554,4160,3,107,459,11,inert-trailing-comment,positive,True,True,,0.994942196532,1.000000000000,1.000000000000
idna,3.17,idna-03,b30a892cc35cf14ceceb42b388da5b5a71eeaa51b75914302526e8e27f310c0a,edc2a771061ce60fabc9714a171ff18116c90b4dc9043cb49a9d57fa933c91e8,4159,3,107,459,11,syntax-aware-local-rename,positive,True,True,,0.987520998320,0.994974874372,1.000000000000
idna,3.17,idna-03,b30a892cc35cf14ceceb42b388da5b5a71eeaa51b75914302526e8e27f310c0a,211ba9e9b9904fe834d35d774572cf90c77cdbde70eea103cc410a48a5272da1,3239,3,107,459,11,scope-blind-identifier-collapse,negative,False,False,"SyntaxError:f-string: invalid conversion character 'v': expected 's', 'r', or 'a'",0.544043624161,0.649013499481,0.000000000000
idna,3.17,idna-04,2516e8f9fee91242dd59e887f3d67bd94478541621bca0c5ad005e357eac4431,32d3823c7b9ceca0f9d91d600b091bf70ec4a53d5dcef93676f652262f9642fd,5061,4,119,607,22,inert-trailing-comment,positive,True,True,,0.995847340320,1.000000000000,1.000000000000
idna,3.17,idna-04,2516e8f9fee91242dd59e887f3d67bd94478541621bca0c5ad005e357eac4431,200c683bac2da258b0969e49dcd86112f754a116c060236a5c91665eaf23ab18,5080,4,119,607,22,syntax-aware-local-rename,positive,True,True,,0.979639780736,0.990762124711,1.000000000000
idna,3.17,idna-04,2516e8f9fee91242dd59e887f3d67bd94478541621bca0c5ad005e357eac4431,1a458929801ab0de89e604428af45bc3e0e47f59e9a0152e96ea2ab4825b18d0,3903,4,119,607,22,scope-blind-identifier-collapse,negative,True,False,"SyntaxError:duplicate argument 'v' in function definition (<transfer-audit>, line 18)",0.546918282548,0.629489603025,1.000000000000
idna,3.17,idna-05,b46525a332f4f83e1f2983de6437151ab8621f5aeff98a2a558295964fd5de19,c2cb8db97b814b0b3be1a73432780bad5f4632ad9ffbb760a6c008551a2e7cda,24013,5,523,2574,120,inert-trailing-comment,positive,True,True,,0.999125109361,1.000000000000,1.000000000000
idna,3.17,idna-05,b46525a332f4f83e1f2983de6437151ab8621f5aeff98a2a558295964fd5de19,087e1e29eb137bd261723cabbb4046c81c55374042af3e5eebcc0d4108cace25,24010,5,523,2574,120,syntax-aware-local-rename,positive,True,True,,0.997751686235,0.999084458686,1.000000000000
idna,3.17,idna-05,b46525a332f4f83e1f2983de6437151ab8621f5aeff98a2a558295964fd5de19,8504219ba922397161a34029df2dd82c3a78aa17f548f2fc9e4dfb58c4f7eca7,19268,5,523,2574,120,scope-blind-identifier-collapse,negative,False,False,"SyntaxError:f-string: invalid conversion character 'v': expected 's', 'r', or 'a'",0.611748919040,0.714566156262,0.000000000000
jinja2,3.1.6,jinja2-01,bcaf8f76cba8ace3275929c4913de25094489139d880ed93e8c9c6c43807239a,aa7fb239838fbace39bda50bdfc28f785cc749eb17bff88ebde45ec9952818bc,2855,1,68,414,9,inert-trailing-comment,positive,True,True,,0.992634163451,1.000000000000,1.000000000000
jinja2,3.1.6,jinja2-01,bcaf8f76cba8ace3275929c4913de25094489139d880ed93e8c9c6c43807239a,8667cc6dc241e66bc9c24af8d521bbaf2b2845a3e156836fdd086261e6b5f7d5,2854,1,68,414,9,syntax-aware-local-rename,positive,True,True,,0.981856245639,0.992187500000,1.000000000000
jinja2,3.1.6,jinja2-01,bcaf8f76cba8ace3275929c4913de25094489139d880ed93e8c9c6c43807239a,9adc2234ccfca46c20ce4bbb685becbed9bd699323363211bc977fa38d6bced3,1869,1,68,414,9,scope-blind-identifier-collapse,negative,True,False,"SyntaxError:duplicate argument 'v' in function definition (<transfer-audit>, line 39)",0.372807017544,0.526946107784,1.000000000000
jinja2,3.1.6,jinja2-02,3930cf91a16f5361e0bf1fba6a4cfbd79e05f012166919af25c045bf0a291f0c,7eba26c20e25c5f3af0e23dafa06f4cf4f0b5fbed83a18e65ebc09febbce75fc,4418,2,90,401,15,inert-trailing-comment,positive,True,True,,0.995242410512,1.000000000000,1.000000000000
jinja2,3.1.6,jinja2-02,3930cf91a16f5361e0bf1fba6a4cfbd79e05f012166919af25c045bf0a291f0c,cf0d04d358e6493c2f7b989d2251a044e545cea9792ce4141ab88121d27c84be,4424,2,90,401,15,syntax-aware-local-rename,positive,True,True,,0.981785473353,0.991584852735,1.000000000000
jinja2,3.1.6,jinja2-02,3930cf91a16f5361e0bf1fba6a4cfbd79e05f012166919af25c045bf0a291f0c,f25844803f2c9e8ec1b0b4f4c25f9ec0e2b16f83843d375d87ea569ed9450587,3480,2,90,401,15,scope-blind-identifier-collapse,negative,True,False,"SyntaxError:duplicate argument 'v' in function definition (<transfer-audit>, line 18)",0.606574111882,0.647331786543,1.000000000000
jinja2,3.1.6,jinja2-03,54bb018551675a0f8fc52073d4c8519cd5a03f5a2f5e4de778ed452d031e0bd4,4a4685bd1a90f6935e1a610bb323774ad5d44ef4e14bde86fe9e3949446b6144,5947,3,185,660,5,inert-trailing-comment,positive,True,True,,0.996466431095,1.000000000000,1.000000000000
jinja2,3.1.6,jinja2-03,54bb018551675a0f8fc52073d4c8519cd5a03f5a2f5e4de778ed452d031e0bd4,2049419ef4560b2948d76918959ae09db1e36aa25f325513335ff73a13af16ff,5944,3,185,660,5,syntax-aware-local-rename,positive,True,True,,0.990936555891,0.996655518395,1.000000000000
jinja2,3.1.6,jinja2-03,54bb018551675a0f8fc52073d4c8519cd5a03f5a2f5e4de778ed452d031e0bd4,a6118c9f9794333de6b3a8cc12dcb0682880a46c2f3c44d214e62f5a2dd74dbc,4703,3,185,660,5,scope-blind-identifier-collapse,negative,True,False,"SyntaxError:duplicate argument 'v' in function definition (<transfer-audit>, line 25)",0.549832190282,0.653739612188,1.000000000000
jinja2,3.1.6,jinja2-04,821d2ab3daee9675e8d0f857e634c9cb6507cc8f3016743ade8fefc3b9e1cd18,904b382eab595d70efeca1e09bb9a925bfee347f405ed4972e29175ec2a1d46e,14082,4,331,1314,28,inert-trailing-comment,positive,True,True,,0.998508310840,1.000000000000,1.000000000000
jinja2,3.1.6,jinja2-04,821d2ab3daee9675e8d0f857e634c9cb6507cc8f3016743ade8fefc3b9e1cd18,bfc80b805edf3a904322d865d59901cb2fcde58fc9965d5d8d27af733e2c00aa,14113,4,331,1314,28,syntax-aware-local-rename,positive,True,True,,0.993488569609,0.996575342466,1.000000000000
jinja2,3.1.6,jinja2-04,821d2ab3daee9675e8d0f857e634c9cb6507cc8f3016743ade8fefc3b9e1cd18,0167957adda703136f8501f839ed525f791ca37d8fe17410b72f22089f6e07cf,11294,4,331,1314,28,scope-blind-identifier-collapse,negative,True,False,"SyntaxError:duplicate argument 'v' in function definition (<transfer-audit>, line 28)",0.603530081609,0.644569816643,1.000000000000
jinja2,3.1.6,jinja2-05,c08ae7c63bdc6ea8795705b6f0d4a47e8b620eaf2a342c4839215b1948922c1e,d9c22746c92934cd208a174407118c06c783685db649a2a293b4cfcfa93bf61b,24076,5,558,2865,62,inert-trailing-comment,positive,True,True,,0.999127617149,1.000000000000,1.000000000000
jinja2,3.1.6,jinja2-05,c08ae7c63bdc6ea8795705b6f0d4a47e8b620eaf2a342c4839215b1948922c1e,8408fc969d02915ca7e7c715f3d1b5cc861a332e9582db84f87784f4aa86eb3f,24073,5,558,2865,62,syntax-aware-local-rename,positive,True,True,,0.996266334785,0.998519980266,1.000000000000
jinja2,3.1.6,jinja2-05,c08ae7c63bdc6ea8795705b6f0d4a47e8b620eaf2a342c4839215b1948922c1e,6bb5442fc3621018547f129b84d17cc6ec2dfea5f99b86e0ad7907219406d686,18688,5,558,2865,62,scope-blind-identifier-collapse,negative,False,False,"SyntaxError:f-string: invalid conversion character 'v': expected 's', 'r', or 'a'",0.543559921982,0.590186457311,0.000000000000
jmespath,1.1.0,jmespath-01,4a21d133599d40f46dd76476aa442efc4cdb77e8219391cbcb51e5d631c0caff,69df440f9a99b94d69aba8188c6171221f58b8da55256d4814a4fd042c9c6244,2151,1,46,294,0,inert-trailing-comment,positive,True,True,,0.990218910107,1.000000000000,1.000000000000
jmespath,1.1.0,jmespath-01,4a21d133599d40f46dd76476aa442efc4cdb77e8219391cbcb51e5d631c0caff,561b11de6098fb399d8db830ea2aaa17d845e42e303daab20874e2bffb9f6c6a,2150,1,46,294,0,syntax-aware-local-rename,positive,True,True,,0.975948196115,0.991130820399,1.000000000000
jmespath,1.1.0,jmespath-01,4a21d133599d40f46dd76476aa442efc4cdb77e8219391cbcb51e5d631c0caff,319883bbba6788f98bbfc68d52a88cb5be81204879c06b66cdb028b2670ee712,1617,1,46,294,0,scope-blind-identifier-collapse,negative,True,False,"SyntaxError:duplicate argument 'v' in function definition (<transfer-audit>, line 5)",0.521155410903,0.672253258845,1.000000000000
jmespath,1.1.0,jmespath-02,e47468b7806fdd209376f87994041d401b2a49d68a8ee4cf4b21a6934f334af0,2d02d2d6c52adda595e74947d1ceb40e2a370cae8e1dde73cee861daf459da92,4149,2,98,497,1,inert-trailing-comment,positive,True,True,,0.994933655006,1.000000000000,1.000000000000
jmespath,1.1.0,jmespath-02,e47468b7806fdd209376f87994041d401b2a49d68a8ee4cf4b21a6934f334af0,207a1e2bc98e3ec7acb6edf14c8214e28782a398733b506acabc5d2ecfe63d12,4140,2,98,497,1,syntax-aware-local-rename,positive,True,True,,0.977022498803,0.990551181102,1.000000000000
jmespath,1.1.0,jmespath-02,e47468b7806fdd209376f87994041d401b2a49d68a8ee4cf4b21a6934f334af0,63863403844c83a2350f7e07249b93f35fcb91a73d8f11926470d758d63ce004,2613,2,98,497,1,scope-blind-identifier-collapse,negative,True,False,"SyntaxError:duplicate argument 'v' in function definition (<transfer-audit>, line 11)",0.391115702479,0.524728588661,1.000000000000
jmespath,1.1.0,jmespath-03,2c4dfe74cef99f2f51311f265e65a528a453225cfc9e3bd6cfe33edb2e2de560,ad9a0a1ddee2cc11bc2ede0206a561eb32eaea71c049cf10d61c71fa9100b856,8595,3,196,1284,32,inert-trailing-comment,positive,True,True,,0.997555581422,1.000000000000,1.000000000000
jmespath,1.1.0,jmespath-03,2c4dfe74cef99f2f51311f265e65a528a453225cfc9e3bd6cfe33edb2e2de560,a5908be8e648d0eed34de58a0c3fbd7cec44785f8b1427e3e39857bb07f031ea,8582,3,196,1284,32,syntax-aware-local-rename,positive,True,True,,0.992563327911,0.996887159533,1.000000000000
jmespath,1.1.0,jmespath-03,2c4dfe74cef99f2f51311f265e65a528a453225cfc9e3bd6cfe33edb2e2de560,6c55104d872b755f7cc049d8d8c04557f96cf0a0f88e50db083e569f2b48771f,6070,3,196,1284,32,scope-blind-identifier-collapse,negative,True,False,"SyntaxError:duplicate argument 'v' in function definition (<transfer-audit>, line 26)",0.451264253842,0.513864306785,1.000000000000
jmespath,1.1.0,jmespath-04,73d29131314d9ba2a457a23d42f82386264673bb3120bb3e2f79afc47055fe4c,d8451dfcee82b6ca323b806dc99d03de253414c00cea83884e90cb15ab2ca73f,12750,4,315,1717,49,inert-trailing-comment,positive,True,True,,0.998352424290,1.000000000000,1.000000000000
jmespath,1.1.0,jmespath-04,73d29131314d9ba2a457a23d42f82386264673bb3120bb3e2f79afc47055fe4c,c0af4fccb1d3ba4d693c9a0105bb1afd617659e62569f504eccf4213a648c40b,12733,4,315,1717,49,syntax-aware-local-rename,positive,True,True,,0.989059935922,0.995939086294,1.000000000000
jmespath,1.1.0,jmespath-04,73d29131314d9ba2a457a23d42f82386264673bb3120bb3e2f79afc47055fe4c,f74f9d84842dee4b2ed97a794b036793818cf304f56a0d0d68247bc47ac74154,8930,4,315,1717,49,scope-blind-identifier-collapse,negative,True,False,"SyntaxError:duplicate argument 'v' in function definition (<transfer-audit>, line 46)",0.464686781220,0.555379746835,1.000000000000
jmespath,1.1.0,jmespath-05,5630d0379ca349ee467f973d227700e84e18c55473621254697059ada0ec5137,6685490a35fb3d94e52201eda03407493b24123e0f2381937757173d3835f399,19592,5,469,2600,44,inert-trailing-comment,positive,True,True,,0.998927915050,1.000000000000,1.000000000000
jmespath,1.1.0,jmespath-05,5630d0379ca349ee467f973d227700e84e18c55473621254697059ada0ec5137,3e1c2fc75481ae3868c8366e88ff07fee137f39ddb2ab2e725d2b93c8c7eba4b,19587,5,469,2600,44,syntax-aware-local-rename,positive,True,True,,0.993482356535,0.997343075390,1.000000000000
jmespath,1.1.0,jmespath-05,5630d0379ca349ee467f973d227700e84e18c55473621254697059ada0ec5137,93974e7c881cc5a18b3d534c0ec4faccdc44694986aab0bda4e052b0974390d7,13391,5,469,2600,44,scope-blind-identifier-collapse,negative,True,False,"SyntaxError:duplicate argument 'v' in function definition (<transfer-audit>, line 76)",0.454601633194,0.543634496920,1.000000000000
lark,1.3.1,lark-01,8f09f8e2870d4216466df705b04667c22fe01af3db360ce343ed11b84b700f32,5c867e29343112ecfa7bc34b15f448a4176d86a3c577759f2aea11e790a4a81c,2138,1,44,168,5,inert-trailing-comment,positive,True,True,,0.990159325211,1.000000000000,1.000000000000
lark,1.3.1,lark-01,8f09f8e2870d4216466df705b04667c22fe01af3db360ce343ed11b84b700f32,12023366ffa62b1ed96cb021db68bd3d1d34ebb2ef4cbb34ec777fae5224385d,2137,1,44,168,5,syntax-aware-local-rename,positive,True,True,,0.977643223102,0.989583333333,1.000000000000
lark,1.3.1,lark-01,8f09f8e2870d4216466df705b04667c22fe01af3db360ce343ed11b84b700f32,640ca1d2397ddb91479841decf5758733982226a42c9052dd2c21643f3ccb09e,1739,1,44,168,5,scope-blind-identifier-collapse,negative,True,False,"SyntaxError:duplicate argument 'v' in function definition (<transfer-audit>, line 35)",0.638143891017,0.709172259508,1.000000000000
lark,1.3.1,lark-02,2ec81f4f581d9def295c74c2b0de9b97acc3e8f761d9d0eaa75ac858ece9ed8c,86dfe7669a7c1f20ca910e1cdabf0a9d227ac607c1f917d6b3f69c7c66f99317,5778,2,120,638,8,inert-trailing-comment,positive,True,True,,0.996363006581,1.000000000000,1.000000000000
lark,1.3.1,lark-02,2ec81f4f581d9def295c74c2b0de9b97acc3e8f761d9d0eaa75ac858ece9ed8c,86e9059020ee0024dd2bbeecbb3df0454586cf4c17e683f3e9f5689ceceb4ca7,5784,2,120,638,8,syntax-aware-local-rename,positive,True,True,,0.986735572782,0.993914807302,1.000000000000
lark,1.3.1,lark-02,2ec81f4f581d9def295c74c2b0de9b97acc3e8f761d9d0eaa75ac858ece9ed8c,9a560e4b32751ed802e7380fea2c89f2e0c33f73351d7e6e96831bd3be2b5178,4190,2,120,638,8,scope-blind-identifier-collapse,negative,True,False,"SyntaxError:duplicate argument 'v' in function definition (<transfer-audit>, line 18)",0.506593906321,0.594484995945,1.000000000000
lark,1.3.1,lark-03,41a2d8756ea6610743abc24a322b15de5bcfab3174c0f82ef2af01b6c480df78,1e13ea5cafc0388b9fcffae1d70250b8d58235868ab7ec4641a688a1c2566fa9,6286,3,158,1081,16,inert-trailing-comment,positive,True,True,,0.996657115568,1.000000000000,1.000000000000
lark,1.3.1,lark-03,41a2d8756ea6610743abc24a322b15de5bcfab3174c0f82ef2af01b6c480df78,87acdadbedebba702da38507b62ec1fbb9d01da94c58e6fbedb245e365dd1d05,6285,3,158,1081,16,syntax-aware-local-rename,positive,True,True,,0.991742099412,0.997093023256,1.000000000000
lark,1.3.1,lark-03,41a2d8756ea6610743abc24a322b15de5bcfab3174c0f82ef2af01b6c480df78,24680b0f8147f581098b8404b08f7af2e107abc132ad83de4abb6ef7287fb5c3,4342,3,158,1081,16,scope-blind-identifier-collapse,negative,True,False,"SyntaxError:duplicate argument 'v' in function definition (<transfer-audit>, line 61)",0.392406726222,0.568493150685,1.000000000000
lark,1.3.1,lark-04,2142cc9b9265e26932ce7501b67406171364a4271c2298d00ea265feeced5335,096c2c9a92337124377ab0f4e0415b0299e9bbd52ae883f8f582de316a034488,14954,4,258,1888,55,inert-trailing-comment,positive,True,True,,0.998595317726,1.000000000000,1.000000000000
lark,1.3.1,lark-04,2142cc9b9265e26932ce7501b67406171364a4271c2298d00ea265feeced5335,c18ec615770c9d200cc52f9a350d73cd9fa26890ea6321029a8c2ab8ebc4c260,15050,4,258,1888,55,syntax-aware-local-rename,positive,True,True,,0.986283215161,0.990811638591,1.000000000000
lark,1.3.1,lark-04,2142cc9b9265e26932ce7501b67406171364a4271c2298d00ea265feeced5335,7d04031d4b08fe8fd1b654efeed7e9271712b3a1f6a15c3a735438ae645233fd,10658,4,258,1888,55,scope-blind-identifier-collapse,negative,True,False,"SyntaxError:duplicate argument 'v' in function definition (<transfer-audit>, line 32)",0.464983107141,0.457399103139,1.000000000000
lark,1.3.1,lark-05,21e54a0878b770401fc7ff59d7354d99503924fa5b5739ac84a278beb7bb467e,61c6b2e6a9e9c7e908124d66d1372543cdb7a26a1ff2dba2d0de03fa75d4d13e,25043,5,546,4150,83,inert-trailing-comment,positive,True,True,,0.999161308359,1.000000000000,1.000000000000
lark,1.3.1,lark-05,21e54a0878b770401fc7ff59d7354d99503924fa5b5739ac84a278beb7bb467e,aac0477228a92c3abe47ffe6f88508fb2f19332ffe34a4278abbd2166861b284,25040,5,546,4150,83,syntax-aware-local-rename,positive,True,True,,0.997844655544,0.999128160418,1.000000000000
lark,1.3.1,lark-05,21e54a0878b770401fc7ff59d7354d99503924fa5b5739ac84a278beb7bb467e,a1b49296122033e3387f179715f7ca62d5e4c52934bf1b9038216e05e2a603f5,16320,5,546,4150,83,scope-blind-identifier-collapse,negative,True,False,"SyntaxError:duplicate argument 'v' in function definition (<transfer-audit>, line 41)",0.353526753553,0.488477766959,1.000000000000
Mako,1.3.12,mako-01,b1465a949488fd778e37d69105bda176cfa295541ac472a57c283f9c097b12e5,01c2c130d024eaa7ef4e9a01597ca01d8bd56d1bf1a8859444f52080aba46e96,1956,1,49,258,7,inert-trailing-comment,positive,True,True,,0.989241803279,1.000000000000,1.000000000000
Mako,1.3.12,mako-01,b1465a949488fd778e37d69105bda176cfa295541ac472a57c283f9c097b12e5,5518dd9a7d079a5bb682b4d5a854cd002ee51ccfc16597fc5a1df7c43de9798a,1975,1,49,258,7,syntax-aware-local-rename,positive,True,True,,0.951975987994,0.971731448763,1.000000000000
Mako,1.3.12,mako-01,b1465a949488fd778e37d69105bda176cfa295541ac472a57c283f9c097b12e5,09b3174e12bfcc3a3df9274fc8a94def6f215355820e413db650c99bccd0070f,1303,1,49,258,7,scope-blind-identifier-collapse,negative,True,False,"SyntaxError:duplicate argument 'v' in function definition (<transfer-audit>, line 24)",0.403127715030,0.472295514512,1.000000000000
Mako,1.3.12,mako-02,e2abae250b9744a294c85ea4338dcb421253d49db3d4a4a09516550d6fbb7352,2592d210f775d6320b7c26d9103d6ab7542065bc35098401d76a9a14a3767db8,2599,2,64,386,10,inert-trailing-comment,positive,True,True,,0.991907514451,1.000000000000,1.000000000000
Mako,1.3.12,mako-02,e2abae250b9744a294c85ea4338dcb421253d49db3d4a4a09516550d6fbb7352,bc7beb12ad2b5b91d6e05399962a01c0f8e6e0d13d3f22a9e1687c5f84550f31,2600,2,64,386,10,syntax-aware-local-rename,positive,True,True,,0.980842911877,0.991341991342,1.000000000000
Mako,1.3.12,mako-02,e2abae250b9744a294c85ea4338dcb421253d49db3d4a4a09516550d6fbb7352,d373f2cd1a3a26b411bc65ad376867db7a3d005fe141f145dfbf447c7a39422d,1858,2,64,386,10,scope-blind-identifier-collapse,negative,True,False,"SyntaxError:duplicate argument 'v' in function definition (<transfer-audit>, line 32)",0.429770745883,0.528239202658,1.000000000000
Mako,1.3.12,mako-03,4e7a490f241e5934c61d9ada303a70f050773cdcdb99785a65c8f2201b9dca2d,cce97e4f80ab5fb71ee4866f0d09e3019238c676024692476ad3817347ee4a69,4774,3,130,480,2,inert-trailing-comment,positive,True,True,,0.995597484277,1.000000000000,1.000000000000
Mako,1.3.12,mako-03,4e7a490f241e5934c61d9ada303a70f050773cdcdb99785a65c8f2201b9dca2d,e981f4b0e8c1a9df85f8fe593bd6ab6124cb7039b1f14454a7c476e65ebaab53,4765,3,130,480,2,syntax-aware-local-rename,positive,True,True,,0.987460815047,0.995535714286,1.000000000000
Mako,1.3.12,mako-03,4e7a490f241e5934c61d9ada303a70f050773cdcdb99785a65c8f2201b9dca2d,3aa08c910e7dc0b78fb46dfd06f09fc35ee4f2feb75556ad1528b7b696f30c00,3410,3,130,480,2,scope-blind-identifier-collapse,negative,True,False,"SyntaxError:duplicate argument 'v' in function definition (<transfer-audit>, line 108)",0.477087484151,0.629899726527,1.000000000000
Mako,1.3.12,mako-04,ebcf7f8d1d061bff009bad839a59b9879f5563a7b26405371aba2876a1039d9d,e34403c55b739ca346ba4559360548d69171c6a1d22bf4013eac0083fce29e97,10437,4,242,1236,38,inert-trailing-comment,positive,True,True,,0.997987156139,1.000000000000,1.000000000000
Mako,1.3.12,mako-04,ebcf7f8d1d061bff009bad839a59b9879f5563a7b26405371aba2876a1039d9d,4f2c5dcf781f17870a9fc95e95ee450601a95ad362f05fbefe809e215ca2467a,10432,4,242,1236,38,syntax-aware-local-rename,positive,True,True,,0.994640122511,0.997130559541,1.000000000000
Mako,1.3.12,mako-04,ebcf7f8d1d061bff009bad839a59b9879f5563a7b26405371aba2876a1039d9d,fa229ec152ec9af9aae5c4d43b81102b2b31692de3c323b3ee488e10468364f1,8151,4,242,1236,38,scope-blind-identifier-collapse,negative,True,False,"SyntaxError:duplicate argument 'v' in function definition (<transfer-audit>, line 15)",0.564971751412,0.546666666667,1.000000000000
Mako,1.3.12,mako-05,fb09b25ff9a4940a0a85cfbb3ecc74535e442a935277ca06457166be4d89416a,08398b428ed513fbb1ce00f517b823d4fd95f2eba8a68ac55e1ef1f4fe2dabdb,19042,5,515,2671,25,inert-trailing-comment,positive,True,True,,0.998896942956,1.000000000000,1.000000000000
Mako,1.3.12,mako-05,fb09b25ff9a4940a0a85cfbb3ecc74535e442a935277ca06457166be4d89416a,503bc16ea80f7865230cd5f512c54e3804640ea8c783397d1b1b1adffe3c50ef,19035,5,515,2671,25,syntax-aware-local-rename,positive,True,True,,0.996955859970,0.998795543511,1.000000000000
Mako,1.3.12,mako-05,fb09b25ff9a4940a0a85cfbb3ecc74535e442a935277ca06457166be4d89416a,da2bd39b164475dab287e2d48e3fbcfbfa4730bbad369c6be9a9782ceaa24d27,12935,5,515,2671,25,scope-blind-identifier-collapse,negative,True,False,"SyntaxError:duplicate argument 'v' in function definition (<transfer-audit>, line 21)",0.423136888057,0.554566744731,1.000000000000
mistune,3.2.1,mistune-01,947c4f74630adc1d23cc5c62c91c33935df1c6339af8461ba7c8014cb0021505,e92377132274cd0c0524749d724c0af487615c0037ea45c3155fc0f2f922fcbb,1439,1,37,227,3,inert-trailing-comment,positive,True,True,,0.985365853659,1.000000000000,1.000000000000
mistune,3.2.1,mistune-01,947c4f74630adc1d23cc5c62c91c33935df1c6339af8461ba7c8014cb0021505,48d05826ab36240216ac24b41e70cac77f9d4c788ac71fa337f2741de5a025d0,1434,1,37,227,3,syntax-aware-local-rename,positive,True,True,,0.961379310345,0.986754966887,1.000000000000
mistune,3.2.1,mistune-01,947c4f74630adc1d23cc5c62c91c33935df1c6339af8461ba7c8014cb0021505,94077a9b2463bd4925a0e641c96a18c1c5c81596da0ba5332909a3583df276b4,948,1,37,227,3,scope-blind-identifier-collapse,negative,True,False,"SyntaxError:duplicate argument 'v' in function definition (<transfer-audit>, line 22)",0.363794100636,0.566579634465,1.000000000000
mistune,3.2.1,mistune-02,e6811e90b9a21a236e64be4cd55d82b1726aae3fc8f73a19b2a301821ae606c4,d4ad4ef015993674428fb3e0785ec254fdebfbe51ead71c0b92e77d8a10f35a5,2282,2,62,347,6,inert-trailing-comment,positive,True,True,,0.990781387182,1.000000000000,1.000000000000
mistune,3.2.1,mistune-02,e6811e90b9a21a236e64be4cd55d82b1726aae3fc8f73a19b2a301821ae606c4,265e6936444a78bed22ec529c04a991e69a9e53f75c9d8c024773d1fa6de4eed,2279,2,62,347,6,syntax-aware-local-rename,positive,True,True,,0.976450065416,0.990384615385,1.000000000000
mistune,3.2.1,mistune-02,e6811e90b9a21a236e64be4cd55d82b1726aae3fc8f73a19b2a301821ae606c4,19fbb11ea2316ff5e111d1742cfe27ab15743961a65569e3375e67ff80ea20ff,1555,2,62,347,6,scope-blind-identifier-collapse,negative,True,False,"SyntaxError:duplicate argument 'v' in function definition (<transfer-audit>, line 25)",0.387755102041,0.524861878453,1.000000000000
mistune,3.2.1,mistune-03,e7bc3af0b6131071dd525f547935186145aa319addf8a8bbeff746b9043b560a,903ecd2df706c191731f6068eed98969c5083255a5f94b7c0c35e9d95d3d373b,3745,3,102,613,17,inert-trailing-comment,positive,True,True,,0.994386527666,1.000000000000,1.000000000000
mistune,3.2.1,mistune-03,e7bc3af0b6131071dd525f547935186145aa319addf8a8bbeff746b9043b560a,d90a0b20679bbdab397edae7a67f82097a229abd995961e77e7cdddfd2312524,3748,3,102,613,17,syntax-aware-local-rename,positive,True,True,,0.987220447284,0.995006242197,1.000000000000
mistune,3.2.1,mistune-03,e7bc3af0b6131071dd525f547935186145aa319addf8a8bbeff746b9043b560a,3a197fbfe8c7549923a17d3aa75eaf163b547f041c2478c174a20d9ea6d01f97,2894,3,102,613,17,scope-blind-identifier-collapse,negative,True,False,"SyntaxError:duplicate argument 'v' in function definition (<transfer-audit>, line 12)",0.486395322689,0.617408906883,1.000000000000
mistune,3.2.1,mistune-04,156405c69fa00d2aa51b82ae9b9876fde45b7af0c6df167ece414fab0601855f,62566cfb01481920fe740d4ea40fafebd0ca2d941b5514eab18f557873eafe4c,5237,4,127,895,15,inert-trailing-comment,positive,True,True,,0.995987005542,1.000000000000,1.000000000000
mistune,3.2.1,mistune-04,156405c69fa00d2aa51b82ae9b9876fde45b7af0c6df167ece414fab0601855f,fdc6eaee8641042a1475909dce90d0965c33fd4add56040e7b8b0d42f03ab680,5268,4,127,895,15,syntax-aware-local-rename,positive,True,True,,0.982588947767,0.993162393162,1.000000000000
mistune,3.2.1,mistune-04,156405c69fa00d2aa51b82ae9b9876fde45b7af0c6df167ece414fab0601855f,07bdc8ef10bd02fcc76075eda845405544e0284dd28f560f16ae0176d258005c,3760,4,127,895,15,scope-blind-identifier-collapse,negative,True,False,"SyntaxError:duplicate argument 'v' in function definition (<transfer-audit>, line 30)",0.413396375099,0.595075239398,1.000000000000
mistune,3.2.1,mistune-05,f4e8f84971ee79d84a44348b48337ef019eb028ebca07a3fe307a62d1a878338,7cd8d0db996dba06a1c5e9957d38552ce0237de59daf2daabfe4079f3fbd2758,12691,5,348,2295,50,inert-trailing-comment,positive,True,True,,0.998344762355,1.000000000000,1.000000000000
mistune,3.2.1,mistune-05,f4e8f84971ee79d84a44348b48337ef019eb028ebca07a3fe307a62d1a878338,56f68004e5475cd198a0b3f936565fc19697bc214e04b20591b6ca6c12fbbbf7,12709,5,348,2295,50,syntax-aware-local-rename,positive,True,True,,0.994575471698,0.997706422018,1.000000000000
mistune,3.2.1,mistune-05,f4e8f84971ee79d84a44348b48337ef019eb028ebca07a3fe307a62d1a878338,cff572f6c8604ceefa01bfbd8c27d0766bfd832e96d23bd588c1f76dff68cad2,8943,5,348,2295,50,scope-blind-identifier-collapse,negative,True,False,"SyntaxError:duplicate argument 'v' in function definition (<transfer-audit>, line 91)",0.396664296335,0.546153846154,1.000000000000
requests,2.32.5,requests-01,0a2bb2b221c0dfd57951f702057148c7cdc8ac3a6ec1f37d45c4d482fdbc7ed4,f9c380b378d5e62b04340a415b77d7b2b84147f7f5b47a19699082f4261b009a,754,1,24,95,5,inert-trailing-comment,positive,True,True,,0.972000000000,1.000000000000,1.000000000000
requests,2.32.5,requests-01,0a2bb2b221c0dfd57951f702057148c7cdc8ac3a6ec1f37d45c4d482fdbc7ed4,e96baff028d2e36e0ee8b54dddd0bbd33bb54e0c3c3e2a82164f15479805ec3c,755,1,24,95,5,syntax-aware-local-rename,positive,True,True,,0.934640522876,0.968750000000,1.000000000000
requests,2.32.5,requests-01,0a2bb2b221c0dfd57951f702057148c7cdc8ac3a6ec1f37d45c4d482fdbc7ed4,f34475f492e353dd94c6fd38e919715f72f4e17b4988e988b938764190c3896a,566,1,24,95,5,scope-blind-identifier-collapse,negative,True,False,"SyntaxError:duplicate argument 'v' in function definition (<transfer-audit>, line 22)",0.504662004662,0.605095541401,1.000000000000
requests,2.32.5,requests-02,f886e6855cf4e92fb968f499b94b6167afba0fd5ce8d1b935c739a6d8d38d573,717a02040c04a709eb93be975b8fe00b5f939b78b228ac678f7079df67d89001,2933,2,72,308,2,inert-trailing-comment,positive,True,True,,0.992830317515,1.000000000000,1.000000000000
requests,2.32.5,requests-02,f886e6855cf4e92fb968f499b94b6167afba0fd5ce8d1b935c739a6d8d38d573,403830b42a578854ba9d0b59271d42d6eef6de3cdb9547cb170b8be1464f2596,2934,2,72,308,2,syntax-aware-local-rename,positive,True,True,,0.983016304348,0.992792792793,1.000000000000
requests,2.32.5,requests-02,f886e6855cf4e92fb968f499b94b6167afba0fd5ce8d1b935c739a6d8d38d573,94d93be9c916f286b539beca0c4405accc766370ae8e2086046e9e1a72eb61c5,2389,2,72,308,2,scope-blind-identifier-collapse,negative,True,False,"SyntaxError:duplicate argument 'v' in function definition (<transfer-audit>, line 40)",0.602967898243,0.668174962293,1.000000000000
requests,2.32.5,requests-03,fd96fd39aeedcd5222cd32b016b3e30c463d7a3b66fce9d2444467003c46b10b,a07748837f913120bbe9eeea3faa27926eb6dc93705f2bf1587706a521a46274,6470,3,120,181,0,inert-trailing-comment,positive,True,True,,0.996752242499,1.000000000000,1.000000000000
requests,2.32.5,requests-03,fd96fd39aeedcd5222cd32b016b3e30c463d7a3b66fce9d2444467003c46b10b,0cc5fe4160fc5afd157d7eb753dd654f9df62ebc23b6afd3f98823f6a4a0f130,6465,3,120,181,0,syntax-aware-local-rename,positive,True,True,,0.991359358124,0.997080291971,1.000000000000
requests,2.32.5,requests-03,fd96fd39aeedcd5222cd32b016b3e30c463d7a3b66fce9d2444467003c46b10b,a4bb64f6641f88127684751fadbd4542515af6544f2459a5ca30ace02d82e296,6144,3,120,181,0,scope-blind-identifier-collapse,negative,True,False,"SyntaxError:duplicate argument 'v' in function definition (<transfer-audit>, line 14)",0.868874368874,0.897364771151,1.000000000000
requests,2.32.5,requests-04,905ef9b6a9cb72d67d31ffe19bd4d9223e1c4169cde6ec51cfca16b31e70991d,652786437b3c3ae89b4bd4324ed0c8d0a733066f12af64d6a4c6979bc090537c,10207,4,250,1496,34,inert-trailing-comment,positive,True,True,,0.997941781829,1.000000000000,1.000000000000
requests,2.32.5,requests-04,905ef9b6a9cb72d67d31ffe19bd4d9223e1c4169cde6ec51cfca16b31e70991d,e0c5eb2c9e3a0ee17b380dfa395119e771cc7edcff3ebc902a4fbb6ca42e3163,10202,4,250,1496,34,syntax-aware-local-rename,positive,True,True,,0.994519475436,0.997616209774,1.000000000000
requests,2.32.5,requests-04,905ef9b6a9cb72d67d31ffe19bd4d9223e1c4169cde6ec51cfca16b31e70991d,79dea7332c0fdcad22c21e73293f4c49f4596bbe980a395a2619aad0ff9b4cce,7322,4,250,1496,34,scope-blind-identifier-collapse,negative,True,False,"SyntaxError:duplicate argument 'v' in function definition (<transfer-audit>, line 25)",0.450837340408,0.525022747953,1.000000000000
requests,2.32.5,requests-05,f275f5d7781b6f5db7694b71d844e400dffa22c617f8cd9f4682c696e4c47119,4d87ec90ec86ff8a204c6ec4f10a0e148edc1c379004eb9ab7a44fbb6a9b8fbb,26306,5,588,1972,52,inert-trailing-comment,positive,True,True,,0.999201581629,1.000000000000,1.000000000000
requests,2.32.5,requests-05,f275f5d7781b6f5db7694b71d844e400dffa22c617f8cd9f4682c696e4c47119,66d00e405b5833c1224bb920f9ff3673a89f43eb929c73d9e9f82d2de77a97e4,26294,5,588,1972,52,syntax-aware-local-rename,positive,True,True,,0.996468175604,0.998569384835,1.000000000000
requests,2.32.5,requests-05,f275f5d7781b6f5db7694b71d844e400dffa22c617f8cd9f4682c696e4c47119,f0eb25a0cb78d7ded73bc8f5881df5f34645ae1c4f90182368b63b808b7d50cf,20443,5,588,1972,52,scope-blind-identifier-collapse,negative,True,False,"SyntaxError:duplicate argument 'v' in function definition (<transfer-audit>, line 62)",0.596173556543,0.673053892216,1.000000000000
rich,15.0.0,rich-01,f4e1f37d95c09e2759a9a660485b17e4ab0983c2471cd51cf2393d76cc5ad629,1d6ec838ace0086a1e98db6ce0e88a7dd70d3d4a5e3f64d8bff0711bde0ba07b,1369,1,31,147,6,inert-trailing-comment,positive,True,True,,0.984615384615,1.000000000000,1.000000000000
rich,15.0.0,rich-01,f4e1f37d95c09e2759a9a660485b17e4ab0983c2471cd51cf2393d76cc5ad629,f77ddbea2bd0fe8fb28b087e67f0828c9fbb60f8dabc58216dbd916362395216,1356,1,31,147,6,syntax-aware-local-rename,positive,True,True,,0.909348441926,0.959595959596,1.000000000000
rich,15.0.0,rich-01,f4e1f37d95c09e2759a9a660485b17e4ab0983c2471cd51cf2393d76cc5ad629,0ac8450378f9205deabf7624e607d4feb64e6421a19b27866c7f5ab5d8b3d641,904,1,31,147,6,scope-blind-identifier-collapse,negative,True,True,,0.446808510638,0.545816733068,1.000000000000
rich,15.0.0,rich-02,02be9952b607885b7af91af693e93d17c57b87180960735daa3936bd55ec2e07,8af35764560a5f9b2fef428e1f9e230c971d2b3d8ffe35cc677aeda3b9911fe8,3309,2,83,563,5,inert-trailing-comment,positive,True,True,,0.993642143506,1.000000000000,1.000000000000
rich,15.0.0,rich-02,02be9952b607885b7af91af693e93d17c57b87180960735daa3936bd55ec2e07,8fc60f41d34cdf56eaaebb999641b6715726b7325f68d0de68ac2c0e40253f9c,3306,2,83,563,5,syntax-aware-local-rename,positive,True,True,,0.984921592280,0.993630573248,1.000000000000
rich,15.0.0,rich-02,02be9952b607885b7af91af693e93d17c57b87180960735daa3936bd55ec2e07,3395c2995c064586f33f8dc73fc8b4e09c36807b30e39bbd2f081caa9815aa32,2307,2,83,563,5,scope-blind-identifier-collapse,negative,True,False,"SyntaxError:duplicate argument 'v' in function definition (<transfer-audit>, line 14)",0.363702979971,0.490476190476,1.000000000000
rich,15.0.0,rich-03,20eb65efcb1009866c987cb185ee3992b91bebcbbdc55cfbcc5b175490fe6f66,2bf1949118808391baeea7b772db2719aa0c223738c9854fc9549ed1f09e0d6d,5346,3,129,741,21,inert-trailing-comment,positive,True,True,,0.996068888057,1.000000000000,1.000000000000
rich,15.0.0,rich-03,20eb65efcb1009866c987cb185ee3992b91bebcbbdc55cfbcc5b175490fe6f66,bc1ecd7bdd750d0a3990364280508ad7c75585d8319e848eb22f357cd06b71fc,5343,3,129,741,21,syntax-aware-local-rename,positive,True,True,,0.989919731193,0.995740149095,1.000000000000
rich,15.0.0,rich-03,20eb65efcb1009866c987cb185ee3992b91bebcbbdc55cfbcc5b175490fe6f66,8937932abb4ac765751db7499cdb5601c826465cb265b3e9138934aa5a2dbe51,4007,3,129,741,21,scope-blind-identifier-collapse,negative,True,False,"SyntaxError:duplicate argument 'v' in function definition (<transfer-audit>, line 14)",0.489456869010,0.588135593220,1.000000000000
rich,15.0.0,rich-04,4283b0838db816477019f47c2b4b59e90eeab7358d0143ff9b8b05698b86ea7c,68d61678b58c5d3a45036b0247f2c642864efa23d3dec7f8096953c0a608f493,9412,4,221,1363,33,inert-trailing-comment,positive,True,True,,0.997754250882,1.000000000000,1.000000000000
rich,15.0.0,rich-04,4283b0838db816477019f47c2b4b59e90eeab7358d0143ff9b8b05698b86ea7c,225f933d625925e2f7b8085402877fcc19054010a6ec0f0f7a9b795afb68fb2d,9409,4,221,1363,33,syntax-aware-local-rename,positive,True,True,,0.994234465086,0.997641509434,1.000000000000
rich,15.0.0,rich-04,4283b0838db816477019f47c2b4b59e90eeab7358d0143ff9b8b05698b86ea7c,e57a736fcd0293be34474acd4f525b6f0c5f604f8073227853510231ee059a16,6562,4,221,1363,33,scope-blind-identifier-collapse,negative,True,False,"SyntaxError:duplicate argument 'v' in function definition (<transfer-audit>, line 39)",0.419820627803,0.553415864282,1.000000000000
rich,15.0.0,rich-05,492a2583cfe9cc7cd8f50bc9428faaa74b5b3ec9e3f0eff65b88668b597e668d,f82c9cc452fe5cce334ac2279a94fabc65112657052b0e1007f57aea916e374a,10671,5,412,1179,19,inert-trailing-comment,positive,True,True,,0.997903145282,1.000000000000,1.000000000000
rich,15.0.0,rich-05,492a2583cfe9cc7cd8f50bc9428faaa74b5b3ec9e3f0eff65b88668b597e668d,1cd575895354eb8b404c4220569c62ca70a861911a83fe7ebc69b479dd95182d,10671,5,412,1179,19,syntax-aware-local-rename,positive,True,True,,0.991341560510,0.996294008647,1.000000000000
rich,15.0.0,rich-05,492a2583cfe9cc7cd8f50bc9428faaa74b5b3ec9e3f0eff65b88668b597e668d,49d5a57035f57c9492e86c7539890c1090523b9728342e2bad3905d795a9952c,8276,5,412,1179,19,scope-blind-identifier-collapse,negative,True,False,"SyntaxError:duplicate argument 'v' in function definition (<transfer-audit>, line 27)",0.516356749311,0.571984435798,1.000000000000
urllib3,2.7.0,urllib3-01,8f795b64ad633f28b00f7e13f08809cdd5846554fee04fb4bd82098bd52378d0,ffb9babe73ea07328252195c6a81b007f08f0d262ef74d64ac18be28f34d1f75,1167,1,35,242,14,inert-trailing-comment,positive,True,True,,0.981943250215,1.000000000000,1.000000000000
urllib3,2.7.0,urllib3-01,8f795b64ad633f28b00f7e13f08809cdd5846554fee04fb4bd82098bd52378d0,e07da65ad29ce3dfb3e89ec9eb7ff0c63b43cd0161e33fb615f46dc15dac5952,1237,1,35,242,14,syntax-aware-local-rename,positive,True,True,,0.873028391167,0.944223107570,1.000000000000
urllib3,2.7.0,urllib3-01,8f795b64ad633f28b00f7e13f08809cdd5846554fee04fb4bd82098bd52378d0,642daa8ccf4a486aaf791999758aceaf6c0b848123af09c65581dec0f0b6dc25,810,1,35,242,14,scope-blind-identifier-collapse,negative,True,False,"SyntaxError:future feature v is not defined (<transfer-audit>, line 1)",0.351839000694,0.515527950311,1.000000000000
urllib3,2.7.0,urllib3-02,2633bbdb69731e5ccb5cf4e4afd65605d86c7979cc5633126f50c92d5ad74a74,02464c1f45fba1af916ce21e571729aea4f256bb9a9b2a0412016d779448d7ab,4465,2,108,444,16,inert-trailing-comment,positive,True,True,,0.995292535306,1.000000000000,1.000000000000
urllib3,2.7.0,urllib3-02,2633bbdb69731e5ccb5cf4e4afd65605d86c7979cc5633126f50c92d5ad74a74,b805931cc98697378be99f6a9a0d0b1436b7f43c24b483d23000c223aa3e91ff,4464,2,108,444,16,syntax-aware-local-rename,positive,True,True,,0.989271345552,0.993610223642,1.000000000000
urllib3,2.7.0,urllib3-02,2633bbdb69731e5ccb5cf4e4afd65605d86c7979cc5633126f50c92d5ad74a74,6cbb856caca6a048d1bbeb4a91547a923ae5a88894a5964d0890b34d97796d8e,3464,2,108,444,16,scope-blind-identifier-collapse,negative,True,False,"SyntaxError:future feature v is not defined (<transfer-audit>, line 1)",0.570576540755,0.602053915276,1.000000000000
urllib3,2.7.0,urllib3-03,802785f3948efd45385a83f0607228cffb70f9e33f1153a42c5a7c385b02ec30,62cc31fcaab40ebcb0ace587a88a27209ef58cd26a9c39db2c558f1524c4605c,9952,3,221,690,14,inert-trailing-comment,positive,True,True,,0.997889022919,1.000000000000,1.000000000000
urllib3,2.7.0,urllib3-03,802785f3948efd45385a83f0607228cffb70f9e33f1153a42c5a7c385b02ec30,e4ca78c8eaf49185ea885fab4cf76e9ddb30fdeaf7cd8905a0986eb3bb3079f3,9979,3,221,690,14,syntax-aware-local-rename,positive,True,True,,0.983456248754,0.993027309704,1.000000000000
urllib3,2.7.0,urllib3-03,802785f3948efd45385a83f0607228cffb70f9e33f1153a42c5a7c385b02ec30,504c0ad98e179943a460ef0c198c1c9bd6c3a4e4ecfd4e8632359feafe0fba25,8453,3,221,690,14,scope-blind-identifier-collapse,negative,True,False,"SyntaxError:future feature v is not defined (<transfer-audit>, line 1)",0.696768236380,0.755373592631,1.000000000000
urllib3,2.7.0,urllib3-04,6c7307e9f36f6adc173eb2aaadc9fbe32037a5459ca8f0e9a672b52dc2826cff,28b8a93cc7f0b2ce9dcc585e9ad8405c6fcef09effdad5d2dfbc2289d66f3e7a,12599,4,296,1635,49,inert-trailing-comment,positive,True,True,,0.998332671695,1.000000000000,1.000000000000
urllib3,2.7.0,urllib3-04,6c7307e9f36f6adc173eb2aaadc9fbe32037a5459ca8f0e9a672b52dc2826cff,28b95bd65c7d2878a0bd4353ca7b371bc6acfaadb8292cca738c901ed3bd1438,12594,4,296,1635,49,syntax-aware-local-rename,positive,True,True,,0.995559080095,0.998086124402,1.000000000000
urllib3,2.7.0,urllib3-04,6c7307e9f36f6adc173eb2aaadc9fbe32037a5459ca8f0e9a672b52dc2826cff,4c921060353f376c85f494014adaa05b0d7c59f751e0d8f83573c11a1a41a395,9000,4,296,1635,49,scope-blind-identifier-collapse,negative,True,False,"SyntaxError:future feature v is not defined (<transfer-audit>, line 1)",0.469145892930,0.556466641819,1.000000000000
urllib3,2.7.0,urllib3-05,5d963e433c93eecf1de37aa2b00e28f9e49960178890fc8131986d8f69242d9b,99b13e86a6a4d74057ede9950ce8ec8633a7293266126f19abef3961f93b2715,19755,5,459,2526,51,inert-trailing-comment,positive,True,True,,0.998936762696,1.000000000000,1.000000000000
urllib3,2.7.0,urllib3-05,5d963e433c93eecf1de37aa2b00e28f9e49960178890fc8131986d8f69242d9b,ef9d925bbd56ba722038c88f9fc606feef7f906672d4798f7c9c5d10afc10356,19794,5,459,2526,51,syntax-aware-local-rename,positive,True,True,,0.992236729344,0.996190476190,1.000000000000
urllib3,2.7.0,urllib3-05,5d963e433c93eecf1de37aa2b00e28f9e49960178890fc8131986d8f69242d9b,4b9db07abf804815793fab4584f6f7029619419562d4697f7a9884c892d88835,13328,5,459,2526,51,scope-blind-identifier-collapse,negative,False,False,"SyntaxError:f-string: invalid conversion character 'v': expected 's', 'r', or 'a'",0.432831938966,0.530299342906,0.000000000000
packaging,25.0,packaging-01,a7d66a35888e22d19e7bc29c64578717f61c76157018774aeabfbc9608b1bc64,057d68259c52fb8612ecd3793edaa2c3538d5f272dd37800a636692883fb8f1e,2715,1,65,382,11,inert-trailing-comment,positive,True,True,,0.992253780893,1.000000000000,1.000000000000
packaging,25.0,packaging-01,a7d66a35888e22d19e7bc29c64578717f61c76157018774aeabfbc9608b1bc64,0b4418caed6fa0a01d946e56ff484e3d1d1209f2f6a6695dbc056adca95c63ee,2712,1,65,382,11,syntax-aware-local-rename,positive,True,True,,0.980190755686,0.992857142857,1.000000000000
packaging,25.0,packaging-01,a7d66a35888e22d19e7bc29c64578717f61c76157018774aeabfbc9608b1bc64,92b1a949b8be895cddda59aab5f979e7ccbda1915288b389bbccffb76591654c,2081,1,65,382,11,scope-blind-identifier-collapse,negative,True,False,"SyntaxError:future feature v is not defined (<transfer-audit>, line 7)",0.517186505411,0.646017699115,1.000000000000
packaging,25.0,packaging-02,398cedeea2b1ca538027eab45f22b5a80c9cc8f4582df30f74640a4579195b22,3a10b68e3d2d61859fa202fa78f46510ebfc9bbf47e9af1a018116ab937cfe9c,5331,2,164,722,9,inert-trailing-comment,positive,True,True,,0.996057818660,1.000000000000,1.000000000000
packaging,25.0,packaging-02,398cedeea2b1ca538027eab45f22b5a80c9cc8f4582df30f74640a4579195b22,63cacdf2ce883497e9755ddaea88ac9ae3fa66bff50ae33335e40251860abc29,5330,2,164,722,9,syntax-aware-local-rename,positive,True,True,,0.991011235955,0.996127783156,1.000000000000
packaging,25.0,packaging-02,398cedeea2b1ca538027eab45f22b5a80c9cc8f4582df30f74640a4579195b22,036ec621025634363e772055a1e41f49e2d012d076ac6d2a7ead43368a7df298,4093,2,164,722,9,scope-blind-identifier-collapse,negative,False,False,"SyntaxError:f-string: invalid conversion character 'v': expected 's', 'r', or 'a'",0.511422136422,0.610937500000,0.000000000000
packaging,25.0,packaging-03,8187e78f4a511df955738447662b75dca353c8df62895714d915021a2db60703,ac111b762f076df30e9efb8b23dba3ba50b231e67b082f3f4c02f8be98c7a5dc,10242,3,273,1389,23,inert-trailing-comment,positive,True,True,,0.997948818129,1.000000000000,1.000000000000
packaging,25.0,packaging-03,8187e78f4a511df955738447662b75dca353c8df62895714d915021a2db60703,f8d34e6afe8df64db4987e6df205e237de7a4fb1a2927906d2a9a3075cb04abb,10237,3,273,1389,23,syntax-aware-local-rename,positive,True,True,,0.994538183946,0.997606223818,1.000000000000
packaging,25.0,packaging-03,8187e78f4a511df955738447662b75dca353c8df62895714d915021a2db60703,6976566072b86c2f7229cb9962db00a47fbdf38f7a647963283f4fcbd1028382,6669,3,273,1389,23,scope-blind-identifier-collapse,negative,True,False,"SyntaxError:future feature v is not defined (<transfer-audit>, line 7)",0.403091755319,0.546086150996,1.000000000000
packaging,25.0,packaging-04,3f4c1edbb8e6d71533806309c418ed50508859e0714ec31e253389e9c8599806,d47a70a5303496979d4b4da2fffb6a3edd2e90224ef86245dc3818eb3c694c53,12070,4,295,1474,30,inert-trailing-comment,positive,True,True,,0.998259283820,1.000000000000,1.000000000000
packaging,25.0,packaging-04,3f4c1edbb8e6d71533806309c418ed50508859e0714ec31e253389e9c8599806,1e4e82193837f8d8427921e969e6cb4d156a9b07896795f7db143aa3571703b9,12109,4,295,1474,30,syntax-aware-local-rename,positive,True,True,,0.987161550490,0.993674222457,1.000000000000
packaging,25.0,packaging-04,3f4c1edbb8e6d71533806309c418ed50508859e0714ec31e253389e9c8599806,56b09257ece3d4857bb9f89a088dc48f563e8f33429791e9877efab36362f87f,8971,4,295,1474,30,scope-blind-identifier-collapse,negative,False,False,"SyntaxError:f-string: invalid conversion character 'v': expected 's', 'r', or 'a'",0.516494622104,0.587741393787,0.000000000000
packaging,25.0,packaging-05,e35b3ded6f596adaead8477b45cdea7810da1def2928abd8ab69868f06a17d79,b58bd9a9ae230990c6278529f62715b03b1b59fcfb0597afa2d48c69034aead2,22766,5,545,2998,113,inert-trailing-comment,positive,True,True,,0.999077409718,1.000000000000,1.000000000000
packaging,25.0,packaging-05,e35b3ded6f596adaead8477b45cdea7810da1def2928abd8ab69868f06a17d79,3ba4b2146b6af09f154b6302b8b31e039e4aa6c24b7e20093640098ed9ae9c2f,22767,5,545,2998,113,syntax-aware-local-rename,positive,True,True,,0.997804803091,0.998906506288,1.000000000000
packaging,25.0,packaging-05,e35b3ded6f596adaead8477b45cdea7810da1def2928abd8ab69868f06a17d79,18e461963eb9eef614ab10a84b3b9e49f43ec881487b7d4d96c471614870c857,17011,5,545,2998,113,scope-blind-identifier-collapse,negative,True,False,"SyntaxError:future feature v is not defined (<transfer-audit>, line 5)",0.525659233102,0.619131975199,1.000000000000
