task,language,scheme,condition,source_sha256,parse_ok,bounded_equivalent,nominal_equal,domain_cases,first_mismatch_index,character_similarity,token_similarity,identifier_normalized_similarity,ast_type_similarity,control_profile_similarity,identifier_multiset_similarity,identifier_style_similarity
leap_year,python,lexical,carrier_only,f8ecb919e2736f6f958e6f302684de8e8d25c558483070f74a63c0c3aecfeaba,True,True,True,801,,0.1437125748502994,0.41935483870967744,0.41935483870967744,0.2558139534883721,1.0,0.1724137931034483,0.1724137931034483
leap_year,python,lexical,format,c5581810ce5f7dd0271b253d0e4fba202094009310de4e1adbef01f02090357a,True,True,True,801,,0.07984790874524715,0.41935483870967744,0.41935483870967744,0.2558139534883721,1.0,0.1724137931034483,0.1724137931034483
leap_year,python,lexical,rename,fed0d32fc2ab68aed305200e7219f7502d7219cfcae5e8bb8d89ff3b3a60368c,True,True,True,801,,0.14011676396997497,0.41935483870967744,0.41935483870967744,0.2558139534883721,1.0,0.1724137931034483,0.1724137931034483
leap_year,python,lexical,normalize,f8ecb919e2736f6f958e6f302684de8e8d25c558483070f74a63c0c3aecfeaba,True,True,True,801,,0.1437125748502994,0.41935483870967744,0.41935483870967744,0.2558139534883721,1.0,0.1724137931034483,0.1724137931034483
leap_year,python,lexical,random_flip,7844d1fcecb823e4dcda1ca540488c5e2be00de9398a6ca0f1eb7436c6db4e2c,True,True,True,801,,0.14225232853513972,0.41935483870967744,0.41935483870967744,0.2558139534883721,1.0,0.1724137931034483,0.1724137931034483
leap_year,python,lexical,strip,cac90ae1836c94ecd12a598d7fbf2557803705905d08baf18932118e9644874a,True,True,True,801,,1.0,1.0,1.0,1.0,1.0,1.0,1.0
leap_year,python,lexical,mixed,a75232a2bc43acd867f3e6d490c0ac1d8603711e5ee09ed3308c8ab97aa7763b,True,True,True,801,,0.16519174041297935,0.4642857142857143,0.4642857142857143,0.2920353982300885,1.0,0.2,0.19999999999999996
leap_year,python,structural,carrier_only,5804428e4d474fe82651f91bc276faa8f2f16fddc48e204f2bc0cd07f7eee057,True,True,True,801,,0.104542626011201,0.2694300518134715,0.2694300518134715,0.22,0.04,0.25,0.25
leap_year,python,structural,format,0e685430e0ef7148ee4b5745ad562642e63eba9bc50c0beefe24038d67ab7c31,True,True,True,801,,0.06608969315499606,0.2694300518134715,0.2694300518134715,0.22,0.04,0.25,0.25
leap_year,python,structural,rename,5804428e4d474fe82651f91bc276faa8f2f16fddc48e204f2bc0cd07f7eee057,True,True,True,801,,0.104542626011201,0.2694300518134715,0.2694300518134715,0.22,0.04,0.25,0.25
leap_year,python,structural,normalize,de9c81453fd738cceeceed5efd4ae952106af55af283a6b6a1be29a73dc332c1,True,True,True,801,,0.11297915265635508,0.35135135135135137,0.35135135135135137,0.3142857142857143,0.04,1.0,1.0
leap_year,python,structural,random_flip,c777d637657f9b828e2188f420f0f2f5e4695212644bba112fc3b066529b3e78,True,True,True,801,,0.1077613855035279,0.29714285714285715,0.29714285714285715,0.25,0.04,0.35714285714285715,0.3571428571428572
leap_year,python,structural,strip,cac90ae1836c94ecd12a598d7fbf2557803705905d08baf18932118e9644874a,True,True,True,801,,1.0,1.0,1.0,1.0,1.0,1.0,1.0
leap_year,python,structural,mixed,9a25e1a4b4f3ca71001abfa570b4cb8663b3b0cb4406242b81d2ceeae18e06bc,True,True,True,801,,0.14814814814814814,0.3939393939393939,0.3939393939393939,0.34375,0.05555555555555555,0.5555555555555556,0.5555555555555556
leap_year,python,hybrid,carrier_only,18a33185342a0673f775ddd606e2c691b3ac5ba8ef53ec9d1d9dbe762416e29b,True,True,True,801,,0.12060301507537688,0.325,0.325,0.23404255319148937,0.07692307692307693,0.2,0.19999999999999996
leap_year,python,hybrid,format,0926cd24980376fdd01ac597d28306514d5e40323c2b499623cf8d1918c99215,True,True,True,801,,0.07216494845360824,0.325,0.325,0.23404255319148937,0.07692307692307693,0.2,0.19999999999999996
leap_year,python,hybrid,rename,f755296f8388d9543886af22a85d92f57f3b1f418705f0eb661de35648527f05,True,True,True,801,,0.11940298507462686,0.325,0.325,0.23404255319148937,0.07692307692307693,0.2,0.19999999999999996
leap_year,python,hybrid,normalize,3440b779f95445e48ceea479be8b0b8025cd2c8c4096d50544d9819a994974ca,True,True,True,801,,0.12641083521444696,0.38235294117647056,0.38235294117647056,0.28205128205128205,0.07692307692307693,0.29411764705882354,0.2941176470588236
leap_year,python,hybrid,random_flip,0632f758625dba77401e24037a29305a2361982282112e4eb59204abe156be87,True,True,True,801,,0.12307692307692308,0.35135135135135137,0.35135135135135137,0.2558139534883721,0.07692307692307693,0.23809523809523808,0.23809523809523814
leap_year,python,hybrid,strip,cac90ae1836c94ecd12a598d7fbf2557803705905d08baf18932118e9644874a,True,True,True,801,,1.0,1.0,1.0,1.0,1.0,1.0,1.0
leap_year,python,hybrid,mixed,ed01f1952cc1fc5c7abd3862ae840e8f65561afcf67a0f74cc4d076c41846632,True,True,True,801,,0.16699801192842942,0.4444444444444444,0.4444444444444444,0.3333333333333333,0.1111111111111111,0.3125,0.3125
leap_year,javascript,lexical,carrier_only,33c683c8aa0a5d719f36721e27469cca6b2feb4efe9cdd1eaa3b275dbb2df4e8,True,True,True,801,,0.1442979053529868,0.3181818181818182,0.3181818181818182,0.19327731092436976,1.0,0.1724137931034483,0.1724137931034483
leap_year,javascript,lexical,format,531b6b46e661b0ca1e3dee6ce96ab6de2692eed325d79c7004e4fb5a375d41bb,True,True,True,801,,0.08454545454545455,0.3181818181818182,0.3181818181818182,0.19327731092436976,1.0,0.1724137931034483,0.1724137931034483
leap_year,javascript,lexical,rename,96547e86d275908788e99b409a40279327d2b9f503756c7955f4613d74cf9c28,True,True,True,801,,0.14166031987814165,0.3181818181818182,0.3181818181818182,0.19327731092436976,1.0,0.1724137931034483,0.1724137931034483
leap_year,javascript,lexical,normalize,33c683c8aa0a5d719f36721e27469cca6b2feb4efe9cdd1eaa3b275dbb2df4e8,True,True,True,801,,0.1442979053529868,0.3181818181818182,0.3181818181818182,0.19327731092436976,1.0,0.1724137931034483,0.1724137931034483
leap_year,javascript,lexical,random_flip,64c6a3a73d54c18b2563175ebb4a3fd8fbeeee0da3255d26153ad98435836ce4,True,True,True,801,,0.1442979053529868,0.3181818181818182,0.3181818181818182,0.19327731092436976,1.0,0.1724137931034483,0.1724137931034483
leap_year,javascript,lexical,strip,2fc49f31341ce6109e100cf2d99ebd8347305938d45bb46fcd3d5c4d1bd938fb,True,True,True,801,,1.0,1.0,1.0,1.0,1.0,1.0,1.0
leap_year,javascript,lexical,mixed,d79971440375926cfab7a70c336115614f733c2ff4e3ea421fa312030414f043,True,True,True,801,,0.17481203007518797,0.3708609271523179,0.3708609271523179,0.23232323232323232,1.0,0.20833333333333334,0.20833333333333337
leap_year,javascript,structural,carrier_only,20aed8e519b753ddcc0bf428e5ccfed8eb38565c2e6130367a529d351466718d,True,True,True,801,,0.13429602888086642,0.22580645161290322,0.22580645161290322,0.17557251908396945,0.04,0.1724137931034483,0.5862068965517241
leap_year,javascript,structural,format,4ca59f99f9a2494f573a5fddca9cd6f94c8e85541d1364fd3409585fbdb5580e,True,True,True,801,,0.08101045296167247,0.22580645161290322,0.22580645161290322,0.17557251908396945,0.04,0.1724137931034483,0.5862068965517241
leap_year,javascript,structural,rename,20aed8e519b753ddcc0bf428e5ccfed8eb38565c2e6130367a529d351466718d,True,True,True,801,,0.13429602888086642,0.22580645161290322,0.22580645161290322,0.17557251908396945,0.04,0.1724137931034483,0.5862068965517241
leap_year,javascript,structural,normalize,15de091970e5bfe45b931c0f2110a96dc3830c62ba3d61b60d3d7e20ff09af9a,True,True,True,801,,0.15283483976992604,0.28,0.28,0.323943661971831,0.04,1.0,1.0
leap_year,javascript,structural,random_flip,0b6d74328206e8c6d09fa055b1f9d0c9d7434f3cf4e9fa5611a7affe04caea6e,True,True,True,801,,0.13429602888086642,0.22580645161290322,0.22580645161290322,0.17557251908396945,0.04,0.1724137931034483,0.5862068965517241
leap_year,javascript,structural,strip,2fc49f31341ce6109e100cf2d99ebd8347305938d45bb46fcd3d5c4d1bd938fb,True,True,True,801,,1.0,1.0,1.0,1.0,1.0,1.0,1.0
leap_year,javascript,structural,mixed,51d649817ea1680541d71fb4f02e8f1d494d9208581e63d1ba4d2adbec96caf4,True,True,True,801,,0.14963797264682221,0.2545454545454545,0.2545454545454545,0.21495327102803738,0.043478260869565216,0.23809523809523808,0.6190476190476191
leap_year,javascript,hybrid,carrier_only,3e846a5baee2641fadb1563d7a6d2676a080aeb9b0dee77371e950eab8e75f37,True,True,True,801,,0.14080242240726723,0.2692307692307692,0.2692307692307692,0.19166666666666668,0.07692307692307693,0.18518518518518517,0.37037037037037035
leap_year,javascript,hybrid,format,18a2f917eca51746e876b7854c00fa5ccf052357136db290375dea575b3021f3,True,True,True,801,,0.08333333333333333,0.2692307692307692,0.2692307692307692,0.19166666666666668,0.07692307692307693,0.18518518518518517,0.37037037037037035
leap_year,javascript,hybrid,rename,e185edffe92c28ef4aae66df7d5a9f01a78f79e8dbca09ea00cec804aebc93f5,True,True,True,801,,0.1393258426966292,0.2692307692307692,0.2692307692307692,0.19166666666666668,0.07692307692307693,0.18518518518518517,0.37037037037037035
leap_year,javascript,hybrid,normalize,ee93b5abd139eee070e05ab264253704137cb3bba4de0b5ec41cb76b32331fe9,True,True,True,801,,0.1486810551558753,0.2978723404255319,0.2978723404255319,0.24210526315789474,0.07692307692307693,0.29411764705882354,0.2941176470588236
leap_year,javascript,hybrid,random_flip,549498b126ff51ad5fa208500366a232bf6d5053ca1d04d328dc2dd6fdc1ec12,True,True,True,801,,0.13747228381374724,0.25925925925925924,0.25925925925925924,0.17692307692307693,0.07692307692307693,0.16129032258064516,0.3870967741935484
leap_year,javascript,hybrid,strip,2fc49f31341ce6109e100cf2d99ebd8347305938d45bb46fcd3d5c4d1bd938fb,True,True,True,801,,1.0,1.0,1.0,1.0,1.0,1.0,1.0
leap_year,javascript,hybrid,mixed,d85ead127f6508cec64d1e2257c8c4e52bb1e3dfaddc452b09de8fe93956d7c3,True,True,True,801,,0.1759697256385998,0.3181818181818182,0.3181818181818182,0.23,0.09090909090909091,0.21739130434782608,0.4347826086956521
collatz_steps,python,lexical,carrier_only,16d7ebac7cf97710099fb26dfc993a72263b92e29d92c3bf31da40fb24566d06,True,True,True,500,,0.2815884476534296,0.5714285714285714,0.5714285714285714,0.37254901960784315,1.0,0.35135135135135137,0.3513513513513513
collatz_steps,python,lexical,format,dec0c9821e379176a12a5761a158a487331be2d12bcde6700418c7ed738194b0,True,True,True,500,,0.16810344827586207,0.5714285714285714,0.5714285714285714,0.37254901960784315,1.0,0.35135135135135137,0.3513513513513513
collatz_steps,python,lexical,rename,507a92a4f0e0a04ae0be8e205099b5e401d765119457d8ba18c0bbaed0019f11,True,True,True,500,,0.2744546094299789,0.5714285714285714,0.5714285714285714,0.37254901960784315,1.0,0.35135135135135137,0.3513513513513513
collatz_steps,python,lexical,normalize,16d7ebac7cf97710099fb26dfc993a72263b92e29d92c3bf31da40fb24566d06,True,True,True,500,,0.2815884476534296,0.5714285714285714,0.5714285714285714,0.37254901960784315,1.0,0.35135135135135137,0.3513513513513513
collatz_steps,python,lexical,random_flip,48475cdda033344a153856b35215dedc75823469233b65778e8d2fd5c6ba12b4,True,True,True,500,,0.276792051100071,0.5714285714285714,0.5714285714285714,0.37254901960784315,1.0,0.35135135135135137,0.3513513513513513
collatz_steps,python,lexical,strip,19bb169211c116f5b23cfe2e6ff13bd5bfc9758321a78a2c70ac137bcb63c5c0,True,True,True,500,,1.0,1.0,1.0,1.0,1.0,1.0,1.0
collatz_steps,python,lexical,mixed,d8fafa64e9027ad0c709f1832778dad19c6e1a71e9d8d1147e63134d9c9fde84,True,True,True,500,,0.3641456582633053,0.6666666666666666,0.6666666666666666,0.47107438016528924,1.0,0.4482758620689655,0.4482758620689655
collatz_steps,python,structural,carrier_only,6c04b6279186acdecb5ad5a060b4352b7414d94f75372b3a21d0dd55996fdf7e,True,True,True,500,,0.2104695089044792,0.3902439024390244,0.3902439024390244,0.3114754098360656,0.2,0.41935483870967744,0.4193548387096775
collatz_steps,python,structural,format,381dca35dace7948903772ab4b9ba8e1ab61d21d2c68f9315b715331580feb03,True,True,True,500,,0.1398852223816356,0.3902439024390244,0.3902439024390244,0.3114754098360656,0.2,0.41935483870967744,0.4193548387096775
collatz_steps,python,structural,rename,6c04b6279186acdecb5ad5a060b4352b7414d94f75372b3a21d0dd55996fdf7e,True,True,True,500,,0.2104695089044792,0.3902439024390244,0.3902439024390244,0.3114754098360656,0.2,0.41935483870967744,0.4193548387096775
collatz_steps,python,structural,normalize,6ab98cb321dcc763510695bbacb9829977b401d1ecbf4fb9fa7d9719e567c409,True,True,True,500,,0.22820362785254536,0.5,0.5,0.4418604651162791,0.2,1.0,1.0
collatz_steps,python,structural,random_flip,6163389320344c5d3cea7df5fc157311a7bdd9400a9bfe1139d8cdee3317303f,True,True,True,500,,0.221969265793967,0.45714285714285713,0.45714285714285713,0.3877551020408163,0.2,0.6842105263157895,0.6842105263157895
collatz_steps,python,structural,strip,19bb169211c116f5b23cfe2e6ff13bd5bfc9758321a78a2c70ac137bcb63c5c0,True,True,True,500,,1.0,1.0,1.0,1.0,1.0,1.0,1.0
collatz_steps,python,structural,mixed,3f041a2714ea2e3a8b32c78f4ed3d961fe2cb436b4928fd8e6b0cee954bce92f,True,True,True,500,,0.34574468085106386,0.6114649681528662,0.6114649681528662,0.5428571428571428,0.3157894736842105,0.8125,0.8125
collatz_steps,python,hybrid,carrier_only,2cbf3881744eea11c098f65eefaf9b8552803a47846ce8afb04d08bd1c2fac0d,True,True,True,500,,0.24088943792464484,0.463768115942029,0.463768115942029,0.3392857142857143,0.3333333333333333,0.38235294117647056,0.38235294117647056
collatz_steps,python,hybrid,format,c4b19c268b60a0954c90bc222480b45dbe28452cd1bc7881427ac21b77b811a9,True,True,True,500,,0.15270164447924825,0.463768115942029,0.463768115942029,0.3392857142857143,0.3333333333333333,0.38235294117647056,0.38235294117647056
collatz_steps,python,hybrid,rename,fcb794b6d38c260dd58b7149dc9ef223f93bd173fbcd13fd5cdec4bc495eebea,True,True,True,500,,0.23824068417837507,0.463768115942029,0.463768115942029,0.3392857142857143,0.3333333333333333,0.38235294117647056,0.38235294117647056
collatz_steps,python,hybrid,normalize,245e17fe8589bf2ccfd0b4a9ec0394b410fc50bc152d9b248af232d6d4134768,True,True,True,500,,0.25210084033613445,0.5333333333333333,0.5333333333333333,0.40425531914893614,0.3333333333333333,0.52,0.52
collatz_steps,python,hybrid,random_flip,b7d03ba66e6a96205a69ed20a15dc28ecab7586d26efa7bea733b4844a743629,True,True,True,500,,0.246367656348705,0.5079365079365079,0.5079365079365079,0.38,0.3333333333333333,0.4642857142857143,0.4642857142857143
collatz_steps,python,hybrid,strip,19bb169211c116f5b23cfe2e6ff13bd5bfc9758321a78a2c70ac137bcb63c5c0,True,True,True,500,,1.0,1.0,1.0,1.0,1.0,1.0,1.0
collatz_steps,python,hybrid,mixed,bdd74062f9c1cc10d240ef6a8e2ecd42b5c2d452419922b473806d9c759d38c9,True,True,True,500,,0.3135048231511254,0.5925925925925926,0.5925925925925926,0.4672131147540984,0.4,0.5652173913043478,0.5652173913043478
collatz_steps,javascript,lexical,carrier_only,eb7c551433fe8bd421d1b1b696a88ded8970732eecdcbb38900e255276375191,True,True,True,500,,0.26354515050167227,0.5161290322580645,0.5161290322580645,0.323943661971831,1.0,0.38461538461538464,0.3846153846153847
collatz_steps,javascript,lexical,format,612554ee8fcae6e29d908ffabf568805705cebdce2ba2c207e6023c38c1523ee,True,True,True,500,,0.16375727348295926,0.5161290322580645,0.5161290322580645,0.323943661971831,1.0,0.38461538461538464,0.3846153846153847
collatz_steps,javascript,lexical,rename,2c9d451d987da6ffa446ba11d41d372a4ce61aa75ce7fd3d46cca1360c2ebfa3,True,True,True,500,,0.2590401051939514,0.5161290322580645,0.5161290322580645,0.323943661971831,1.0,0.38461538461538464,0.3846153846153846
collatz_steps,javascript,lexical,normalize,eb7c551433fe8bd421d1b1b696a88ded8970732eecdcbb38900e255276375191,True,True,True,500,,0.26354515050167227,0.5161290322580645,0.5161290322580645,0.323943661971831,1.0,0.38461538461538464,0.3846153846153847
collatz_steps,javascript,lexical,random_flip,e2186a8e720eb1975a7eff0376d1fe68d6bbd879579edfaa97b46bcfc417d8dd,True,True,True,500,,0.2628418945963976,0.5161290322580645,0.5161290322580645,0.323943661971831,1.0,0.38461538461538464,0.3846153846153847
collatz_steps,javascript,lexical,strip,c87068100dca25e778d3e9605e819715e466d62ad9d57cb03ff16db6296be2a1,True,True,True,500,,1.0,1.0,1.0,1.0,1.0,1.0,1.0
collatz_steps,javascript,lexical,mixed,5b5d19ac838118b8155df575934e31e2caf7f2ecb7adbb4c30686e7059dc9f82,True,True,True,500,,0.3211083944580277,0.5871559633027523,0.5871559633027523,0.3898305084745763,1.0,0.45454545454545453,0.4545454545454546
collatz_steps,javascript,structural,carrier_only,66395cce1d2360c96ee72c53f635496b6e8fdacc705fd7bb3fadb752057dd66e,True,True,True,500,,0.24517734909769756,0.3950617283950617,0.3950617283950617,0.2893081761006289,0.14285714285714285,0.36585365853658536,0.6829268292682926
collatz_steps,javascript,structural,format,39f1519b8e8ede82eaf41a49ad53ccf538df783100da8c3015c03b2a19387f46,True,True,True,500,,0.15647339158061954,0.3950617283950617,0.3950617283950617,0.2893081761006289,0.14285714285714285,0.36585365853658536,0.6829268292682926
collatz_steps,javascript,structural,rename,66395cce1d2360c96ee72c53f635496b6e8fdacc705fd7bb3fadb752057dd66e,True,True,True,500,,0.24517734909769756,0.3950617283950617,0.3950617283950617,0.2893081761006289,0.14285714285714285,0.36585365853658536,0.6829268292682926
collatz_steps,javascript,structural,normalize,96c38233d3cb5be3b3ddbb5584da2614405adbe80dd00990219e8239968edf7a,True,True,True,500,,0.27649122807017545,0.47058823529411764,0.47058823529411764,0.48936170212765956,0.14285714285714285,1.0,1.0
collatz_steps,javascript,structural,random_flip,fc6bc9dfd49dc5986449e3c82ed5905b6fced7511a8c1457faf2a2f80499f008,True,True,True,500,,0.24952501583280556,0.4050632911392405,0.4050632911392405,0.3087248322147651,0.14285714285714285,0.40540540540540543,0.7027027027027026
collatz_steps,javascript,structural,strip,c87068100dca25e778d3e9605e819715e466d62ad9d57cb03ff16db6296be2a1,True,True,True,500,,1.0,1.0,1.0,1.0,1.0,1.0,1.0
collatz_steps,javascript,structural,mixed,c9d07a7b8f860f7404f3598f6beec5a9d783867ddd1f2aea2c2f464697432989,True,True,True,500,,0.3149480415667466,0.49230769230769234,0.49230769230769234,0.4107142857142857,0.18181818181818182,0.5555555555555556,0.7777777777777778
collatz_steps,javascript,hybrid,carrier_only,728222be48ead9313703ce57af8bc44924be975ee5231d5bd551862f9b2d30ea,True,True,True,500,,0.25272610647851185,0.4444444444444444,0.4444444444444444,0.3006535947712418,0.25,0.36585365853658536,0.5365853658536586
collatz_steps,javascript,hybrid,format,8d78e5aea97eb7657718e906494916cd7e7d2db4280a7428d12254151e89c9f7,True,True,True,500,,0.15951417004048582,0.4444444444444444,0.4444444444444444,0.3006535947712418,0.25,0.36585365853658536,0.5365853658536586
collatz_steps,javascript,hybrid,rename,6bbad79160081cfcb54a37f52e46661b4ea9b9e46d1164e605ca5a2ea45b4cfc,True,True,True,500,,0.2507956715467855,0.4444444444444444,0.4444444444444444,0.3006535947712418,0.25,0.36585365853658536,0.5365853658536586
collatz_steps,javascript,hybrid,normalize,adab00dd984052ccbf4e3c07d1b51b816b9b13c1fca75b20e865c02858f2fc45,True,True,True,500,,0.26967830253251196,0.49230769230769234,0.49230769230769234,0.3898305084745763,0.25,0.5555555555555556,0.5555555555555556
collatz_steps,javascript,hybrid,random_flip,d3fa1c47402a8c08954913523cb4f18af72549791a6040f275f4ae2749feb1c4,True,True,True,500,,0.2573481384715872,0.45714285714285713,0.45714285714285713,0.32167832167832167,0.25,0.40540540540540543,0.5405405405405406
collatz_steps,javascript,hybrid,strip,c87068100dca25e778d3e9605e819715e466d62ad9d57cb03ff16db6296be2a1,True,True,True,500,,1.0,1.0,1.0,1.0,1.0,1.0,1.0
collatz_steps,javascript,hybrid,mixed,2ec36a5a072ab4ddc277e77cd9b8c8d39044ba4d2228ba3d3c0924668f1d0dc8,True,True,True,500,,0.2669376693766938,0.47232472324723246,0.47232472324723246,0.34328358208955223,0.25,0.4411764705882353,0.5588235294117647
raindrops,python,lexical,carrier_only,cffb9c642e67fc5b22d95de4e37c1583d739118b029686383877373dc179a6da,True,True,True,500,,0.2664735698769008,0.5714285714285714,0.5714285714285714,0.38461538461538464,1.0,0.38461538461538464,0.3846153846153846
raindrops,python,lexical,format,b43dc5a593f0b8fd92fa8bd71ed89bf9b11f59b7fff200538140c0bbab431903,True,True,True,500,,0.15889464594127806,0.5714285714285714,0.5714285714285714,0.38461538461538464,1.0,0.38461538461538464,0.3846153846153846
raindrops,python,lexical,rename,2297420ddc0a7811b5c5af37a9521636ad718bdae4b7be9c429ab612d6f4e9c8,True,True,True,500,,0.26304503216583275,0.5714285714285714,0.5714285714285714,0.38461538461538464,1.0,0.38461538461538464,0.3846153846153846
raindrops,python,lexical,normalize,cffb9c642e67fc5b22d95de4e37c1583d739118b029686383877373dc179a6da,True,True,True,500,,0.2664735698769008,0.5714285714285714,0.5714285714285714,0.38461538461538464,1.0,0.38461538461538464,0.3846153846153846
raindrops,python,lexical,random_flip,4016a74ec52326de6fcbd6f375d46e65a5e1c6534e82f7b32ce25bedd8a340d0,True,True,True,500,,0.268809349890431,0.5714285714285714,0.5714285714285714,0.38461538461538464,1.0,0.38461538461538464,0.3846153846153846
raindrops,python,lexical,strip,e4d520d95ed675c3e279b4f9a79684839324646bae3a077f53af620bf0b7bc5a,True,True,True,500,,1.0,1.0,1.0,1.0,1.0,1.0,1.0
raindrops,python,lexical,mixed,2881f9d1317c28767bc3acf2f4b63bdf9de86a4529759a13bc39e3a1f89536d3,True,True,True,500,,0.32653061224489793,0.64,0.64,0.45454545454545453,1.0,0.45454545454545453,0.4545454545454546
raindrops,python,structural,carrier_only,5a2b2a00aa7bd7f2bbfa400da43e36bc852f32fed26004b19896cd030e209f53,True,True,True,500,,0.2092097782831154,0.4383561643835616,0.4383561643835616,0.37735849056603776,0.14285714285714285,0.625,0.625
raindrops,python,structural,format,e225483304b1d679a330e9d44a3a247a1c5a82e65ed54255dca90ffeffcd7e7e,True,True,True,500,,0.13659985152190052,0.4383561643835616,0.4383561643835616,0.37735849056603776,0.14285714285714285,0.625,0.625
raindrops,python,structural,rename,5a2b2a00aa7bd7f2bbfa400da43e36bc852f32fed26004b19896cd030e209f53,True,True,True,500,,0.2092097782831154,0.4383561643835616,0.4383561643835616,0.37735849056603776,0.14285714285714285,0.625,0.625
raindrops,python,structural,normalize,48f72d8460f447bb3dfdf72306b2655ae54bb331faaa24cefb6e4fd869e7a8d9,True,True,True,500,,0.21813870776526378,0.5,0.5,0.45454545454545453,0.14285714285714285,1.0,1.0
raindrops,python,structural,random_flip,f13cd8fbf2575ad31955abf923a4dadbe57ac78b1d596c4b65e295c16ad58ad6,True,True,True,500,,0.2036524626452684,0.4050632911392405,0.4050632911392405,0.3389830508474576,0.14285714285714285,0.5,0.5
raindrops,python,structural,strip,e4d520d95ed675c3e279b4f9a79684839324646bae3a077f53af620bf0b7bc5a,True,True,True,500,,1.0,1.0,1.0,1.0,1.0,1.0,1.0
raindrops,python,structural,mixed,896ed30c7b77d840a7ee85271dd504d46159f47aa3f2525fd1eb9e7e2f72edf1,True,True,True,500,,0.3026315789473684,0.5818181818181818,0.5818181818181818,0.5263157894736842,0.21052631578947367,0.8333333333333334,0.8333333333333333
raindrops,python,hybrid,carrier_only,832dcf93202b32c6af22e4cbdf74469e593b30f4f3f4fc0f2cc1e0827539327d,True,True,True,500,,0.23365079365079366,0.49230769230769234,0.49230769230769234,0.37735849056603776,0.25,0.46875,0.46875
raindrops,python,hybrid,format,629d543a42c0467e06114baf1baef4c94935b22ae84684892810cc5fab1d1bef,True,True,True,500,,0.14661354581673305,0.49230769230769234,0.49230769230769234,0.37735849056603776,0.25,0.46875,0.46875
raindrops,python,hybrid,rename,4cb2bebaecc1fbe2afec9a4f57263e39b109228a1e423fb1c25291d5514559d1,True,True,True,500,,0.2324699936828806,0.49230769230769234,0.49230769230769234,0.37735849056603776,0.25,0.46875,0.46875
raindrops,python,hybrid,normalize,048ce8d182f1a1d164650aa66a2fba6d4ef4a4e377f852b26d09d96db568c2d1,True,True,True,500,,0.23973941368078175,0.5333333333333333,0.5333333333333333,0.4166666666666667,0.25,0.5555555555555556,0.5555555555555556
raindrops,python,hybrid,random_flip,f3ccf352ed5bb960e285314d3dcc397cb88d3fa738802652742d57298a2b6d0f,True,True,True,500,,0.2324699936828806,0.47761194029850745,0.47761194029850745,0.36363636363636365,0.25,0.4411764705882353,0.4411764705882353
raindrops,python,hybrid,strip,e4d520d95ed675c3e279b4f9a79684839324646bae3a077f53af620bf0b7bc5a,True,True,True,500,,1.0,1.0,1.0,1.0,1.0,1.0,1.0
raindrops,python,hybrid,mixed,0951ab977ae940dbe81285a041bc9519e1f016e9ccf8ddc5e09aeec62e3a160a,True,True,True,500,,0.2501699524133243,0.5106382978723404,0.5106382978723404,0.39473684210526316,0.26666666666666666,0.4838709677419355,0.4838709677419355
raindrops,javascript,lexical,carrier_only,b64dabd3b9addf8b12427d5c5e475d5af7ffba700792eee56954d663fbace55d,True,True,True,500,,0.24126113776559288,0.4915254237288136,0.4915254237288136,0.3142857142857143,1.0,0.38461538461538464,0.3846153846153847
raindrops,javascript,lexical,format,b3006364b76e5e1a8919d69f46102041e869ecdf1f930b01145f27020ae7fa4f,True,True,True,500,,0.14852320675105485,0.4915254237288136,0.4915254237288136,0.3142857142857143,1.0,0.38461538461538464,0.3846153846153847
raindrops,javascript,lexical,rename,9a2b99d4002bb90a3c7683ebe2fc6c946a5175b8a8ebf7733da5f985c065eed6,True,True,True,500,,0.23799864773495605,0.4915254237288136,0.4915254237288136,0.3142857142857143,1.0,0.38461538461538464,0.3846153846153846
raindrops,javascript,lexical,normalize,b64dabd3b9addf8b12427d5c5e475d5af7ffba700792eee56954d663fbace55d,True,True,True,500,,0.24126113776559288,0.4915254237288136,0.4915254237288136,0.3142857142857143,1.0,0.38461538461538464,0.3846153846153847
raindrops,javascript,lexical,random_flip,1d38693e6b780720fe3a8c0ee1d19a60ea0c557be0693efddb554d8730b483f1,True,True,True,500,,0.24259131633356307,0.4915254237288136,0.4915254237288136,0.3142857142857143,1.0,0.38461538461538464,0.3846153846153847
raindrops,javascript,lexical,strip,792aa2cef499b3ed2f4ac049f3fc8e8f587a3b54dbd4394cc7cfa2c020ceb426,True,True,True,500,,1.0,1.0,1.0,1.0,1.0,1.0,1.0
raindrops,javascript,lexical,mixed,12eedf9160941999f9e5b0f7ad080b439a20ebd3b747641118d39ac233c8bd86,True,True,True,500,,0.3093145869947276,0.5771144278606966,0.5771144278606966,0.39285714285714285,1.0,0.46875,0.46875
raindrops,javascript,structural,carrier_only,b0872adc6dd5010e33b28e04de1f1b5fd6b35ce33898fe3baf112cf34235ae12,True,True,True,500,,0.23112278397898883,0.38666666666666666,0.38666666666666666,0.30985915492957744,0.14285714285714285,0.42857142857142855,0.7142857142857143
raindrops,javascript,structural,format,59d1fdd9752893e61c405963bcc7b8ca19e41d1f457a47e2782695c47de17d05,True,True,True,500,,0.14461791290057519,0.38666666666666666,0.38666666666666666,0.30985915492957744,0.14285714285714285,0.42857142857142855,0.7142857142857143
raindrops,javascript,structural,rename,b0872adc6dd5010e33b28e04de1f1b5fd6b35ce33898fe3baf112cf34235ae12,True,True,True,500,,0.23112278397898883,0.38666666666666666,0.38666666666666666,0.30985915492957744,0.14285714285714285,0.42857142857142855,0.7142857142857143
raindrops,javascript,structural,normalize,946196fe204f91adcb88d6e02b7117bcba50af55991f4b5d51f778d7a61fd587,True,True,True,500,,0.2545191612436732,0.4461538461538462,0.4461538461538462,0.4782608695652174,0.14285714285714285,1.0,1.0
raindrops,javascript,structural,random_flip,5d85d9c91f55801e9ca212816ac6dd9897be53cf782edb2ad34e925c92f0c928,True,True,True,500,,0.22292590246991767,0.3670886075949367,0.3670886075949367,0.2716049382716049,0.14285714285714285,0.3488372093023256,0.6744186046511629
raindrops,javascript,structural,strip,792aa2cef499b3ed2f4ac049f3fc8e8f587a3b54dbd4394cc7cfa2c020ceb426,True,True,True,500,,1.0,1.0,1.0,1.0,1.0,1.0,1.0
raindrops,javascript,structural,mixed,d6fe3abbedabf79e3c85d1afe8e11adf62b8161fbf36cfd95282297910a0fcf6,True,True,True,500,,0.27202472952086554,0.43609022556390975,0.43609022556390975,0.3464566929133858,0.17391304347826086,0.45454545454545453,0.7272727272727273
raindrops,javascript,hybrid,carrier_only,3033954ebe94c8ed4ffd98498bb2c72c210b9ddebaae8cb211f5b14c21e36521,True,True,True,500,,0.23112278397898883,0.42028985507246375,0.42028985507246375,0.2913907284768212,0.25,0.36585365853658536,0.5365853658536586
raindrops,javascript,hybrid,format,75064ea6023992e75c0d12ba8b5fea64ffb6e55f2fa79ca6c6076ce72007f06d,True,True,True,500,,0.14461791290057519,0.42028985507246375,0.42028985507246375,0.2913907284768212,0.25,0.36585365853658536,0.5365853658536586
raindrops,javascript,hybrid,rename,ccb68bb7ba88b58d2a2c98c5d8f35b476f4d64e87f6f07f361b21cf881134f17,True,True,True,500,,0.2302158273381295,0.42028985507246375,0.42028985507246375,0.2913907284768212,0.25,0.36585365853658536,0.5365853658536586
raindrops,javascript,hybrid,normalize,aae4de9b279ff4b56aa2cc3ef6c1c5c990d2a7adfd81d4c4eda029213b2e5cdf,True,True,True,500,,0.24701754385964914,0.46774193548387094,0.46774193548387094,0.3793103448275862,0.25,0.5555555555555556,0.5555555555555556
raindrops,javascript,hybrid,random_flip,e23111dfed3abf45a33b801744a680130ab5dd9a0f319a947a83b8412a26891a,True,True,True,500,,0.23735670937289277,0.43283582089552236,0.43283582089552236,0.3120567375886525,0.25,0.40540540540540543,0.5405405405405406
raindrops,javascript,hybrid,strip,792aa2cef499b3ed2f4ac049f3fc8e8f587a3b54dbd4394cc7cfa2c020ceb426,True,True,True,500,,1.0,1.0,1.0,1.0,1.0,1.0,1.0
raindrops,javascript,hybrid,mixed,14730d4c77cb8f8147fd48ba438beb9e19c210c8d2f9381ca9d9b6bbc8512342,True,True,True,500,,0.3378119001919386,0.5576923076923077,0.5576923076923077,0.4583333333333333,0.3076923076923077,0.6,0.68
grains,python,lexical,carrier_only,ca732e10d49d974f4117955e51b08b677b93f36ae331270cf11ebc26df9a688b,True,True,True,64,,0.0975609756097561,0.3333333333333333,0.3333333333333333,0.14285714285714285,1.0,0.14285714285714285,0.1428571428571428
grains,python,lexical,format,5ff2f2ba5f248856b0819ea584176fc009368b841353bc73ca93deaaea6efa5c,True,True,True,64,,0.05288932419196866,0.3333333333333333,0.3333333333333333,0.14285714285714285,1.0,0.14285714285714285,0.1428571428571428
grains,python,lexical,rename,672ed1f26e82004993439d49475887a3ee36100c788d23fa7f90f0a8f5c043bc,True,True,True,64,,0.09482001755926252,0.3333333333333333,0.3333333333333333,0.14285714285714285,1.0,0.14285714285714285,0.1428571428571428
grains,python,lexical,normalize,ca732e10d49d974f4117955e51b08b677b93f36ae331270cf11ebc26df9a688b,True,True,True,64,,0.0975609756097561,0.3333333333333333,0.3333333333333333,0.14285714285714285,1.0,0.14285714285714285,0.1428571428571428
grains,python,lexical,random_flip,b6d0a896e4d770039f9704e86ce10c0e93f0b70f9baa428045fcc04429e51aef,True,True,True,64,,0.09617097061442564,0.3333333333333333,0.3333333333333333,0.14285714285714285,1.0,0.14285714285714285,0.1428571428571428
grains,python,lexical,strip,2a2da3a077e577ae73f35d885d1184a906e194417cc5907ab419a2c84b8843c3,True,True,True,64,,1.0,1.0,1.0,1.0,1.0,1.0,1.0
grains,python,lexical,mixed,7133b1a3bc14d52fc4a56e2e349e24f9e03f3d5071158a64891de68c1c8dc9e8,True,True,True,64,,0.12314709236031927,0.4,0.4,0.18181818181818182,1.0,0.18181818181818182,0.18181818181818188
grains,python,structural,carrier_only,1964be914b25b73c022fc81a62023ab046191fb0f91dd81c8d075218235bb252,True,True,True,64,,0.06945337620578779,0.2,0.2,0.11764705882352941,0.04,0.2,0.19999999999999996
grains,python,structural,format,679ca089ca0bc60ef0795c2070a268f4b110d7e2012cdf262b098b5877f9ded0,True,True,True,64,,0.043373493975903614,0.2,0.2,0.11764705882352941,0.04,0.2,0.19999999999999996
grains,python,structural,rename,1964be914b25b73c022fc81a62023ab046191fb0f91dd81c8d075218235bb252,True,True,True,64,,0.06945337620578779,0.2,0.2,0.11764705882352941,0.04,0.2,0.19999999999999996
grains,python,structural,normalize,e469e5fbaa933f6d9c981aca211c15a42ab74eaeddf9031587bc91f1cbc7ae4d,True,True,True,64,,0.0756832515767344,0.2727272727272727,0.2727272727272727,0.18181818181818182,0.04,1.0,1.0
grains,python,structural,random_flip,9ad5de9e052723f0a8a8ea0824d402f277dca3c36d246643535a3bf014eadc6e,True,True,True,64,,0.07243460764587525,0.23076923076923078,0.23076923076923078,0.14285714285714285,0.04,0.3333333333333333,0.33333333333333326
grains,python,structural,strip,2a2da3a077e577ae73f35d885d1184a906e194417cc5907ab419a2c84b8843c3,True,True,True,64,,1.0,1.0,1.0,1.0,1.0,1.0,1.0
grains,python,structural,mixed,c15f10502cfc794cb0c5b1eb6b3ec1fc2b5f949c1597483030e967c65f9ecf13,True,True,True,64,,0.09246575342465753,0.3050847457627119,0.3050847457627119,0.20253164556962025,0.05,0.6666666666666666,0.6666666666666666
grains,python,hybrid,carrier_only,9fd512d792ec713ddc25710755fb4bd83689a7a664d9601f8625e6e9f2f3a7d7,True,True,True,64,,0.08237986270022883,0.2608695652173913,0.2608695652173913,0.13559322033898305,0.07692307692307693,0.18181818181818182,0.18181818181818188
grains,python,hybrid,format,437315090e8e5d2e85c06e1cc3764144263fe678914819e075177765a1b9b40b,True,True,True,64,,0.04808548530721282,0.2608695652173913,0.2608695652173913,0.13559322033898305,0.07692307692307693,0.18181818181818182,0.18181818181818188
grains,python,hybrid,rename,c476950b57285000830ed22455232885864179b856953ae3a5df892874637796,True,True,True,64,,0.0811419984973704,0.2608695652173913,0.2608695652173913,0.13559322033898305,0.07692307692307693,0.18181818181818182,0.18181818181818188
grains,python,hybrid,normalize,8538e6156efa818f60037e80728c4dc35f998687d03ca0ff20d077cbea66499a,True,True,True,64,,0.0855106888361045,0.3,0.3,0.16,0.07692307692307693,0.25,0.25
grains,python,hybrid,random_flip,c286445d4bd9038f181c715b428dfea7f34d34fc13245f848f07ea4d1cdbe3c1,True,True,True,64,,0.08138658628485305,0.2608695652173913,0.2608695652173913,0.13559322033898305,0.07692307692307693,0.18181818181818182,0.18181818181818188
grains,python,hybrid,strip,2a2da3a077e577ae73f35d885d1184a906e194417cc5907ab419a2c84b8843c3,True,True,True,64,,1.0,1.0,1.0,1.0,1.0,1.0,1.0
grains,python,hybrid,mixed,e26dd4344c4f81a6700915682e915a5ef8f23cfda13666d315ca284c0f4f360a,True,True,True,64,,0.12175873731679819,0.3829787234042553,0.3829787234042553,0.21052631578947367,0.125,0.2857142857142857,0.2857142857142857
grains,javascript,lexical,carrier_only,d67fbc23f5790f4c5544fb2e25d5e0b9fc9bf7e9216d6e89c12fa80f87595498,True,True,True,64,,0.12130885873902633,0.29411764705882354,0.29411764705882354,0.1504424778761062,1.0,0.2,0.33333333333333337
grains,javascript,lexical,format,b727e28b3e8372898c23f4493814c991ae01872de68b2e451ee25788de78bb83,True,True,True,64,,0.07024029574861368,0.29411764705882354,0.29411764705882354,0.1504424778761062,1.0,0.2,0.33333333333333337
grains,javascript,lexical,rename,ea3b50a70a8b6bf957ccd075a7c0ae0dca202a5ba00213e36607538bd56a0d57,True,True,True,64,,0.11884284597341674,0.29411764705882354,0.29411764705882354,0.1504424778761062,1.0,0.2,0.19999999999999996
grains,javascript,lexical,normalize,d67fbc23f5790f4c5544fb2e25d5e0b9fc9bf7e9216d6e89c12fa80f87595498,True,True,True,64,,0.12130885873902633,0.29411764705882354,0.29411764705882354,0.1504424778761062,1.0,0.2,0.33333333333333337
grains,javascript,lexical,random_flip,996447055894eaf7690a3016d19dbf5c0a8c537b3a8b7f8d140469ea5e638caa,True,True,True,64,,0.12092283214001591,0.29411764705882354,0.29411764705882354,0.1504424778761062,1.0,0.2,0.33333333333333326
grains,javascript,lexical,strip,de30ea55c5250f66c74a95c9e12a5831307ad207024a5d6b5f126c9167ae3c1b,True,True,True,64,,1.0,1.0,1.0,1.0,1.0,1.0,1.0
grains,javascript,lexical,mixed,adfd8d8ce628881911f3adafd358b09b4378597dd48c775aa037f68f98c12b14,True,True,True,64,,0.14165890027958994,0.3333333333333333,0.3333333333333333,0.17525773195876287,1.0,0.23076923076923078,0.35897435897435903
grains,javascript,structural,carrier_only,8876e2a49299572514f1c1e57db70cb3186233d5a8c6a711f8251aea81e217a1,True,True,True,64,,0.11135531135531136,0.2032520325203252,0.2032520325203252,0.13076923076923078,0.04,0.1875,0.59375
grains,javascript,structural,format,5dd8fd1b06f727b947d0264df0fa0785906f27259008cfa3a5dd427ebe0016cb,True,True,True,64,,0.06678383128295255,0.2032520325203252,0.2032520325203252,0.13076923076923078,0.04,0.1875,0.59375
grains,javascript,structural,rename,8876e2a49299572514f1c1e57db70cb3186233d5a8c6a711f8251aea81e217a1,True,True,True,64,,0.11135531135531136,0.2032520325203252,0.2032520325203252,0.13076923076923078,0.04,0.1875,0.59375
grains,javascript,structural,normalize,f3c5063a8c5f2caec14cae4f2609169ada5afaa5375c8d59544abf9698a40172,True,True,True,64,,0.12848689771766694,0.25773195876288657,0.25773195876288657,0.26153846153846155,0.04,1.0,1.0
grains,javascript,structural,random_flip,494436d6e20b792aee5d4e87644ff7419dcd38295aa0731515fd29c94816a60e,True,True,True,64,,0.11368735976065819,0.21008403361344538,0.21008403361344538,0.14166666666666666,0.04,0.21428571428571427,0.6071428571428572
grains,javascript,structural,strip,de30ea55c5250f66c74a95c9e12a5831307ad207024a5d6b5f126c9167ae3c1b,True,True,True,64,,1.0,1.0,1.0,1.0,1.0,1.0,1.0
grains,javascript,structural,mixed,8acf6249e43f2fff5210c6d626cfb829564eab8166448a33dcfbcea322530982,True,True,True,64,,0.1506442021803766,0.27472527472527475,0.27472527472527475,0.20481927710843373,0.05263157894736842,0.3333333333333333,0.6666666666666667
grains,javascript,hybrid,carrier_only,12bb1683bcc978749e7f32c5c45b3a3a5f9ae8c98fb7945a3101ceb13213c4c7,True,True,True,64,,0.11683320522674866,0.24271844660194175,0.24271844660194175,0.14285714285714285,0.07692307692307693,0.2,0.5333333333333333
grains,javascript,hybrid,format,ec9cf3e746b9e7f94a7eb065c890f67675541eb5548c4f2f3578e6ef8f0e3f75,True,True,True,64,,0.06871609403254973,0.24271844660194175,0.24271844660194175,0.14285714285714285,0.07692307692307693,0.2,0.5333333333333333
grains,javascript,hybrid,rename,83f9dba4f3300e11621833acf91fedd1a3caefc62cd2923c4115cf8aa92cd632,True,True,True,64,,0.1155893536121673,0.24271844660194175,0.24271844660194175,0.14285714285714285,0.07692307692307693,0.2,0.4
grains,javascript,hybrid,normalize,116a1a1e9cd6b210a8fdc0c70bf3ed7a97aa370aeadf5d8ec86382d5186cd97d,True,True,True,64,,0.12489728841413311,0.27472527472527475,0.27472527472527475,0.19101123595505617,0.07692307692307693,0.3333333333333333,0.4444444444444444
grains,javascript,hybrid,random_flip,96f5d01e3860c4ad6e4069aa1d29446c6c6fb04b4a12ca99a147586787cf3ba2,True,True,True,64,,0.11647509578544062,0.24271844660194175,0.24271844660194175,0.14285714285714285,0.07692307692307693,0.2,0.5333333333333333
grains,javascript,hybrid,strip,de30ea55c5250f66c74a95c9e12a5831307ad207024a5d6b5f126c9167ae3c1b,True,True,True,64,,1.0,1.0,1.0,1.0,1.0,1.0,1.0
grains,javascript,hybrid,mixed,9faad237f89fee941dd93fa20e957b6cfd0b2a0916f49aa067308ccfcab31472,True,True,True,64,,0.14353163361661944,0.3048780487804878,0.3048780487804878,0.2073170731707317,0.09090909090909091,0.3333333333333333,0.5
hamming,python,lexical,carrier_only,adec66525f7f2a50f5622289e6514f2ed25113eaecfb5b8119437e93c206cc43,True,True,True,4369,,0.22308288148721922,0.5443037974683544,0.5443037974683544,0.32867132867132864,1.0,0.4146341463414634,0.41463414634146334
hamming,python,lexical,format,00b8ee11f3df1ca3ea09b9a0aa9df51f49439ada98168319d71b3476e9bf9ed8,True,True,True,4369,,0.1293800539083558,0.5443037974683544,0.5443037974683544,0.32867132867132864,1.0,0.4146341463414634,0.41463414634146334
hamming,python,lexical,rename,4b04e96ea5c4ad1ce10a5a6f6afcf3c2460b54677457fc150d861942d0d1b132,True,True,True,4369,,0.21834723275208492,0.5443037974683544,0.5443037974683544,0.32867132867132864,1.0,0.4146341463414634,0.41463414634146334
hamming,python,lexical,normalize,adec66525f7f2a50f5622289e6514f2ed25113eaecfb5b8119437e93c206cc43,True,True,True,4369,,0.22308288148721922,0.5443037974683544,0.5443037974683544,0.32867132867132864,1.0,0.4146341463414634,0.41463414634146334
hamming,python,lexical,random_flip,e1283b444e4a24cc09855a4f284cdc7e722680d264853f3e34ca12e1c1226ef4,True,True,True,4369,,0.22170900692840648,0.5443037974683544,0.5443037974683544,0.32867132867132864,1.0,0.4146341463414634,0.41463414634146334
hamming,python,lexical,strip,76dece00558038734cbd8c37485e7bd2ed949676b21b30dcaf2878d30630879f,True,True,True,4369,,1.0,1.0,1.0,1.0,1.0,1.0,1.0
hamming,python,lexical,mixed,7d706ba7205a3a85a3b659275dd24bdaac756dcdc7694f5381cfbb12751bc0fc,True,True,True,4369,,0.3123644251626898,0.6564885496183206,0.6564885496183206,0.4392523364485981,1.0,0.53125,0.53125
hamming,python,structural,carrier_only,421bc3d5ceed612335e536d63379411159d2b796fda8f01c9a243741ae56727a,True,True,True,4369,,0.16753926701570682,0.38392857142857145,0.38392857142857145,0.2919254658385093,0.14285714285714285,0.5483870967741935,0.5483870967741935
hamming,python,structural,format,eef462e82d2ca8e123c528443be32dc4efb5b986c1fcecda2f4a1f8a98f3f504,True,True,True,4369,,0.10851544837980406,0.38392857142857145,0.38392857142857145,0.2919254658385093,0.14285714285714285,0.5483870967741935,0.5483870967741935
hamming,python,structural,rename,421bc3d5ceed612335e536d63379411159d2b796fda8f01c9a243741ae56727a,True,True,True,4369,,0.16753926701570682,0.38392857142857145,0.38392857142857145,0.2919254658385093,0.14285714285714285,0.5483870967741935,0.5483870967741935
hamming,python,structural,normalize,11569efa831d93f689c4de325f2d24f9f58ddc277439ec0cd336d30395e2241b,True,True,True,4369,,0.179215930304916,0.4725274725274725,0.4725274725274725,0.3949579831932773,0.14285714285714285,1.0,1.0
hamming,python,structural,random_flip,9fd4125f189e28159294499fb99f86ebdfbd94fbc44b448b8e4f98e6a8dff374,True,True,True,4369,,0.17071724955542383,0.4056603773584906,0.4056603773584906,0.31543624161073824,0.14285714285714285,0.6296296296296297,0.6296296296296297
hamming,python,structural,strip,76dece00558038734cbd8c37485e7bd2ed949676b21b30dcaf2878d30630879f,True,True,True,4369,,1.0,1.0,1.0,1.0,1.0,1.0,1.0
hamming,python,structural,mixed,3d3f89aa2cc8f5b67c7494e2aa8669dd2016dd5e6b7642a7d62a45f100b8bf4e,True,True,True,4369,,0.21735849056603773,0.48863636363636365,0.48863636363636365,0.3949579831932773,0.18181818181818182,0.7391304347826086,0.7391304347826086
hamming,python,hybrid,carrier_only,4ab9577f662b32f97cd4313555a2592ca092fae8fb584a27d40ba80126625e92,True,True,True,4369,,0.19136212624584717,0.450261780104712,0.450261780104712,0.3092105263157895,0.25,0.4722222222222222,0.4722222222222222
hamming,python,hybrid,format,a646ee4505a1dff905a0ee3ca71a589d81ad7dfc78aac870d5ffa563be08d6a8,True,True,True,4369,,0.1180327868852459,0.450261780104712,0.450261780104712,0.3092105263157895,0.25,0.4722222222222222,0.4722222222222222
hamming,python,hybrid,rename,f8c43ec2bb1700734208f669cbce6818a442f48ea3d29663f242f2089edd1163,True,True,True,4369,,0.18959842001316657,0.450261780104712,0.450261780104712,0.3092105263157895,0.25,0.4722222222222222,0.4722222222222222
hamming,python,hybrid,normalize,a8247d8d6b2fd438b66d9818197177c0d332da1a336f560269a30f7d98ab262f,True,True,True,4369,,0.19875776397515527,0.5058823529411764,0.5058823529411764,0.35877862595419846,0.25,0.5862068965517241,0.5862068965517241
hamming,python,hybrid,random_flip,bc6b0a7f3f9bf565e0a8608dbe99e51546cb3bed72feb019f66dd5d929372598,True,True,True,4369,,0.19290020093770932,0.4648648648648649,0.4648648648648649,0.3219178082191781,0.25,0.5,0.5
hamming,python,hybrid,strip,76dece00558038734cbd8c37485e7bd2ed949676b21b30dcaf2878d30630879f,True,True,True,4369,,1.0,1.0,1.0,1.0,1.0,1.0,1.0
hamming,python,hybrid,mixed,c21c042672f61dafad692d438eb867d19af947b71d736564775743d05db4b903,True,True,True,4369,,0.2244738893219018,0.5212121212121212,0.5212121212121212,0.373015873015873,0.2857142857142857,0.5666666666666667,0.5666666666666667
hamming,javascript,lexical,carrier_only,0835f1469323ac89e355e2a2bebf808e79a3ec058795c4a96894ac4ef201b385,True,True,True,4369,,0.28440965427266796,0.5348837209302325,0.5348837209302325,0.33793103448275863,1.0,0.4666666666666667,0.4666666666666667
hamming,javascript,lexical,format,e6f7b9c1f6b4a918c1b7762d46c0228ca5bad20b7949cd2ed1df9e41d42fd3ce,True,True,True,4369,,0.1783960720130933,0.5348837209302325,0.5348837209302325,0.33793103448275863,1.0,0.4666666666666667,0.4666666666666667
hamming,javascript,lexical,rename,705ae282e1f2b74be4b656bac10f8198afcb579a197177b75ed94882a6ea6c5b,True,True,True,4369,,0.27895073576455537,0.5348837209302325,0.5348837209302325,0.33793103448275863,1.0,0.4666666666666667,0.4666666666666667
hamming,javascript,lexical,normalize,0835f1469323ac89e355e2a2bebf808e79a3ec058795c4a96894ac4ef201b385,True,True,True,4369,,0.28440965427266796,0.5348837209302325,0.5348837209302325,0.33793103448275863,1.0,0.4666666666666667,0.4666666666666667
hamming,javascript,lexical,random_flip,485578d2b45a219b793fc1f775fa0532a4364dab5c334dd2556362df1adfa854,True,True,True,4369,,0.2822006472491909,0.5348837209302325,0.5348837209302325,0.33793103448275863,1.0,0.4666666666666667,0.4666666666666667
hamming,javascript,lexical,strip,6b390096701b3e3b488b4855a482e84bd37e735fe848158fb215592f7b1b2cb5,True,True,True,4369,,1.0,1.0,1.0,1.0,1.0,1.0,1.0
hamming,javascript,lexical,mixed,0f2c36a0c1471722f02e7cc03aa430840995edd90d4a0c00030d4bed3b3f7ef9,True,True,True,4369,,0.3550488599348534,0.6188340807174888,0.6188340807174888,0.4188034188034188,1.0,0.5526315789473685,0.5526315789473685
hamming,javascript,structural,carrier_only,7313387b2240c98f3a189ea95dbc1e12ecc706ee438e652693d1d149b7f8047c,True,True,True,4369,,0.2599880739415623,0.40350877192982454,0.40350877192982454,0.28488372093023256,0.1724137931034483,0.4117647058823529,0.7058823529411765
hamming,javascript,structural,format,e3c1c13b28d011a8e0b2f234e1aef315bcce7f54eeb1fff15125dcb1fe0cd596,True,True,True,4369,,0.16846986089644514,0.40350877192982454,0.40350877192982454,0.28488372093023256,0.1724137931034483,0.4117647058823529,0.7058823529411765
hamming,javascript,structural,rename,7313387b2240c98f3a189ea95dbc1e12ecc706ee438e652693d1d149b7f8047c,True,True,True,4369,,0.2599880739415623,0.40350877192982454,0.40350877192982454,0.28488372093023256,0.1724137931034483,0.4117647058823529,0.7058823529411765
hamming,javascript,structural,normalize,6a0f12c6f6469c76e99abe32920ae1c9a87b9d3ec5b7eb257234efea27b07b6c,True,True,True,4369,,0.29720518064076346,0.48936170212765956,0.48936170212765956,0.5051546391752577,0.1724137931034483,1.0,1.0
hamming,javascript,structural,random_flip,2f5804a371cca8cb20acb91d2a67d58c4abca55e8a52774d99eda3e36ee9f34f,True,True,True,4369,,0.27369742623979915,0.4339622641509434,0.4339622641509434,0.34507042253521125,0.1724137931034483,0.5384615384615384,0.7692307692307693
hamming,javascript,structural,strip,6b390096701b3e3b488b4855a482e84bd37e735fe848158fb215592f7b1b2cb5,True,True,True,4369,,1.0,1.0,1.0,1.0,1.0,1.0,1.0
hamming,javascript,structural,mixed,8fd3f9c6b1ebcd949e9083e932b0855ec50ab6979f8c35884ef9c6ec41412aa9,True,True,True,4369,,0.3194139194139194,0.49640287769784175,0.49640287769784175,0.4298245614035088,0.2,0.6774193548387096,0.8387096774193549
hamming,javascript,hybrid,carrier_only,b937bc0aa158cc22ca5ed952e14f17a98fbbc286c641cecf2857efe6f1015c06,True,True,True,4369,,0.2703037817730936,0.45695364238410596,0.45695364238410596,0.30434782608695654,0.29411764705882354,0.42857142857142855,0.5918367346938775
hamming,javascript,hybrid,format,5118ec11764e0964bdd61090c81a850b4db2195effaa10b7013784cce28f4c87,True,True,True,4369,,0.17274167987321712,0.45695364238410596,0.45695364238410596,0.30434782608695654,0.29411764705882354,0.42857142857142855,0.5918367346938775
hamming,javascript,hybrid,rename,478c3671105ab7db3c18e3472a2891e8a8d5dbedfdd4966aa9a470888e2fb5e1,True,True,True,4369,,0.2679778733866011,0.45695364238410596,0.45695364238410596,0.30434782608695654,0.29411764705882354,0.42857142857142855,0.5918367346938775
hamming,javascript,hybrid,normalize,1798c902d1564d5d2cf83a552bd508d50f21f255d520e12adf06356dce491ddf,True,True,True,4369,,0.290473017988008,0.5111111111111111,0.5111111111111111,0.4049586776859504,0.29411764705882354,0.6363636363636364,0.6363636363636364
hamming,javascript,hybrid,random_flip,2244899e57e7e69950595a683974e4cf471207dc8a383822a42f9861c6ea7837,True,True,True,4369,,0.27930813581037794,0.4825174825174825,0.4825174825174825,0.3475177304964539,0.29411764705882354,0.5121951219512195,0.6097560975609756
hamming,javascript,hybrid,strip,6b390096701b3e3b488b4855a482e84bd37e735fe848158fb215592f7b1b2cb5,True,True,True,4369,,1.0,1.0,1.0,1.0,1.0,1.0,1.0
hamming,javascript,hybrid,mixed,dff69c5a93628b36d06c33206e51459a252fcbbbbf1739fc7a0314fe7c146f7c,True,True,True,4369,,0.38859180035650626,0.6133333333333333,0.6133333333333333,0.5,0.38461538461538464,0.7,0.7333333333333333
isogram,python,lexical,carrier_only,e6a67f5e7a7b6b2ab9585e15631e5422eb2b52b9b83da855418e7155850a48e5,True,True,True,1365,,0.188951160928743,0.5135135135135135,0.5135135135135135,0.28888888888888886,1.0,0.3684210526315789,0.368421052631579
isogram,python,lexical,format,7a21ee8e6ae399311b74a34a7809e5548127b2414a1c289848d39dfab2c0a60d,True,True,True,1365,,0.10805860805860806,0.5135135135135135,0.5135135135135135,0.28888888888888886,1.0,0.3684210526315789,0.368421052631579
isogram,python,lexical,rename,15e074db29e7a802a3ac8849d43e0abd7141c4d59aa1e2c16906c3bbda49da8e,True,True,True,1365,,0.186266771902131,0.5135135135135135,0.5135135135135135,0.28888888888888886,1.0,0.3684210526315789,0.368421052631579
isogram,python,lexical,normalize,e6a67f5e7a7b6b2ab9585e15631e5422eb2b52b9b83da855418e7155850a48e5,True,True,True,1365,,0.188951160928743,0.5135135135135135,0.5135135135135135,0.28888888888888886,1.0,0.3684210526315789,0.368421052631579
isogram,python,lexical,random_flip,fcf08b2110ff31260ae4cdd03abb4324610484000bc8fe6a1f950b98d5c70951,True,True,True,1365,,0.19078415521422798,0.5135135135135135,0.5135135135135135,0.28888888888888886,1.0,0.3684210526315789,0.368421052631579
isogram,python,lexical,strip,e8af689dfd7f834f153b07e3d0ac6b6bf7aada0e28abfa6cdaa623232dcf207e,True,True,True,1365,,1.0,1.0,1.0,1.0,1.0,1.0,1.0
isogram,python,lexical,mixed,cf142d2386ca5fe149bac21c14209755243e7146010282518742d22046af04ea,True,True,True,1365,,0.2277992277992278,0.5714285714285714,0.5714285714285714,0.3391304347826087,1.0,0.42424242424242425,0.4242424242424243
isogram,python,structural,carrier_only,f2086ba0c12496948767fbd96708ce1f0793142057db02f2fb5debba019540f7,True,True,True,1365,,0.1450522433927474,0.38190954773869346,0.38190954773869346,0.2826086956521739,0.1111111111111111,0.6086956521739131,0.6086956521739131
isogram,python,structural,format,3c214e00d4c1a2061523105718d0e3af6bd9c0e76f1ce50157dd9bbe96c5eba2,True,True,True,1365,,0.09211553473848556,0.38190954773869346,0.38190954773869346,0.2826086956521739,0.1111111111111111,0.6086956521739131,0.6086956521739131
isogram,python,structural,rename,f2086ba0c12496948767fbd96708ce1f0793142057db02f2fb5debba019540f7,True,True,True,1365,,0.1450522433927474,0.38190954773869346,0.38190954773869346,0.2826086956521739,0.1111111111111111,0.6086956521739131,0.6086956521739131
isogram,python,structural,normalize,27c4bda1d03c69f743bcbe474462aa8002b8b3d53a7c02ee7947ca46269b13c6,True,True,True,1365,,0.1517684887459807,0.4418604651162791,0.4418604651162791,0.35135135135135137,0.1111111111111111,1.0,1.0
isogram,python,structural,random_flip,e23f2675c0158cf120cad4fc90612baff3015465fb21f3308e26b2e39393b79c,True,True,True,1365,,0.1408955223880597,0.35023041474654376,0.35023041474654376,0.25,0.1111111111111111,0.4827586206896552,0.48275862068965525
isogram,python,structural,strip,e8af689dfd7f834f153b07e3d0ac6b6bf7aada0e28abfa6cdaa623232dcf207e,True,True,True,1365,,1.0,1.0,1.0,1.0,1.0,1.0,1.0
isogram,python,structural,mixed,d77e519dd9c6b66869031ccb81c8e0adfd90e7fbe752093c1cb5e87cbe1cc1d4,True,True,True,1365,,0.19376026272577998,0.4691358024691358,0.4691358024691358,0.3611111111111111,0.15,0.7,0.7
isogram,python,hybrid,carrier_only,fd96c55a564a9c4444252531dbd62d9fc72a44d23b24ff7ebc945e99ab0629c4,True,True,True,1365,,0.16468946266573622,0.4418604651162791,0.4418604651162791,0.28888888888888886,0.2,0.4666666666666667,0.4666666666666667
isogram,python,hybrid,format,7ab654840ef7bb3eed70756468d8eb17356138e0339432acc6a6bd07a33d0c6c,True,True,True,1365,,0.09966216216216216,0.4418604651162791,0.4418604651162791,0.28888888888888886,0.2,0.4666666666666667,0.4666666666666667
isogram,python,hybrid,rename,a5648cd457a2b2f3302b22ced184b66e24d7c934b29a6fa01ae89a1ca8decd76,True,True,True,1365,,0.16354816354816354,0.4418604651162791,0.4418604651162791,0.28888888888888886,0.2,0.4666666666666667,0.4666666666666667
isogram,python,hybrid,normalize,cf3cd112581698b7993bfa7801eafabb178eaec55dfad1e934f544e7f33e2f0c,True,True,True,1365,,0.1684511063526053,0.475,0.475,0.3170731707317073,0.2,0.5384615384615384,0.5384615384615384
isogram,python,hybrid,random_flip,9619c28d5fce3300b2de25838423e60cfbbfa829cca07c19cbf4bd895d79585e,True,True,True,1365,,0.16153319644079397,0.41304347826086957,0.41304347826086957,0.2653061224489796,0.2,0.4117647058823529,0.4117647058823529
isogram,python,hybrid,strip,e8af689dfd7f834f153b07e3d0ac6b6bf7aada0e28abfa6cdaa623232dcf207e,True,True,True,1365,,1.0,1.0,1.0,1.0,1.0,1.0,1.0
isogram,python,hybrid,mixed,618af1d6f6d8f5a2a4a6a96dfb75d39acf9f14e95b4ab2eccef15c5249588c8d,True,True,True,1365,,0.2383838383838384,0.5428571428571428,0.5428571428571428,0.375,0.3,0.5384615384615384,0.5384615384615384
isogram,javascript,lexical,carrier_only,0e399fe307d0481fc3ce4a2d2f66e43e802660940c7c48e669e9efd4ea95d8ed,True,True,True,1365,,0.21270521056388295,0.4642857142857143,0.4642857142857143,0.25,1.0,0.4,0.4375
isogram,javascript,lexical,format,0696785fc558eed767c4fd8f99a0287b8ec8630af659f78ba31c9d1a135a87ce,True,True,True,1365,,0.12889273356401384,0.4642857142857143,0.4642857142857143,0.25,1.0,0.4,0.4375
isogram,javascript,lexical,rename,3761f54e107d70662f808006ad7c44db931661129cd7d1c9281387418c2612b1,True,True,True,1365,,0.20912280701754385,0.4642857142857143,0.4642857142857143,0.25,1.0,0.4,0.4
isogram,javascript,lexical,normalize,0e399fe307d0481fc3ce4a2d2f66e43e802660940c7c48e669e9efd4ea95d8ed,True,True,True,1365,,0.21270521056388295,0.4642857142857143,0.4642857142857143,0.25,1.0,0.4,0.4375
isogram,javascript,lexical,random_flip,5b0c6974cb6ba37702e4080ec3bc842b9f129c8acdeb31e9efd6b719de1a6444,True,True,True,1365,,0.21270521056388295,0.4642857142857143,0.4642857142857143,0.25,1.0,0.4,0.4375
isogram,javascript,lexical,strip,04b8b441f45473b4e26c0d761833097f7b6e199bb6eb8cc2d73fe4404a07186c,True,True,True,1365,,1.0,1.0,1.0,1.0,1.0,1.0,1.0
isogram,javascript,lexical,mixed,10728671f2ace4d54b7554f1495d5beb7c72c6956cf69010a5abcd0187b291fc,True,True,True,1365,,0.2991967871485944,0.5810055865921788,0.5810055865921788,0.34782608695652173,1.0,0.5161290322580645,0.5463709677419355
isogram,javascript,structural,carrier_only,5ecc1cab1528042c7799c8564928c599000b3c49ceee1a6c2a4e3baf55d82aac,True,True,True,1365,,0.19906479625918505,0.35135135135135137,0.35135135135135137,0.22857142857142856,0.04,0.4,0.7
isogram,javascript,structural,format,474d6ee403df67dc712113738422051d2d35622f18c348423f7cfffccbea0857,True,True,True,1365,,0.12375415282392027,0.35135135135135137,0.35135135135135137,0.22857142857142856,0.04,0.4,0.7
isogram,javascript,structural,rename,5ecc1cab1528042c7799c8564928c599000b3c49ceee1a6c2a4e3baf55d82aac,True,True,True,1365,,0.19906479625918505,0.35135135135135137,0.35135135135135137,0.22857142857142856,0.04,0.4,0.7
isogram,javascript,structural,normalize,ced9f0dbe7230c2591595ac199b10c8be4fd7953235bcf92b11c3c0eb046c88d,True,True,True,1365,,0.22422874341610233,0.41935483870967744,0.41935483870967744,0.4,0.04,1.0,1.0
isogram,javascript,structural,random_flip,ccbbe972c582915ed1623645444ada196f2b8635708644d6a2e8dc98b57a4bea,True,True,True,1365,,0.19906479625918505,0.35135135135135137,0.35135135135135137,0.22857142857142856,0.04,0.4,0.7
isogram,javascript,structural,strip,04b8b441f45473b4e26c0d761833097f7b6e199bb6eb8cc2d73fe4404a07186c,True,True,True,1365,,1.0,1.0,1.0,1.0,1.0,1.0,1.0
isogram,javascript,structural,mixed,154736fea364aa2e4f737f2e0705a36bae746436fb2c6c65cef2cef2409cd779,True,True,True,1365,,0.26441881100266196,0.45614035087719296,0.45614035087719296,0.36363636363636365,0.05263157894736842,0.6666666666666666,0.8333333333333334
isogram,javascript,hybrid,carrier_only,d9b56840b617b386ee76ac09b1b3cbbdb19b79fdb6c91dc8aee2716a2bab1043,True,True,True,1365,,0.20341296928327646,0.3939393939393939,0.3939393939393939,0.2302158273381295,0.07692307692307693,0.38095238095238093,0.5863095238095238
isogram,javascript,hybrid,format,dcdc1bfddedb7a7665c89ce31cfb20356863bbf653071ca735d287310beb6596,True,True,True,1365,,0.12542087542087543,0.3939393939393939,0.3939393939393939,0.2302158273381295,0.07692307692307693,0.38095238095238093,0.5863095238095238
isogram,javascript,hybrid,rename,e09190e932bac511a9fee704457f9c1ad234f8c66159aad139c2c09bb6f3890e,True,True,True,1365,,0.20203389830508475,0.3939393939393939,0.3939393939393939,0.2302158273381295,0.07692307692307693,0.38095238095238093,0.5476190476190477
isogram,javascript,hybrid,normalize,cf531c49e9d281bf8e028090a104410c7430b1c77e990dfe737703643d6252ee,True,True,True,1365,,0.21799561082662766,0.4406779661016949,0.4406779661016949,0.3076923076923077,0.07692307692307693,0.5714285714285714,0.5982142857142857
isogram,javascript,hybrid,random_flip,8fa1572508ba1f2d3ff6a4f003e2f308feca131fa93c41cfb5b419ae9d6dc680,True,True,True,1365,,0.20795533845080252,0.40625,0.40625,0.24806201550387597,0.07692307692307693,0.42105263157894735,0.5888157894736843
isogram,javascript,hybrid,strip,04b8b441f45473b4e26c0d761833097f7b6e199bb6eb8cc2d73fe4404a07186c,True,True,True,1365,,1.0,1.0,1.0,1.0,1.0,1.0,1.0
isogram,javascript,hybrid,mixed,108a04cbceef540aa6c170b3bd4bab93d459587a15974c66070bf21738c42cfe,True,True,True,1365,,0.26395039858281666,0.4928909952606635,0.4928909952606635,0.3333333333333333,0.1,0.5517241379310345,0.6487068965517242
triangle,python,lexical,carrier_only,2377e1099db2508b808f77ccf5d16e18e873b566c931ea1e25c837af453a2450,True,True,True,1331,,0.3277814790139907,0.6538461538461539,0.6538461538461539,0.4838709677419355,1.0,0.5555555555555556,0.5555555555555556
triangle,python,lexical,format,325a8875a226095ac0234d68c2a8d031d5ebcf3aaf3ef60a34b3728adb951ba1,True,True,True,1331,,0.2019704433497537,0.6538461538461539,0.6538461538461539,0.4838709677419355,1.0,0.5555555555555556,0.5555555555555556
triangle,python,lexical,rename,c55f12348bbf4a5eb799536d89bb751867d3dffd64f6d1266628cdee77f8ece8,True,True,True,1331,,0.3230466185160867,0.6538461538461539,0.6538461538461539,0.4838709677419355,1.0,0.5555555555555556,0.5555555555555556
triangle,python,lexical,normalize,2377e1099db2508b808f77ccf5d16e18e873b566c931ea1e25c837af453a2450,True,True,True,1331,,0.3277814790139907,0.6538461538461539,0.6538461538461539,0.4838709677419355,1.0,0.5555555555555556,0.5555555555555556
triangle,python,lexical,random_flip,132a16bd5097fdb76c8fb55444ddd7385dcb4775308ddbce0603b8cfcd482814,True,True,True,1331,,0.3286573146292585,0.6538461538461539,0.6538461538461539,0.4838709677419355,1.0,0.5555555555555556,0.5555555555555556
triangle,python,lexical,strip,1c64413bcfe01b68d729b9c04204fb788e9a3e43d1b547032b9af847030d09ef,True,True,True,1331,,1.0,1.0,1.0,1.0,1.0,1.0,1.0
triangle,python,lexical,mixed,f48a190630bb4f6056614d09e2dc0a00cc55515b5a0ba8233c19eeb7c2898de5,True,True,True,1331,,0.4066115702479339,0.7272727272727273,0.7272727272727273,0.569620253164557,1.0,0.6382978723404256,0.6382978723404256
triangle,python,structural,carrier_only,4cb3557e0e529487c43952dc619c2cc65083a05f5af62be08e918067e57c9594,True,True,True,1331,,0.25908372827804105,0.5132075471698113,0.5132075471698113,0.46153846153846156,0.22580645161290322,0.7317073170731707,0.7317073170731707
triangle,python,structural,format,82c49418c66a431d835801cd15359e4056bca801892dd269a9354efcc0c9fee2,True,True,True,1331,,0.17360621030345802,0.5132075471698113,0.5132075471698113,0.46153846153846156,0.22580645161290322,0.7317073170731707,0.7317073170731707
triangle,python,structural,rename,4cb3557e0e529487c43952dc619c2cc65083a05f5af62be08e918067e57c9594,True,True,True,1331,,0.25908372827804105,0.5132075471698113,0.5132075471698113,0.46153846153846156,0.22580645161290322,0.7317073170731707,0.7317073170731707
triangle,python,structural,normalize,d3733a5496b3db30f965e5dd4ef7081caf6d65ae69e28a615187edc9fdcd0001,True,True,True,1331,,0.27167310877967976,0.5862068965517241,0.5862068965517241,0.5555555555555556,0.22580645161290322,1.0,1.0
triangle,python,structural,random_flip,70df20c9f7f5cc0b60bfdc38c66ede99c2fd16925e85fbb2cbc70df151d0b5fa,True,True,True,1331,,0.2569190600522193,0.5018450184501845,0.5018450184501845,0.44776119402985076,0.22580645161290322,0.6976744186046512,0.6976744186046512
triangle,python,structural,strip,1c64413bcfe01b68d729b9c04204fb788e9a3e43d1b547032b9af847030d09ef,True,True,True,1331,,1.0,1.0,1.0,1.0,1.0,1.0,1.0
triangle,python,structural,mixed,bf7e1e868b9401d70fc93f062f11db4e33c0a33ca847eaf3b69f9bb7dcac1f72,True,True,True,1331,,0.346723044397463,0.6238532110091743,0.6238532110091743,0.5769230769230769,0.30434782608695654,0.8333333333333334,0.8333333333333334
triangle,python,hybrid,carrier_only,891e166001819b3fd2e233ad578e98d240ce205c0513abe61b9cc9c84fa3b4c3,True,True,True,1331,,0.2852173913043478,0.5573770491803278,0.5573770491803278,0.45454545454545453,0.3684210526315789,0.6,0.6
triangle,python,hybrid,format,b7538da25fb5a216b9636a4d28759aa4ca46e17b47dd0afc7390cc0c38c46e77,True,True,True,1331,,0.1849624060150376,0.5573770491803278,0.5573770491803278,0.45454545454545453,0.3684210526315789,0.6,0.6
triangle,python,hybrid,rename,d1c7fc11259628a6064b2f694a47aabddbdb7b7e583736c308467d1a03a32c49,True,True,True,1331,,0.28422876949740034,0.5573770491803278,0.5573770491803278,0.45454545454545453,0.3684210526315789,0.6,0.6
triangle,python,hybrid,normalize,4dc355503e9a6bf541c739882a6633c1f9bbd31d5736e486138aeea677a1320f,True,True,True,1331,,0.29620710415412405,0.6181818181818182,0.6181818181818182,0.5172413793103449,0.3684210526315789,0.7142857142857143,0.7142857142857143
triangle,python,hybrid,random_flip,7f412090280169d59493d69548476afb88803eb8a448743ea54435a9eefd55dd,True,True,True,1331,,0.2926829268292683,0.5862068965517241,0.5862068965517241,0.4838709677419355,0.3684210526315789,0.6521739130434783,0.6521739130434783
triangle,python,hybrid,strip,1c64413bcfe01b68d729b9c04204fb788e9a3e43d1b547032b9af847030d09ef,True,True,True,1331,,1.0,1.0,1.0,1.0,1.0,1.0,1.0
triangle,python,hybrid,mixed,442fc72d66b201233d2366d9b7328ea9f5617f6d8d06cfe6ed8e791bd48bbe6a,True,True,True,1331,,0.388318863456985,0.6903553299492385,0.6903553299492385,0.5882352941176471,0.5,0.7317073170731707,0.7317073170731707
triangle,javascript,lexical,carrier_only,69d4de8689c82d37b1708baaa8c34f8b3d27ca13e9bce21a02c3d3e7e4c589a5,True,True,True,1331,,0.3048094940662086,0.5714285714285714,0.5714285714285714,0.3924050632911392,1.0,0.5714285714285714,0.5714285714285714
triangle,javascript,lexical,format,3b9f6b87abe39f98a4c80ee3e91c8768e3524c6b4c47dd2984c7a2a54e915642,True,True,True,1331,,0.1942675159235669,0.5714285714285714,0.5714285714285714,0.3924050632911392,1.0,0.5714285714285714,0.5714285714285714
triangle,javascript,lexical,rename,71e29a9cc8b05393cdf818eb2f3b0d5af6ef4521e95da08870019fddcf65dd08,True,True,True,1331,,0.3021671826625387,0.5714285714285714,0.5714285714285714,0.3924050632911392,1.0,0.5714285714285714,0.5714285714285714
triangle,javascript,lexical,normalize,69d4de8689c82d37b1708baaa8c34f8b3d27ca13e9bce21a02c3d3e7e4c589a5,True,True,True,1331,,0.3048094940662086,0.5714285714285714,0.5714285714285714,0.3924050632911392,1.0,0.5714285714285714,0.5714285714285714
triangle,javascript,lexical,random_flip,a3bb4f6c796d181bd52e758007888bf310c699563677970a4ecba309f2e9377c,True,True,True,1331,,0.30866540164452877,0.5714285714285714,0.5714285714285714,0.3924050632911392,1.0,0.5714285714285714,0.5714285714285714
triangle,javascript,lexical,strip,ca807e5be238fc82b2a7ea62f52531c8f89dde0f3ff3dd40cc6ca7f8d2c627ac,True,True,True,1331,,1.0,1.0,1.0,1.0,1.0,1.0,1.0
triangle,javascript,lexical,mixed,1bdbbfdce4ec63edf970eed050288d19e915cdafe51a096b6b9dd178f548909f,True,True,True,1331,,0.34634492547906315,0.6153846153846154,0.6153846153846154,0.43661971830985913,1.0,0.6153846153846154,0.6153846153846154
triangle,javascript,structural,carrier_only,0056ebffe8aa5016cdddec234f43c9b59067273cc3e2c914fefb6d488c0a88b0,True,True,True,1331,,0.3017934446505875,0.4819277108433735,0.4819277108433735,0.42758620689655175,0.22580645161290322,0.6956521739130435,0.8478260869565217
triangle,javascript,structural,format,267ac94c9c22f3a5f8c08da45aa7385b2708cf5943637d3b20ae334bf7c58fc9,True,True,True,1331,,0.1930379746835443,0.4819277108433735,0.4819277108433735,0.42758620689655175,0.22580645161290322,0.6956521739130435,0.8478260869565217
triangle,javascript,structural,rename,0056ebffe8aa5016cdddec234f43c9b59067273cc3e2c914fefb6d488c0a88b0,True,True,True,1331,,0.3017934446505875,0.4819277108433735,0.4819277108433735,0.42758620689655175,0.22580645161290322,0.6956521739130435,0.8478260869565217
triangle,javascript,structural,normalize,24daeba87b7529b1660d5d759aca111a9b1325462ff2a7cd8cd2f91652d11b15,True,True,True,1331,,0.32126398946675444,0.5263157894736842,0.5263157894736842,0.5636363636363636,0.22580645161290322,1.0,1.0
triangle,javascript,structural,random_flip,c8f2c7e78d9c8d951d488b479f5e9047f9432aa4f45aa9473e96fef89583820d,True,True,True,1331,,0.27774615822424586,0.43010752688172044,0.43010752688172044,0.31794871794871793,0.22580645161290322,0.48484848484848486,0.7424242424242424
triangle,javascript,structural,strip,ca807e5be238fc82b2a7ea62f52531c8f89dde0f3ff3dd40cc6ca7f8d2c627ac,True,True,True,1331,,1.0,1.0,1.0,1.0,1.0,1.0,1.0
triangle,javascript,structural,mixed,e7bd0f662c4c4db26d48d5434875b4f7ff72da20a98aa1177f0434a6f1da3fa8,True,True,True,1331,,0.31895424836601305,0.49079754601226994,0.49079754601226994,0.4025974025974026,0.25,0.6153846153846154,0.8076923076923077
triangle,javascript,hybrid,carrier_only,94556d4a2d511080e55069a7ec2ff6ab00547075a6aa99f0cd26c939a2028c2a,True,True,True,1331,,0.3078864353312303,0.5333333333333333,0.5333333333333333,0.4305555555555556,0.3684210526315789,0.6666666666666666,0.7083333333333333
triangle,javascript,hybrid,format,a86132c27d5cc52b88a10da6e5cb989cd88c87edc1b72b2251ef6c7dbad202b8,True,True,True,1331,,0.1955128205128205,0.5333333333333333,0.5333333333333333,0.4305555555555556,0.3684210526315789,0.6666666666666666,0.7083333333333333
triangle,javascript,hybrid,rename,894cec5abc17650798f8a76f7e008aafe9d194173f238784f6b8207087682bb8,True,True,True,1331,,0.30595611285266455,0.5333333333333333,0.5333333333333333,0.4305555555555556,0.3684210526315789,0.6666666666666666,0.7083333333333333
triangle,javascript,hybrid,normalize,c7a00f7cc5b10dcfaf360e79cf218b87723eef4b678bd41ec0f56bcf876b0c99,True,True,True,1331,,0.3134232498394348,0.547945205479452,0.547945205479452,0.4626865671641791,0.3684210526315789,0.7272727272727273,0.7272727272727273
triangle,javascript,hybrid,random_flip,0f23f93b59ff8e27aefc356bb9d301b8a2c38cea699d851f322fbb4768576092,True,True,True,1331,,0.28824571766095686,0.4819277108433735,0.4819277108433735,0.33695652173913043,0.3684210526315789,0.5,0.65625
triangle,javascript,hybrid,strip,ca807e5be238fc82b2a7ea62f52531c8f89dde0f3ff3dd40cc6ca7f8d2c627ac,True,True,True,1331,,1.0,1.0,1.0,1.0,1.0,1.0,1.0
triangle,javascript,hybrid,mixed,9e3d7a996d1033c92d07854b9c628206aafb3c71ddc680fe3fcc675a4f82df31,True,True,True,1331,,0.3253333333333333,0.53156146179402,0.53156146179402,0.40789473684210525,0.3684210526315789,0.6037735849056604,0.7169811320754716
luhn,python,lexical,carrier_only,16b46305262db931cd9c8ee7f57a65fa3c40f7820532ba8e37d63c0edca1c446,True,True,True,11000,,0.4255561893896178,0.7096774193548387,0.7096774193548387,0.5270935960591133,1.0,0.5471698113207547,0.5471698113207547
luhn,python,lexical,format,dc335f45eb3dcfc43275c0f16b48e2ba64127f74d6c16c2671ed0a5afe0c79d6,True,True,True,11000,,0.2775297619047619,0.7096774193548387,0.7096774193548387,0.5270935960591133,1.0,0.5471698113207547,0.5471698113207547
luhn,python,lexical,rename,d4a83d09678aefadfc764d71caadfc8348ccb5cabdf475336df551539a98fe18,True,True,True,11000,,0.41980866629150254,0.7096774193548387,0.7096774193548387,0.5270935960591133,1.0,0.5471698113207547,0.5471698113207547
luhn,python,lexical,normalize,16b46305262db931cd9c8ee7f57a65fa3c40f7820532ba8e37d63c0edca1c446,True,True,True,11000,,0.4255561893896178,0.7096774193548387,0.7096774193548387,0.5270935960591133,1.0,0.5471698113207547,0.5471698113207547
luhn,python,lexical,random_flip,911949861a683799f40b9aad98faf127a78e8768a397a9da0e13e1b8879aa135,True,True,True,11000,,0.4255561893896178,0.7096774193548387,0.7096774193548387,0.5270935960591133,1.0,0.5471698113207547,0.5471698113207547
luhn,python,lexical,strip,603d1ede5b8538bc9bdf7072f46ee9698d4b18e539a2f333d8417136f13600e7,True,True,True,11000,,1.0,1.0,1.0,1.0,1.0,1.0,1.0
luhn,python,lexical,mixed,7ae08c1b87e92c25e8d0001f9f17ef5c76145ae05af82202ffb920f708f2788a,True,True,True,11000,,0.4800514800514801,0.7553648068669528,0.7553648068669528,0.5846994535519126,1.0,0.6041666666666666,0.6041666666666666
luhn,python,structural,carrier_only,cd066d04c106c034984ea67a141fdc55a816d99735f8615035bef16bc2255240,True,True,True,11000,,0.34521055067098566,0.5714285714285714,0.5714285714285714,0.49767441860465117,0.25,0.7073170731707317,0.7073170731707317
luhn,python,structural,format,17bbbbaabd27434eee10129650f9e15cbaa66fbfe9742eea407203f3baf5d6bb,True,True,True,11000,,0.2409560723514212,0.5714285714285714,0.5714285714285714,0.49767441860465117,0.25,0.7073170731707317,0.7073170731707317
luhn,python,structural,rename,cd066d04c106c034984ea67a141fdc55a816d99735f8615035bef16bc2255240,True,True,True,11000,,0.34521055067098566,0.5714285714285714,0.5714285714285714,0.49767441860465117,0.25,0.7073170731707317,0.7073170731707317
luhn,python,structural,normalize,4660aea4f46917feeb2b704456ba751c398008960ba050d6502000a7c01a624a,True,True,True,11000,,0.3612590799031477,0.6470588235294118,0.6470588235294118,0.5977653631284916,0.25,1.0,1.0
luhn,python,structural,random_flip,1835ed171949d8c5a4b797f4f617129a328298feb0c0bc42c7db5ada6899f5f4,True,True,True,11000,,0.34521055067098566,0.5714285714285714,0.5714285714285714,0.49767441860465117,0.25,0.7073170731707317,0.7073170731707317
luhn,python,structural,strip,603d1ede5b8538bc9bdf7072f46ee9698d4b18e539a2f333d8417136f13600e7,True,True,True,11000,,1.0,1.0,1.0,1.0,1.0,1.0,1.0
luhn,python,structural,mixed,d66caa81f832060f81277c683a52c8edcc689b73976d014670f8d8b2ef73f628,True,True,True,11000,,0.43372093023255814,0.6795366795366795,0.6795366795366795,0.6184971098265896,0.32,0.8529411764705882,0.8529411764705882
luhn,python,hybrid,carrier_only,3d6f4c7b9371269cd8b7c06aaa4688b7a4dadc85b41b307b0fb849c29cd55efd,True,True,True,11000,,0.38513164687661333,0.6470588235294118,0.6470588235294118,0.5270935960591133,0.4,0.6444444444444445,0.6444444444444445
luhn,python,hybrid,format,9192da8728f44c289fd6a7ca69088c24c33974be2b8f93af6da74687e32bacd5,True,True,True,11000,,0.25974930362116994,0.6470588235294118,0.6470588235294118,0.5270935960591133,0.4,0.6444444444444445,0.6444444444444445
luhn,python,hybrid,rename,46cf778a845adefe568591b527290f11ad1ef62a0e136536c57211479feec993,True,True,True,11000,,0.3819764464925755,0.6470588235294118,0.6470588235294118,0.5270935960591133,0.4,0.6444444444444445,0.6444444444444445
luhn,python,hybrid,normalize,2cfd06e4a407a1896154ae22dd86c2c5973b8ed5d3ac9a5ff911e81172427bd6,True,True,True,11000,,0.3916010498687664,0.676923076923077,0.676923076923077,0.5602094240837696,0.4,0.7073170731707317,0.7073170731707317
luhn,python,hybrid,random_flip,80ba47787f3b73c8cb31a0e9bb33471d54e5957af5bdcfc4835951bf60a872f5,True,True,True,11000,,0.37733940313606473,0.6197183098591549,0.6197183098591549,0.49767441860465117,0.4,0.5918367346938775,0.5918367346938775
luhn,python,hybrid,strip,603d1ede5b8538bc9bdf7072f46ee9698d4b18e539a2f333d8417136f13600e7,True,True,True,11000,,1.0,1.0,1.0,1.0,1.0,1.0,1.0
luhn,python,hybrid,mixed,2ca827501b99f0f15962c1e18ff8d30b0f1b1fb580c275a082e1d81681e75807,True,True,True,11000,,0.44037780401416765,0.6929133858267716,0.6929133858267716,0.5752688172043011,0.47058823529411764,0.6744186046511628,0.6744186046511628
luhn,javascript,lexical,carrier_only,27b6f6d1126df0b9625b4d2518a79c40f546e85917e2b280ac3a631716cec868,True,True,True,11000,,0.41610036591740723,0.6858638743455497,0.6858638743455497,0.48936170212765956,1.0,0.5714285714285714,0.5714285714285714
luhn,javascript,lexical,format,a22b2724942d7064230d1fd9db2a58765d403532a6e6729a1dbee377c0c08840,True,True,True,11000,,0.2818696883852691,0.6858638743455497,0.6858638743455497,0.48936170212765956,1.0,0.5714285714285714,0.5714285714285714
luhn,javascript,lexical,rename,0dd4434cca41878da6232648f28197af5a383077ef9d37486c7c06bac3958901,True,True,True,11000,,0.4139365574622985,0.6858638743455497,0.6858638743455497,0.48936170212765956,1.0,0.5714285714285714,0.5714285714285714
luhn,javascript,lexical,normalize,27b6f6d1126df0b9625b4d2518a79c40f546e85917e2b280ac3a631716cec868,True,True,True,11000,,0.41610036591740723,0.6858638743455497,0.6858638743455497,0.48936170212765956,1.0,0.5714285714285714,0.5714285714285714
luhn,javascript,lexical,random_flip,4fb80859e125c4c45ec29bf0c45e3a211d068d2e1629cfa1feaf696cba13a38c,True,True,True,11000,,0.4222811671087533,0.6858638743455497,0.6858638743455497,0.48936170212765956,1.0,0.5714285714285714,0.5714285714285714
luhn,javascript,lexical,strip,b90d8f550a3c181339378595682844201517c90822486f5c044df50e0ba2fb01,True,True,True,11000,,1.0,1.0,1.0,1.0,1.0,1.0,1.0
luhn,javascript,lexical,mixed,1149888a2ac0ef623cfb6c754c4096eddf06bfea4ce0cba0f40023febe18a05d,True,True,True,11000,,0.5516285516285516,0.7891566265060241,0.7891566265060241,0.6216216216216216,1.0,0.6956521739130435,0.6956521739130435
luhn,javascript,structural,carrier_only,2d3d8422c3a1a3cc3cdf69dfa4881ef4379039ab1fe7f04fd60ff546752d63e6,True,True,True,11000,,0.41960991038481815,0.6150234741784038,0.6150234741784038,0.5575757575757576,0.2,0.7619047619047619,0.8809523809523809
luhn,javascript,structural,format,23d6f994e17be2784750441bbdae7520c2813d1a4904dd8feaea3f45849ddac8,True,True,True,11000,,0.28347578347578345,0.6150234741784038,0.6150234741784038,0.5575757575757576,0.2,0.7619047619047619,0.8809523809523809
luhn,javascript,structural,rename,2d3d8422c3a1a3cc3cdf69dfa4881ef4379039ab1fe7f04fd60ff546752d63e6,True,True,True,11000,,0.41960991038481815,0.6150234741784038,0.6150234741784038,0.5575757575757576,0.2,0.7619047619047619,0.8809523809523809
luhn,javascript,structural,normalize,3cf1355510a2b33909800c52c05854132ee0f622ea31ed03dab5caaf069b1362,True,True,True,11000,,0.43568691844553914,0.645320197044335,0.645320197044335,0.6571428571428571,0.2,1.0,1.0
luhn,javascript,structural,random_flip,c7965a4b0699d55d40fbe80aaeed4c17a76030d815c9ec006310565f31be00fb,True,True,True,11000,,0.38031533683707597,0.5435684647302904,0.5435684647302904,0.39148936170212767,0.2,0.45714285714285713,0.7285714285714286
luhn,javascript,structural,strip,b90d8f550a3c181339378595682844201517c90822486f5c044df50e0ba2fb01,True,True,True,11000,,1.0,1.0,1.0,1.0,1.0,1.0,1.0
luhn,javascript,structural,mixed,a4331d4a0fa86fb49d5be54215aca780e37d3870016cfd9b791aaa64cebd5aa9,True,True,True,11000,,0.4990595611285266,0.6717948717948717,0.6717948717948717,0.5609756097560976,0.2727272727272727,0.6666666666666666,0.8333333333333334
luhn,javascript,hybrid,carrier_only,6dcced257193c98c4bb2b14e1d4a5cbd05fd2b53eea5142c273e61d968f4502b,True,True,True,11000,,0.41610036591740723,0.645320197044335,0.645320197044335,0.5139664804469274,0.3333333333333333,0.64,0.7
luhn,javascript,hybrid,format,9f2c8be8c279c45672749e5859a9efe04f989df0c067f14966c9242dda1585ec,True,True,True,11000,,0.2818696883852691,0.645320197044335,0.645320197044335,0.5139664804469274,0.3333333333333333,0.64,0.7
luhn,javascript,hybrid,rename,7f159e4a76a6dde325d7ab5be8077222bf45b4bad66f30576d7624e60cd465fd,True,True,True,11000,,0.4152321335419927,0.645320197044335,0.645320197044335,0.5139664804469274,0.3333333333333333,0.64,0.7
luhn,javascript,hybrid,normalize,bca50070cf9658555ce51c9c12eba3661d9b0041f97ea6450ea20ac3be295a3f,True,True,True,11000,,0.4254409406734367,0.6649746192893401,0.6649746192893401,0.5609756097560976,0.3333333333333333,0.7272727272727273,0.7272727272727273
luhn,javascript,hybrid,random_flip,5f5648ca366dc14361331afe96fab7f19c1ac86bee0bf5400f41e3488d5a2792,True,True,True,11000,,0.4018172640080767,0.6093023255813953,0.6093023255813953,0.44019138755980863,0.3333333333333333,0.5161290322580645,0.6612903225806451
luhn,javascript,hybrid,strip,b90d8f550a3c181339378595682844201517c90822486f5c044df50e0ba2fb01,True,True,True,11000,,1.0,1.0,1.0,1.0,1.0,1.0,1.0
luhn,javascript,hybrid,mixed,46965283125d217a6ba9710629f7ca8739fe86587b826907477ce98e5eba1521,True,True,True,11000,,0.4649532710280374,0.6805194805194805,0.6805194805194805,0.519774011299435,0.42857142857142855,0.6037735849056604,0.6981132075471698
darts,python,lexical,carrier_only,fdff85cb12fd2aefb860d5fb7df35602add06f176c940ad3aac467ba8a7ed327,True,True,True,625,,0.26241660489251295,0.5263157894736842,0.5263157894736842,0.3333333333333333,1.0,0.3142857142857143,0.3142857142857143
darts,python,lexical,format,c9155385d96918315145f5f59cdbb2e57963b7e94f0a4bd5cec944ef25cae7c7,True,True,True,625,,0.15499124343257442,0.5263157894736842,0.5263157894736842,0.3333333333333333,1.0,0.3142857142857143,0.3142857142857143
darts,python,lexical,rename,746bb08c6e48bd778b878e393e2974b97a4837cabc1f3a712da354a4213254ff,True,True,True,625,,0.2555956678700361,0.5263157894736842,0.5263157894736842,0.3333333333333333,1.0,0.3142857142857143,0.3142857142857143
darts,python,lexical,normalize,fdff85cb12fd2aefb860d5fb7df35602add06f176c940ad3aac467ba8a7ed327,True,True,True,625,,0.26241660489251295,0.5263157894736842,0.5263157894736842,0.3333333333333333,1.0,0.3142857142857143,0.3142857142857143
darts,python,lexical,random_flip,722ed5a3c232db8e9677ae92ee219054639e617e1924b466e8cbcb9d12844f96,True,True,True,625,,0.2578295702840495,0.5263157894736842,0.5263157894736842,0.3333333333333333,1.0,0.3142857142857143,0.3142857142857143
darts,python,lexical,strip,079ef0ed60cc93ed4344bef6aaace9f5323aad041aae4fbd19489abf1a64fa3f,True,True,True,625,,1.0,1.0,1.0,1.0,1.0,1.0,1.0
darts,python,lexical,mixed,0d1a9f774adf51b37442ee885a8240bd1b99d783d48a3b602715b4658cb8ba6e,True,True,True,625,,0.2942643391521197,0.5714285714285714,0.5714285714285714,0.375,1.0,0.3548387096774194,0.3548387096774194
darts,python,structural,carrier_only,50378c05001f131eb39a05bab404b0d0bcdcab11af3e7ffc078a2ee1b7abc533,True,True,True,625,,0.19482663731425426,0.34782608695652173,0.34782608695652173,0.27586206896551724,0.22580645161290322,0.3793103448275862,0.3793103448275862
darts,python,structural,format,aceecca15d444805b764b159511d61735f6085f48680ab6d55316bdec3425af3,True,True,True,625,,0.12863372093023256,0.34782608695652173,0.34782608695652173,0.27586206896551724,0.22580645161290322,0.3793103448275862,0.3793103448275862
darts,python,structural,rename,50378c05001f131eb39a05bab404b0d0bcdcab11af3e7ffc078a2ee1b7abc533,True,True,True,625,,0.19482663731425426,0.34782608695652173,0.34782608695652173,0.27586206896551724,0.22580645161290322,0.3793103448275862,0.3793103448275862
darts,python,structural,normalize,c27ad9d968c77c728f7afefd6b2332ca4f9b932dcc174d93acdd470f492e8b3d,True,True,True,625,,0.21159593544530783,0.45454545454545453,0.45454545454545453,0.4,0.22580645161290322,1.0,1.0
darts,python,structural,random_flip,3287f65702fab7fb44b047c51d078d6df2dd01a986b36316c2b509de4908a390,True,True,True,625,,0.20569436374201047,0.41237113402061853,0.41237113402061853,0.34782608695652173,0.22580645161290322,0.6470588235294118,0.6470588235294118
darts,python,structural,strip,079ef0ed60cc93ed4344bef6aaace9f5323aad041aae4fbd19489abf1a64fa3f,True,True,True,625,,1.0,1.0,1.0,1.0,1.0,1.0,1.0
darts,python,structural,mixed,6ec824c47d83b48f7f138319494419188d656cb13e1c9126dbf82aff1162eaea,True,True,True,625,,0.2964824120603015,0.547945205479452,0.547945205479452,0.48484848484848486,0.3181818181818182,0.8461538461538461,0.8461538461538461
darts,python,hybrid,carrier_only,70e645c65bcfd7f9497df1a23bd65a71a3d3790f5ac7e44a888475036a8f33ed,True,True,True,625,,0.22648752399232247,0.43243243243243246,0.43243243243243246,0.3137254901960784,0.3684210526315789,0.36666666666666664,0.3666666666666667
darts,python,hybrid,format,354834dadb8cc2dbbf2d4fce51c38540f5808af54969aa737427af54f6f9b267,True,True,True,625,,0.14171337069655723,0.43243243243243246,0.43243243243243246,0.3137254901960784,0.3684210526315789,0.36666666666666664,0.3666666666666667
darts,python,hybrid,rename,cda34bce50771d60fde038d6b0104afc6133bca4d98f5231941c50df43b2f91c,True,True,True,625,,0.22334384858044165,0.43243243243243246,0.43243243243243246,0.3137254901960784,0.3684210526315789,0.36666666666666664,0.3666666666666667
darts,python,hybrid,normalize,cc15e052de4f4f79c59dc26b2928f0869910f6e44b941a1b5c80d439fce205d5,True,True,True,625,,0.23490378234903783,0.4878048780487805,0.4878048780487805,0.36363636363636365,0.3684210526315789,0.4782608695652174,0.4782608695652174
darts,python,hybrid,random_flip,cc46f2edc1aabe6894c707fde3da80a29865c2763733d04a44799a710e3e436f,True,True,True,625,,0.22590938098276964,0.44692737430167595,0.44692737430167595,0.32653061224489793,0.3684210526315789,0.39285714285714285,0.3928571428571428
darts,python,hybrid,strip,079ef0ed60cc93ed4344bef6aaace9f5323aad041aae4fbd19489abf1a64fa3f,True,True,True,625,,1.0,1.0,1.0,1.0,1.0,1.0,1.0
darts,python,hybrid,mixed,2e46d223ca049a8c5398eb1b20e2076eecb1ac0d043a10972a10fcc849e37715,True,True,True,625,,0.3355450236966825,0.5925925925925926,0.5925925925925926,0.46601941747572817,0.5,0.55,0.55
darts,javascript,lexical,carrier_only,4276b988776968b0b0b0ace3c67ac5a444f82cc10c50e7103099232fb79adcce,True,True,True,625,,0.2312543798177996,0.45454545454545453,0.45454545454545453,0.2727272727272727,1.0,0.3142857142857143,0.3142857142857143
darts,javascript,lexical,format,d053333dec98ede4186650cf4a051fb2b5abd5a5d51816c07af4e73666d74524,True,True,True,625,,0.14114627887082976,0.45454545454545453,0.45454545454545453,0.2727272727272727,1.0,0.3142857142857143,0.3142857142857143
darts,javascript,lexical,rename,8bf044d5cb866ef01e31aedd9233687b843f24fb7113390cf95b6086ab78863a,True,True,True,625,,0.22649279341111875,0.45454545454545453,0.45454545454545453,0.2727272727272727,1.0,0.3142857142857143,0.3142857142857143
darts,javascript,lexical,normalize,4276b988776968b0b0b0ace3c67ac5a444f82cc10c50e7103099232fb79adcce,True,True,True,625,,0.2312543798177996,0.45454545454545453,0.45454545454545453,0.2727272727272727,1.0,0.3142857142857143,0.3142857142857143
darts,javascript,lexical,random_flip,5b87aa2e8990230c9131b1f9da8cdc6b4568bdc265539c7d564fe1a33c84b24d,True,True,True,625,,0.2293259207783183,0.45454545454545453,0.45454545454545453,0.2727272727272727,1.0,0.3142857142857143,0.3142857142857143
darts,javascript,lexical,strip,6475f0ce99037c7a9ceefb35e2911f577b2b488c0b663d681a1b03001552f28c,True,True,True,625,,1.0,1.0,1.0,1.0,1.0,1.0,1.0
darts,javascript,lexical,mixed,a2e8b3daac20c73c62471d14ee0d4125767d2a91a2e56e7d9cf3de841edda0b6,True,True,True,625,,0.2727272727272727,0.5128205128205128,0.5128205128205128,0.32142857142857145,1.0,0.36666666666666664,0.3666666666666667
darts,javascript,structural,carrier_only,5843d87b0c4354e27091097568568febc486cdadfc0ad1480a909a44af2a4365,True,True,True,625,,0.21005728835136855,0.32894736842105265,0.32894736842105265,0.22641509433962265,0.22580645161290322,0.2682926829268293,0.6341463414634146
darts,javascript,structural,format,050bb04abe252e3b9e79c589635372b782e8d9eb1e1511e3980b1daec47e7fab,True,True,True,625,,0.13295729250604352,0.32894736842105265,0.32894736842105265,0.22641509433962265,0.22580645161290322,0.2682926829268293,0.6341463414634146
darts,javascript,structural,rename,5843d87b0c4354e27091097568568febc486cdadfc0ad1480a909a44af2a4365,True,True,True,625,,0.21005728835136855,0.32894736842105265,0.32894736842105265,0.22641509433962265,0.22580645161290322,0.2682926829268293,0.6341463414634146
darts,javascript,structural,normalize,7e396dbc789e421529e98dbee2ed1b82564a569ca107c0e4116cca9d1735db43,True,True,True,625,,0.24246877296105804,0.4098360655737705,0.4098360655737705,0.42857142857142855,0.22580645161290322,1.0,1.0
darts,javascript,structural,random_flip,72a44ff87fafcdc8e9259553b20e891acaca2331840f2fd12ef4d86fc9733ec1,True,True,True,625,,0.2219233355749832,0.35714285714285715,0.35714285714285715,0.27906976744186046,0.22580645161290322,0.3793103448275862,0.6896551724137931
darts,javascript,structural,strip,6475f0ce99037c7a9ceefb35e2911f577b2b488c0b663d681a1b03001552f28c,True,True,True,625,,1.0,1.0,1.0,1.0,1.0,1.0,1.0
darts,javascript,structural,mixed,ac9fb325a01896c5bd11fb3beba6562a91739443d0c54f745365b6b21085f4b0,True,True,True,625,,0.2920353982300885,0.45045045045045046,0.45045045045045046,0.37894736842105264,0.2916666666666667,0.5238095238095238,0.7619047619047619
darts,javascript,hybrid,carrier_only,1b2b4dc10e1260e6ecc9f6c091534e0c375b827f2d175af71a517ad05adb5f9a,True,True,True,625,,0.22132796780684105,0.38461538461538464,0.38461538461538464,0.2517482517482518,0.3684210526315789,0.2972972972972973,0.4864864864864865
darts,javascript,hybrid,format,05f19f4314c319e1dd78af9c286c6621ae39d7a4fdeb2e62376df2efd0af436c,True,True,True,625,,0.13738551207327226,0.38461538461538464,0.38461538461538464,0.2517482517482518,0.3684210526315789,0.2972972972972973,0.4864864864864865
darts,javascript,hybrid,rename,24c9e76e187198bcea6df26970295644596c91f2222e218d11b56a40627ee817,True,True,True,625,,0.21897810218978103,0.38461538461538464,0.38461538461538464,0.2517482517482518,0.3684210526315789,0.2972972972972973,0.4864864864864865
darts,javascript,hybrid,normalize,e1fc3ee0daa7505eb4d9c365a54026fefb17d539b2965b97a1ba21d3ab8986bc,True,True,True,625,,0.23689877961234745,0.43103448275862066,0.43103448275862066,0.3333333333333333,0.3684210526315789,0.4782608695652174,0.4782608695652174
darts,javascript,hybrid,random_flip,3e11e88a3c4b90c91c05415729831f18c8129960adc00131ecc6bfa42f143de7,True,True,True,625,,0.22433718558803534,0.3968253968253968,0.3968253968253968,0.2706766917293233,0.3684210526315789,0.3333333333333333,0.48484848484848486
darts,javascript,hybrid,strip,6475f0ce99037c7a9ceefb35e2911f577b2b488c0b663d681a1b03001552f28c,True,True,True,625,,1.0,1.0,1.0,1.0,1.0,1.0,1.0
darts,javascript,hybrid,mixed,af2c555e23cfe3a6ad15bed467dcde9d24031a1d9d2b1cce470330901bbe2b56,True,True,True,625,,0.28846153846153844,0.47619047619047616,0.47619047619047616,0.33962264150943394,0.4375,0.4074074074074074,0.5555555555555556
armstrong,python,lexical,carrier_only,ac6ef38e073b242b4cd9cc58254a3b0e8619813047b0a0e9907fb21e3c32fb96,True,True,True,10000,,0.19952114924181963,0.5263157894736842,0.5263157894736842,0.33793103448275863,1.0,0.4146341463414634,0.41463414634146334
armstrong,python,lexical,format,f9c44665cad74240dcc5a1e47fd67f74bddae9fb82e0836115fb01566107183d,True,True,True,10000,,0.11425959780621572,0.5263157894736842,0.5263157894736842,0.33793103448275863,1.0,0.4146341463414634,0.41463414634146334
armstrong,python,lexical,rename,1952213b351986ced365db72c21a28787e6c6e2dfb4c7c6e94c9a7b39fba529a,True,True,True,10000,,0.195160031225605,0.5263157894736842,0.5263157894736842,0.33793103448275863,1.0,0.4146341463414634,0.41463414634146334
armstrong,python,lexical,normalize,ac6ef38e073b242b4cd9cc58254a3b0e8619813047b0a0e9907fb21e3c32fb96,True,True,True,10000,,0.19952114924181963,0.5263157894736842,0.5263157894736842,0.33793103448275863,1.0,0.4146341463414634,0.41463414634146334
armstrong,python,lexical,random_flip,c54073e8da0ad60979b13b4592cfafdb749931d031ee8eecc6cf8d91b31caeb8,True,True,True,10000,,0.19825535289452814,0.5263157894736842,0.5263157894736842,0.33793103448275863,1.0,0.4146341463414634,0.41463414634146334
armstrong,python,lexical,strip,b32014b032728103e942b6b7531ca7876f23ea8d955ff541331ff7f7254fb40a,True,True,True,10000,,1.0,1.0,1.0,1.0,1.0,1.0,1.0
armstrong,python,lexical,mixed,57ae7f618f3eb323cf79c65f38b1c89766c93eee6901a0584f23e7a2c549a805,True,True,True,10000,,0.22789425706472197,0.5714285714285714,0.5714285714285714,0.3798449612403101,1.0,0.4594594594594595,0.45945945945945943
armstrong,python,structural,carrier_only,d234e01329840116ace72603c619b8b02f682c9fa60a2a7955279117ef21ff94,True,True,True,10000,,0.148720999405116,0.3669724770642202,0.3669724770642202,0.3006134969325153,0.1111111111111111,0.5483870967741935,0.5483870967741935
armstrong,python,structural,format,13310ab612cafa6e75b0ad519f08cffe97a27c093c97d853462693bd546fcf11,True,True,True,10000,,0.095565749235474,0.3669724770642202,0.3669724770642202,0.3006134969325153,0.1111111111111111,0.5483870967741935,0.5483870967741935
armstrong,python,structural,rename,d234e01329840116ace72603c619b8b02f682c9fa60a2a7955279117ef21ff94,True,True,True,10000,,0.148720999405116,0.3669724770642202,0.3669724770642202,0.3006134969325153,0.1111111111111111,0.5483870967741935,0.5483870967741935
armstrong,python,structural,normalize,19d78c40b6dfbfde83bdc59aa30d1a25f0112b176151c25e479ad07250dde271,True,True,True,10000,,0.15933715742511154,0.45454545454545453,0.45454545454545453,0.4049586776859504,0.1111111111111111,1.0,1.0
armstrong,python,structural,random_flip,8b5c9350efa59079aa9eb5f910a14b6f9206f7e92eb9ed4c742cea5ce3cea8ef,True,True,True,10000,,0.15160703456640387,0.3883495145631068,0.3883495145631068,0.32450331125827814,0.1111111111111111,0.6296296296296297,0.6296296296296297
armstrong,python,structural,strip,b32014b032728103e942b6b7531ca7876f23ea8d955ff541331ff7f7254fb40a,True,True,True,10000,,1.0,1.0,1.0,1.0,1.0,1.0,1.0
armstrong,python,structural,mixed,53d5db77290e20f6524f4d8242b327556dca9f27fb53427c8cc8a5199949f5a9,True,True,True,10000,,0.2168256721595837,0.5228758169934641,0.5228758169934641,0.46226415094339623,0.15789473684210525,0.85,0.85
armstrong,python,hybrid,carrier_only,151a316e13b1b7d4ee6f9b0642847a5902b6003e957daf3343cf9592425eb926,True,True,True,10000,,0.17041581458759372,0.43243243243243246,0.43243243243243246,0.3181818181818182,0.2,0.4722222222222222,0.4722222222222222
armstrong,python,hybrid,format,6aa08d74b55475d737f0753e652dc414e86859a78288fbf8fb464665f9a6ed4b,True,True,True,10000,,0.10407993338884262,0.43243243243243246,0.43243243243243246,0.3181818181818182,0.2,0.4722222222222222,0.4722222222222222
armstrong,python,hybrid,rename,21fa7095de68f9c05c46b5bea510139b74f80a72103a91d9cf8acec5e9a93217,True,True,True,10000,,0.1688048615800135,0.43243243243243246,0.43243243243243246,0.3181818181818182,0.2,0.4722222222222222,0.4722222222222222
armstrong,python,hybrid,normalize,5993aa7809a8120d1d52bd0916015cf48f60210254f0842d8ede9d32453aef5b,True,True,True,10000,,0.1771793054571226,0.4878048780487805,0.4878048780487805,0.3684210526315789,0.2,0.5862068965517241,0.5862068965517241
armstrong,python,hybrid,random_flip,50ae4c28fd6bee8495d7605d7497defdc4493c7e044e376d3e39ac1cea57d3c0,True,True,True,10000,,0.1718213058419244,0.44692737430167595,0.44692737430167595,0.3310810810810811,0.2,0.5,0.5
armstrong,python,hybrid,strip,b32014b032728103e942b6b7531ca7876f23ea8d955ff541331ff7f7254fb40a,True,True,True,10000,,1.0,1.0,1.0,1.0,1.0,1.0,1.0
armstrong,python,hybrid,mixed,7279d25c88f574578a39970eaea51e9302643839f03a5149fa1349786f4c4ecf,True,True,True,10000,,0.20868113522537562,0.5161290322580645,0.5161290322580645,0.392,0.25,0.5666666666666667,0.5666666666666667
armstrong,javascript,lexical,carrier_only,3b2a08c4958176af36a22760d85ba4919eb799126039a62e943abba18ec72e41,True,True,True,10000,,0.22704975473020322,0.47368421052631576,0.47368421052631576,0.26153846153846155,1.0,0.42857142857142855,0.4285714285714286
armstrong,javascript,lexical,format,1f362fd3b53e2c8c5d88cf695e310ac7c1c538942328f8ddb6479cc6234861c6,True,True,True,10000,,0.13857998289136014,0.47368421052631576,0.47368421052631576,0.26153846153846155,1.0,0.42857142857142855,0.4285714285714286
armstrong,javascript,lexical,rename,28bad2f65b39c8ccaa08aaa9e719d738e7cc4b30f741c5957374109776305c8b,True,True,True,10000,,0.22329427980702962,0.47368421052631576,0.47368421052631576,0.26153846153846155,1.0,0.42857142857142855,0.4285714285714286
armstrong,javascript,lexical,normalize,3b2a08c4958176af36a22760d85ba4919eb799126039a62e943abba18ec72e41,True,True,True,10000,,0.22704975473020322,0.47368421052631576,0.47368421052631576,0.26153846153846155,1.0,0.42857142857142855,0.4285714285714286
armstrong,javascript,lexical,random_flip,50cfe90dabcb2da87497e2b45633e47c03bdf6e90a2649ca7c97d701127e1105,True,True,True,10000,,0.22704975473020322,0.47368421052631576,0.47368421052631576,0.26153846153846155,1.0,0.42857142857142855,0.4285714285714286
armstrong,javascript,lexical,strip,940ff9b20765ff8abfa0f907c24612cb648981d121427a521fc1dcebcba053bf,True,True,True,10000,,1.0,1.0,1.0,1.0,1.0,1.0,1.0
armstrong,javascript,lexical,mixed,166b1b0672b8dadaad12caea8de50ed961a91e9b83458e92d193f8f5b24729eb,True,True,True,10000,,0.26865671641791045,0.5320197044334976,0.5320197044334976,0.3090909090909091,1.0,0.4864864864864865,0.4864864864864865
armstrong,javascript,structural,carrier_only,c11ef8ecb82db929ae31ce70c8b5376ad7bc81861f743ca15215a593a41d62c7,True,True,True,10000,,0.21273801707156928,0.36,0.36,0.23943661971830985,0.04,0.42857142857142855,0.7142857142857143
armstrong,javascript,structural,format,59939f2e276b738ca8525fb74ce5bbe939badb2ae8fee452b30ca69bb99b874f,True,True,True,10000,,0.13311421528348397,0.36,0.36,0.23943661971830985,0.04,0.42857142857142855,0.7142857142857143
armstrong,javascript,structural,rename,c11ef8ecb82db929ae31ce70c8b5376ad7bc81861f743ca15215a593a41d62c7,True,True,True,10000,,0.21273801707156928,0.36,0.36,0.23943661971830985,0.04,0.42857142857142855,0.7142857142857143
armstrong,javascript,structural,normalize,d2a45ad2fcc71e54c649139eb71faf21733b410fd0d0b7b30d4c7eb6698912f4,True,True,True,10000,,0.23911439114391145,0.42857142857142855,0.42857142857142855,0.4146341463414634,0.04,1.0,1.0
armstrong,javascript,structural,random_flip,c3699edbda45766e8895664243787769eaa81050e8aa58c2cb0c2af2a3fe0722,True,True,True,10000,,0.21273801707156928,0.36,0.36,0.23943661971830985,0.04,0.42857142857142855,0.7142857142857143
armstrong,javascript,structural,strip,940ff9b20765ff8abfa0f907c24612cb648981d121427a521fc1dcebcba053bf,True,True,True,10000,,1.0,1.0,1.0,1.0,1.0,1.0,1.0
armstrong,javascript,structural,mixed,c24e6e43135dc3871da76550faffd93f8d65a7c8a68d635a4622e424835a2dae,True,True,True,10000,,0.28825622775800713,0.46956521739130436,0.46956521739130436,0.3655913978494624,0.05555555555555555,0.6428571428571429,0.8214285714285714
armstrong,javascript,hybrid,carrier_only,4fa766b620d21b65c3f082a12d7f573cd28359f779d305392d9a07a402245487,True,True,True,10000,,0.21966101694915255,0.4090909090909091,0.4090909090909091,0.25,0.07692307692307693,0.42857142857142855,0.5714285714285715
armstrong,javascript,hybrid,format,06f1435ed34107f6169bfc65350407e8428d29b0d4b6da925915483fd5562980,True,True,True,10000,,0.1357921207041073,0.4090909090909091,0.4090909090909091,0.25,0.07692307692307693,0.42857142857142855,0.5714285714285715
armstrong,javascript,hybrid,rename,aeaec19ae8d402321ab7b33b6fa9d319a2de78f60bd021e43305ae0803de66c5,True,True,True,10000,,0.2178883658372562,0.4090909090909091,0.4090909090909091,0.25,0.07692307692307693,0.42857142857142855,0.5714285714285715
armstrong,javascript,hybrid,normalize,90dad6e234e23f7887eae2a0076da6ee7322c262d008e89742e5ffcac47f5915,True,True,True,10000,,0.23292595255212079,0.45,0.45,0.32075471698113206,0.07692307692307693,0.6,0.6000000000000001
armstrong,javascript,hybrid,random_flip,05b45e6abe9d7c80348910cdf1e7da6c27638ad20daa6d02f46b20da18746105,True,True,True,10000,,0.21966101694915255,0.4090909090909091,0.4090909090909091,0.25,0.07692307692307693,0.42857142857142855,0.5714285714285715
armstrong,javascript,hybrid,strip,940ff9b20765ff8abfa0f907c24612cb648981d121427a521fc1dcebcba053bf,True,True,True,10000,,1.0,1.0,1.0,1.0,1.0,1.0,1.0
armstrong,javascript,hybrid,mixed,004c9747689ef66333a006885993227d0288144c8e8f80a66cb074273c1e1538,True,True,True,10000,,0.2660098522167488,0.48214285714285715,0.48214285714285715,0.3177570093457944,0.1,0.5294117647058824,0.6176470588235294
nucleotide_count,python,lexical,carrier_only,c6cc7cbb6174450702d3d3ed7194e0731b6a48cd780d9b3c35b0cb93a7a613de,True,True,True,1365,,0.12706701479547433,0.3684210526315789,0.3684210526315789,0.16521739130434782,1.0,0.25,0.25
nucleotide_count,python,lexical,format,83f36d3a99e9a6ad84064b789f45d9d9752c0b6369ec2f0c7e7db3014e496fa9,True,True,True,1365,,0.07005758157389635,0.3684210526315789,0.3684210526315789,0.16521739130434782,1.0,0.25,0.25
nucleotide_count,python,lexical,rename,61871d48fc50fc7328017738fffbeac9378ba6dfee858576fd267064fb2f0990,True,True,True,1365,,0.12404418011894647,0.3684210526315789,0.3684210526315789,0.16521739130434782,1.0,0.25,0.25
nucleotide_count,python,lexical,normalize,c6cc7cbb6174450702d3d3ed7194e0731b6a48cd780d9b3c35b0cb93a7a613de,True,True,True,1365,,0.12706701479547433,0.3684210526315789,0.3684210526315789,0.16521739130434782,1.0,0.25,0.25
nucleotide_count,python,lexical,random_flip,26b51058b4c89733d7831b4e80fd357624b5ba0e092dcbacb399a3c17aff270a,True,True,True,1365,,0.12618841832324978,0.3684210526315789,0.3684210526315789,0.16521739130434782,1.0,0.25,0.25
nucleotide_count,python,lexical,strip,b96760f9e4f721abe9b927796c49b062452de7e3a804925d6621d8b2d9bdf6ec,True,True,True,1365,,1.0,1.0,1.0,1.0,1.0,1.0,1.0
nucleotide_count,python,lexical,mixed,103fd19d749b9f66488d356ee8e58cae324fa602e51e27ffd36508c261533d5f,True,True,True,1365,,0.17739975698663427,0.4666666666666667,0.4666666666666667,0.2289156626506024,1.0,0.3333333333333333,0.33333333333333337
nucleotide_count,python,structural,carrier_only,8b2c25b51811f264a45ae3da0a64064e4385aa539f37092fa0496b8a90877937,True,True,True,1365,,0.09258084971464807,0.23333333333333334,0.23333333333333334,0.14285714285714285,0.07692307692307693,0.36363636363636365,0.36363636363636365
nucleotide_count,python,structural,format,d96280a042334cd046bcfecdbe65d1816a5285e8df691c2350b3044dfe9c1757,True,True,True,1365,,0.058121019108280256,0.23333333333333334,0.23333333333333334,0.14285714285714285,0.07692307692307693,0.36363636363636365,0.36363636363636365
nucleotide_count,python,structural,rename,8b2c25b51811f264a45ae3da0a64064e4385aa539f37092fa0496b8a90877937,True,True,True,1365,,0.09258084971464807,0.23333333333333334,0.23333333333333334,0.14285714285714285,0.07692307692307693,0.36363636363636365,0.36363636363636365
nucleotide_count,python,structural,normalize,eb42937397f9e888c393c799e8e7b0eb323b33f1a9d4114b0bb02d1b2ee3d7c5,True,True,True,1365,,0.09965870307167235,0.30434782608695654,0.30434782608695654,0.2087912087912088,0.07692307692307693,1.0,1.0
nucleotide_count,python,structural,random_flip,12a140de727da04b4d4785e3b42728f9fe77f39ea27e55efcbfc26145c38d591,True,True,True,1365,,0.09449838187702266,0.25,0.25,0.15702479338842976,0.07692307692307693,0.4444444444444444,0.4444444444444444
nucleotide_count,python,structural,strip,b96760f9e4f721abe9b927796c49b062452de7e3a804925d6621d8b2d9bdf6ec,True,True,True,1365,,1.0,1.0,1.0,1.0,1.0,1.0,1.0
nucleotide_count,python,structural,mixed,82a08f98ef3e84a0ff8e46c85bbda53f97cce1db4faa2826c14936ba036ae428,True,True,True,1365,,0.10895522388059702,0.2978723404255319,0.2978723404255319,0.1958762886597938,0.08695652173913043,0.6153846153846154,0.6153846153846154
nucleotide_count,python,hybrid,carrier_only,68b86fa315a9c8cc2f29deb2a7c895b5a6478a322f7f89b4e263fbd5ee7a350a,True,True,True,1365,,0.10633648943918426,0.28,0.28,0.14960629921259844,0.14285714285714285,0.2857142857142857,0.2857142857142857
nucleotide_count,python,hybrid,format,8ed67a87cb7661ed7ed966abf63ada6a01fd6a63e4de4258b65947a946ac0c52,True,True,True,1365,,0.0632582322357019,0.28,0.28,0.14960629921259844,0.14285714285714285,0.2857142857142857,0.2857142857142857
nucleotide_count,python,hybrid,rename,ad3bb767b78ccd4da44accaa0710dfbf84ab3ebf1d9bb90fb07a80e08e5db938,True,True,True,1365,,0.10541516245487365,0.28,0.28,0.14960629921259844,0.14285714285714285,0.2857142857142857,0.2857142857142857
nucleotide_count,python,hybrid,normalize,b35a453f7ccd8ab3be12256c5e87caa4c2eddbd122362da210d8c342952cc461,True,True,True,1365,,0.11153552330022919,0.3333333333333333,0.3333333333333333,0.18446601941747573,0.14285714285714285,0.4,0.4
nucleotide_count,python,hybrid,random_flip,006b7f95817d245efcd0c33bc4a8b5122e6c8031d85621876297929e208768fb,True,True,True,1365,,0.10887397464578673,0.30434782608695654,0.30434782608695654,0.16521739130434782,0.14285714285714285,0.3333333333333333,0.33333333333333337
nucleotide_count,python,hybrid,strip,b96760f9e4f721abe9b927796c49b062452de7e3a804925d6621d8b2d9bdf6ec,True,True,True,1365,,1.0,1.0,1.0,1.0,1.0,1.0,1.0
nucleotide_count,python,hybrid,mixed,bae24759366d5d0019f7b6c46c2ff771d4ba0877921122eebdbd9421247d12e8,True,True,True,1365,,0.12207357859531773,0.33070866141732286,0.33070866141732286,0.18095238095238095,0.16666666666666666,0.34782608695652173,0.34782608695652173
nucleotide_count,javascript,lexical,carrier_only,577f0a7960d845490b68a5ee356e8973a485e0c9f57dbee543a9506d8633f86a,True,True,True,1365,,0.17475728155339806,0.4339622641509434,0.4339622641509434,0.2440944881889764,1.0,0.35135135135135137,0.3513513513513513
nucleotide_count,javascript,lexical,format,1c2ba62ae64dc7ff459a3d321968eba89ffb5b48ed522bad5f57b7121be18ebf,True,True,True,1365,,0.104,0.4339622641509434,0.4339622641509434,0.2440944881889764,1.0,0.35135135135135137,0.3513513513513513
nucleotide_count,javascript,lexical,rename,8173d44389778b48dabb73e17a81cb20a1d3a6e46712cd38deaf3b24c94e1ae0,True,True,True,1365,,0.1719324026451139,0.4339622641509434,0.4339622641509434,0.2440944881889764,1.0,0.35135135135135137,0.3513513513513513
nucleotide_count,javascript,lexical,normalize,577f0a7960d845490b68a5ee356e8973a485e0c9f57dbee543a9506d8633f86a,True,True,True,1365,,0.17475728155339806,0.4339622641509434,0.4339622641509434,0.2440944881889764,1.0,0.35135135135135137,0.3513513513513513
nucleotide_count,javascript,lexical,random_flip,eed732afb97969083235f7015fae38af545174b1c2fa1be8bebf60711e2633de,True,True,True,1365,,0.1752808988764045,0.4339622641509434,0.4339622641509434,0.2440944881889764,1.0,0.35135135135135137,0.3513513513513513
nucleotide_count,javascript,lexical,strip,660799d4c0b2fe2d3e07ad3ced526c60a99b90756e688fd59b842af2a9834024,True,True,True,1365,,1.0,1.0,1.0,1.0,1.0,1.0,1.0
nucleotide_count,javascript,lexical,mixed,f930fa2c76f6ae0fe2ec2bd5fb27be617da90315b70f46caf4081f9878fd9d29,True,True,True,1365,,0.20967741935483872,0.4919786096256685,0.4919786096256685,0.2897196261682243,1.0,0.40625,0.40625
nucleotide_count,javascript,structural,carrier_only,8ef93bb132cc84d9809e976a6af9cd1f0a43c73ff091346bc64aa76d404f1493,True,True,True,1365,,0.1649048625792812,0.32857142857142857,0.32857142857142857,0.23134328358208955,0.07692307692307693,0.37142857142857144,0.6857142857142857
nucleotide_count,javascript,structural,format,4b07119357cf8ff4f5943afc97b6d58102cddee349a8773f8739d01a03a32fbf,True,True,True,1365,,0.10042918454935622,0.32857142857142857,0.32857142857142857,0.23134328358208955,0.07692307692307693,0.37142857142857144,0.6857142857142857
nucleotide_count,javascript,structural,rename,8ef93bb132cc84d9809e976a6af9cd1f0a43c73ff091346bc64aa76d404f1493,True,True,True,1365,,0.1649048625792812,0.32857142857142857,0.32857142857142857,0.23134328358208955,0.07692307692307693,0.37142857142857144,0.6857142857142857
nucleotide_count,javascript,structural,normalize,e5a4b7e6e7a38fbf5048d52224cda9c72db98f201034bd5fd7d223c66801e4dd,True,True,True,1365,,0.18498023715415018,0.3898305084745763,0.3898305084745763,0.3924050632911392,0.07692307692307693,1.0,1.0
nucleotide_count,javascript,structural,random_flip,7fd4974110449fbed3af3fa4d973f08f39339a7465cbfd95be3facc85ed904be,True,True,True,1365,,0.16171389080856946,0.3194444444444444,0.3194444444444444,0.2152777777777778,0.07692307692307693,0.3333333333333333,0.6666666666666667
nucleotide_count,javascript,structural,strip,660799d4c0b2fe2d3e07ad3ced526c60a99b90756e688fd59b842af2a9834024,True,True,True,1365,,1.0,1.0,1.0,1.0,1.0,1.0,1.0
nucleotide_count,javascript,structural,mixed,fffe13c64bde18c5b123006c84332a5ca0723660f6aab66dab5cd0909de8c4a2,True,True,True,1365,,0.23283582089552238,0.4339622641509434,0.4339622641509434,0.3333333333333333,0.1111111111111111,0.52,0.76
nucleotide_count,javascript,hybrid,carrier_only,d71f30690a7477a1642754e7e07fb81bb33956a4c5c3ce00688384ab8f5c8bfe,True,True,True,1365,,0.17067833698030635,0.3770491803278688,0.3770491803278688,0.2421875,0.14285714285714285,0.37142857142857144,0.5142857142857142
nucleotide_count,javascript,hybrid,format,43502fb98a02e52a7a0bab644572af9da5e5b7d95151f02d8eff00af2dcccb92,True,True,True,1365,,0.10254163014899212,0.3770491803278688,0.3770491803278688,0.2421875,0.14285714285714285,0.37142857142857144,0.5142857142857142
nucleotide_count,javascript,hybrid,rename,686ca01039dd7c01e51a0cc2a357788d317e5f5fba9a1b8fe77b0085fff6cb08,True,True,True,1365,,0.16919739696312364,0.3770491803278688,0.3770491803278688,0.2421875,0.14285714285714285,0.37142857142857144,0.5142857142857142
nucleotide_count,javascript,hybrid,normalize,a662f96f7a9de93c374c9b1b170e9cbc6eabded3f10531889ca2a57639448fdb,True,True,True,1365,,0.17986164488854728,0.4107142857142857,0.4107142857142857,0.30097087378640774,0.14285714285714285,0.52,0.52
nucleotide_count,javascript,hybrid,random_flip,52d5a9cf9298f26d13a36499235d3251156163cd4786d73c235f5f88e037ddb5,True,True,True,1365,,0.16726233023588277,0.36507936507936506,0.36507936507936506,0.2246376811594203,0.14285714285714285,0.3333333333333333,0.5128205128205128
nucleotide_count,javascript,hybrid,strip,660799d4c0b2fe2d3e07ad3ced526c60a99b90756e688fd59b842af2a9834024,True,True,True,1365,,1.0,1.0,1.0,1.0,1.0,1.0,1.0
nucleotide_count,javascript,hybrid,mixed,ef29183e4a1b7aea231eff83615080bdfc7cceed61e9a81b3e91a544c9a26f43,True,True,True,1365,,0.18266978922716628,0.39316239316239315,0.39316239316239315,0.25833333333333336,0.14285714285714285,0.3939393939393939,0.5454545454545454
reverse_text,python,lexical,carrier_only,f84a0921327dbd5abde385af27c2fb954ad92809efcc895aeb31cae3ee7988f5,True,True,True,1093,,0.07386888273314866,0.28,0.28,0.11926605504587157,1.0,0.1111111111111111,0.11111111111111116
reverse_text,python,lexical,format,c569162227f12bedce0ce21e01d283eaf217e2d0deafe6f3c538b4c3a0d3b7dd,True,True,True,1093,,0.03964321110009911,0.28,0.28,0.11926605504587157,1.0,0.1111111111111111,0.11111111111111116
reverse_text,python,lexical,rename,0dda60127aae1489279e68e8caefa60289f1d457b1df701364b8a1919ce383c8,True,True,True,1093,,0.07200720072007201,0.28,0.28,0.11926605504587157,1.0,0.1111111111111111,0.11111111111111116
reverse_text,python,lexical,normalize,f84a0921327dbd5abde385af27c2fb954ad92809efcc895aeb31cae3ee7988f5,True,True,True,1093,,0.07386888273314866,0.28,0.28,0.11926605504587157,1.0,0.1111111111111111,0.11111111111111116
reverse_text,python,lexical,random_flip,736584ba905e6221c04d953195e276587d5a236a6721341e137ca62d062c9412,True,True,True,1093,,0.07332722273143905,0.28,0.28,0.11926605504587157,1.0,0.1111111111111111,0.11111111111111116
reverse_text,python,lexical,strip,5786610beba032e68c402d7141c77b2e6717be89873fb6ae2301bef4729574ca,True,True,True,1093,,1.0,1.0,1.0,1.0,1.0,1.0,1.0
reverse_text,python,lexical,mixed,02ed02ff6cca6bcab849d785ce6d14e7603c94a165138929e41399cce1e3158d,True,True,True,1093,,0.09489916963226572,0.34146341463414637,0.34146341463414637,0.15294117647058825,1.0,0.14285714285714285,0.1428571428571428
reverse_text,python,structural,carrier_only,96ed2a40eb812a082c8ee8494faca2246ff989586b746938050223bc82372a80,True,True,True,1093,,0.05294506949040371,0.1686746987951807,0.1686746987951807,0.10236220472440945,0.04,0.17647058823529413,0.17647058823529416
reverse_text,python,structural,format,62aba5fd024e5684ca79c3235c4938e1b3fa671e6c78c3dc019f1dc6031c06c9,True,True,True,1093,,0.032706459525756335,0.1686746987951807,0.1686746987951807,0.10236220472440945,0.04,0.17647058823529413,0.17647058823529416
reverse_text,python,structural,rename,96ed2a40eb812a082c8ee8494faca2246ff989586b746938050223bc82372a80,True,True,True,1093,,0.05294506949040371,0.1686746987951807,0.1686746987951807,0.10236220472440945,0.04,0.17647058823529413,0.17647058823529416
reverse_text,python,structural,normalize,0616f76f22783238f6c5d2311958a0a6c2c838cdee8bcaa61249485e21d1cc67,True,True,True,1093,,0.057183702644746245,0.22580645161290322,0.22580645161290322,0.15294117647058825,0.04,1.0,1.0
reverse_text,python,structural,random_flip,ce976d3bc609f0196cd325636316005dbb7ace4db8aeefdd9fa8f3aa06b12a24,True,True,True,1093,,0.054090601757944556,0.18181818181818182,0.18181818181818182,0.11304347826086956,0.04,0.23076923076923078,0.23076923076923084
reverse_text,python,structural,strip,5786610beba032e68c402d7141c77b2e6717be89873fb6ae2301bef4729574ca,True,True,True,1093,,1.0,1.0,1.0,1.0,1.0,1.0,1.0
reverse_text,python,structural,mixed,0673aa1b186feaf62ba7deee882d38a287faf2d417398101fe3f6d5032f19ad5,True,True,True,1093,,0.08072653884964683,0.2692307692307692,0.2692307692307692,0.1780821917808219,0.058823529411764705,0.42857142857142855,0.4285714285714286
reverse_text,python,hybrid,carrier_only,f07241e142f4128a62a43f0348e8e0f18454e26247e22a972d7e1f0976bb7f43,True,True,True,1093,,0.06264682850430697,0.2204724409448819,0.2204724409448819,0.11607142857142858,0.07692307692307693,0.15,0.15000000000000002
reverse_text,python,hybrid,format,41560bff558f7df87883e75bf4681b598c9ad683ba97b030dfc640bce60dc605,True,True,True,1093,,0.03616636528028933,0.2204724409448819,0.2204724409448819,0.11607142857142858,0.07692307692307693,0.15,0.15000000000000002
reverse_text,python,hybrid,rename,8f7e970d27eea11b70ae44463727be8ea275c6c751ead6dbc3ce638c6a4d0f87,True,True,True,1093,,0.06177606177606178,0.2204724409448819,0.2204724409448819,0.11607142857142858,0.07692307692307693,0.15,0.15000000000000002
reverse_text,python,hybrid,normalize,64aa70549df1e3e909e914e09da855b9327016bbd4801716d3b49e62721a9807,True,True,True,1093,,0.0646725949878739,0.25,0.25,0.13402061855670103,0.07692307692307693,0.2,0.19999999999999996
reverse_text,python,hybrid,random_flip,e215070873c8a8ba81819dc952dac10fbd9fc251149a10492a0dead22f5b4843,True,True,True,1093,,0.06130268199233716,0.21052631578947367,0.21052631578947367,0.11016949152542373,0.07692307692307693,0.13636363636363635,0.13636363636363635
reverse_text,python,hybrid,strip,5786610beba032e68c402d7141c77b2e6717be89873fb6ae2301bef4729574ca,True,True,True,1093,,1.0,1.0,1.0,1.0,1.0,1.0,1.0
reverse_text,python,hybrid,mixed,694ed84008e33038aadc5c0ca831d303a2e70c00ec618b210361df2266382fef,True,True,True,1093,,0.09060022650056625,0.3010752688172043,0.3010752688172043,0.16666666666666666,0.1111111111111111,0.21428571428571427,0.2142857142857143
reverse_text,javascript,lexical,carrier_only,2861e6079bb59eee4943e9f69b21145a8b076ba50b4bd5e40419bfe7508b7f53,True,True,True,1093,,0.10594947025264874,0.27710843373493976,0.27710843373493976,0.11926605504587157,1.0,0.1724137931034483,0.1724137931034483
reverse_text,javascript,lexical,format,2ee0ccb9e904f428f9ff0e4fd99bfee4bdb93e6e4fd598f14290df322bf15dc7,True,True,True,1093,,0.0608044901777362,0.27710843373493976,0.27710843373493976,0.11926605504587157,1.0,0.1724137931034483,0.1724137931034483
reverse_text,javascript,lexical,rename,026e3cfdfae0adfad2511aa4ffed28dd9858022e34218af545f2271f7adb5b77,True,True,True,1093,,0.10342084327764518,0.27710843373493976,0.27710843373493976,0.11926605504587157,1.0,0.1724137931034483,0.1724137931034483
reverse_text,javascript,lexical,normalize,2861e6079bb59eee4943e9f69b21145a8b076ba50b4bd5e40419bfe7508b7f53,True,True,True,1093,,0.10594947025264874,0.27710843373493976,0.27710843373493976,0.11926605504587157,1.0,0.1724137931034483,0.1724137931034483
reverse_text,javascript,lexical,random_flip,a2b73efd759e332daf382ae179f4387583e49a7ce555ad2e343120bdcf357219,True,True,True,1093,,0.10492332526230831,0.27710843373493976,0.27710843373493976,0.11926605504587157,1.0,0.1724137931034483,0.1724137931034483
reverse_text,javascript,lexical,strip,877427a4705590b55212e20c20eb2e8ebc9af2ce8521f3756d70a696e63cf8be,True,True,True,1093,,1.0,1.0,1.0,1.0,1.0,1.0,1.0
reverse_text,javascript,lexical,mixed,9fc0cb6c3739731d4a19510ff2fa16db329257d61ab16a22c86c9345b291bd45,True,True,True,1093,,0.12845849802371542,0.3262411347517731,0.3262411347517731,0.14606741573033707,1.0,0.20833333333333334,0.20833333333333337
reverse_text,javascript,structural,carrier_only,97860b10a6dd289aa21c87789413f1baae6478957a3d9996ef2f1317ae6581ec,True,True,True,1093,,0.09482129832239242,0.184,0.184,0.09558823529411764,0.04,0.14285714285714285,0.5714285714285714
reverse_text,javascript,structural,format,9585f63dc3bc8630d909018f66e74ce4aa10e8a70c889e18943611a615d5757b,True,True,True,1093,,0.05696757230499562,0.184,0.184,0.09558823529411764,0.04,0.14285714285714285,0.5714285714285714
reverse_text,javascript,structural,rename,97860b10a6dd289aa21c87789413f1baae6478957a3d9996ef2f1317ae6581ec,True,True,True,1093,,0.09482129832239242,0.184,0.184,0.09558823529411764,0.04,0.14285714285714285,0.5714285714285714
reverse_text,javascript,structural,normalize,36a0aa185ec61e689f8f9dbb36a495e7ef42a197d3111f58974a0ee430d48fc3,True,True,True,1093,,0.1119724375538329,0.24210526315789474,0.24210526315789474,0.21311475409836064,0.04,1.0,1.0
reverse_text,javascript,structural,random_flip,4b04a065e738c30c9754041f8a6869de86a685d096518fe1dcd72a7c0ba2ffdc,True,True,True,1093,,0.10101010101010101,0.20353982300884957,0.20353982300884957,0.12264150943396226,0.04,0.21739130434782608,0.6086956521739131
reverse_text,javascript,structural,strip,877427a4705590b55212e20c20eb2e8ebc9af2ce8521f3756d70a696e63cf8be,True,True,True,1093,,1.0,1.0,1.0,1.0,1.0,1.0,1.0
reverse_text,javascript,structural,mixed,a922288fcefb02bca30a4ecba4ec61e9faf9a2c7b89ad8420ea9109c7cd34f33,True,True,True,1093,,0.13756613756613756,0.27710843373493976,0.27710843373493976,0.203125,0.05263157894736842,0.45454545454545453,0.7272727272727273
reverse_text,javascript,hybrid,carrier_only,8c91034492b0013d191037f645daee2cae4eac16a90c0ca01ee174c311f56a36,True,True,True,1093,,0.10196078431372549,0.22772277227722773,0.22772277227722773,0.11304347826086956,0.07692307692307693,0.1724137931034483,0.3793103448275862
reverse_text,javascript,hybrid,format,bab69f74de19a300ba10a6ac0e02d46a1dffc04fd9df8e68445bd782c2b9c189,True,True,True,1093,,0.059469350411710885,0.22772277227722773,0.22772277227722773,0.11304347826086956,0.07692307692307693,0.1724137931034483,0.3793103448275862
reverse_text,javascript,hybrid,rename,adc0e9513db4f263ab0741f1ae768e8b7b31bd07a08a5c349464adc384e36855,True,True,True,1093,,0.10054137664346481,0.22772277227722773,0.22772277227722773,0.11304347826086956,0.07692307692307693,0.1724137931034483,0.3793103448275862
reverse_text,javascript,hybrid,normalize,c6bc9b98fc510efd0cefe9be42f513eec253a470bd5713b6a48cade20426c31b,True,True,True,1093,,0.109151973131822,0.25842696629213485,0.25842696629213485,0.15294117647058825,0.07692307692307693,0.29411764705882354,0.2941176470588236
reverse_text,javascript,hybrid,random_flip,811075a7525d9a5f19f976b59811241643eef825c182ae47e76dd8a91b69247d,True,True,True,1093,,0.10101010101010101,0.22772277227722773,0.22772277227722773,0.11304347826086956,0.07692307692307693,0.1724137931034483,0.3793103448275862
reverse_text,javascript,hybrid,strip,877427a4705590b55212e20c20eb2e8ebc9af2ce8521f3756d70a696e63cf8be,True,True,True,1093,,1.0,1.0,1.0,1.0,1.0,1.0,1.0
reverse_text,javascript,hybrid,mixed,1b51f133658e86c3351c1408b86fc9e3dcd5556761ff53d56d996915eecdcaec,True,True,True,1093,,0.1309164149043303,0.2857142857142857,0.2857142857142857,0.14942528735632185,0.1,0.22727272727272727,0.40909090909090917
